-- --------------------------------------------------------
-- Host:                         127.0.0.1
-- Server version:               5.7.30-log - MySQL Community Server (GPL)
-- Server OS:                    Win64
-- HeidiSQL Version:             11.0.0.5919
-- --------------------------------------------------------

/*!40101 SET @OLD_CHARACTER_SET_CLIENT=@@CHARACTER_SET_CLIENT */;
/*!40101 SET NAMES utf8 */;
/*!50503 SET NAMES utf8mb4 */;
/*!40014 SET @OLD_FOREIGN_KEY_CHECKS=@@FOREIGN_KEY_CHECKS, FOREIGN_KEY_CHECKS=0 */;
/*!40101 SET @OLD_SQL_MODE=@@SQL_MODE, SQL_MODE='NO_AUTO_VALUE_ON_ZERO' */;


-- Dumping database structure for eqa
CREATE DATABASE IF NOT EXISTS `eqa` /*!40100 DEFAULT CHARACTER SET utf8 */;
USE `eqa`;

-- Dumping structure for table eqa.oauth_access_token
CREATE TABLE IF NOT EXISTS `oauth_access_token` (
  `token_id` varchar(255) DEFAULT NULL,
  `token` mediumblob,
  `authentication_id` varchar(255) NOT NULL,
  `user_name` varchar(255) DEFAULT NULL,
  `client_id` varchar(255) DEFAULT NULL,
  `authentication` mediumblob,
  `refresh_token` varchar(255) DEFAULT NULL,
  PRIMARY KEY (`authentication_id`)
) ENGINE=InnoDB DEFAULT CHARSET=utf8;

-- Dumping data for table eqa.oauth_access_token: ~1 rows (approximately)
/*!40000 ALTER TABLE `oauth_access_token` DISABLE KEYS */;
INSERT INTO `oauth_access_token` (`token_id`, `token`, `authentication_id`, `user_name`, `client_id`, `authentication`, `refresh_token`) VALUES
	('bde49f410da8a7d15c7c43bd5a7e5302', _binary 0xACED0005737200436F72672E737072696E676672616D65776F726B2E73656375726974792E6F61757468322E636F6D6D6F6E2E44656661756C744F4175746832416363657373546F6B656E0CB29E361B24FACE0200064C00156164646974696F6E616C496E666F726D6174696F6E74000F4C6A6176612F7574696C2F4D61703B4C000A65787069726174696F6E7400104C6A6176612F7574696C2F446174653B4C000C72656672657368546F6B656E74003F4C6F72672F737072696E676672616D65776F726B2F73656375726974792F6F61757468322F636F6D6D6F6E2F4F417574683252656672657368546F6B656E3B4C000573636F706574000F4C6A6176612F7574696C2F5365743B4C0009746F6B656E547970657400124C6A6176612F6C616E672F537472696E673B4C000576616C756571007E00057870737200176A6176612E7574696C2E4C696E6B6564486173684D617034C04E5C106CC0FB0200015A000B6163636573734F72646572787200116A6176612E7574696C2E486173684D61700507DAC1C31660D103000246000A6C6F6164466163746F724900097468726573686F6C6478703F4000000000000C7708000000100000000174000C6F7267616E697A6174696F6E74000961646D696E4A4D466878007372000E6A6176612E7574696C2E44617465686A81014B5974190300007870770800000173F2C48D08787372004C6F72672E737072696E676672616D65776F726B2E73656375726974792E6F61757468322E636F6D6D6F6E2E44656661756C744578706972696E674F417574683252656672657368546F6B656E2FDF47639DD0C9B70200014C000A65787069726174696F6E71007E0002787200446F72672E737072696E676672616D65776F726B2E73656375726974792E6F61757468322E636F6D6D6F6E2E44656661756C744F417574683252656672657368546F6B656E73E10E0A6354D45E0200014C000576616C756571007E0005787074002466353161376165322D616662372D343661652D616664622D6430633337323765336263337371007E000C770800000173F2C48D0378737200256A6176612E7574696C2E436F6C6C656374696F6E7324556E6D6F6469666961626C65536574801D92D18F9B80550200007872002C6A6176612E7574696C2E436F6C6C656374696F6E7324556E6D6F6469666961626C65436F6C6C656374696F6E19420080CB5EF71E0200014C0001637400164C6A6176612F7574696C2F436F6C6C656374696F6E3B7870737200176A6176612E7574696C2E4C696E6B656448617368536574D86CD75A95DD2A1E020000787200116A6176612E7574696C2E48617368536574BA44859596B8B7340300007870770C000000043F4000000000000374000472656164740005777269746574000664656C6574657874000662656172657274002431303136333832302D306432332D343732302D616532352D316164626135346165383732, '1ed26509805cb0c5e26ddf7e54eab968', 'admin', 'core_client', _binary 0xACED0005737200416F72672E737072696E676672616D65776F726B2E73656375726974792E6F61757468322E70726F76696465722E4F417574683241757468656E7469636174696F6EBD400B02166252130200024C000D73746F7265645265717565737474003C4C6F72672F737072696E676672616D65776F726B2F73656375726974792F6F61757468322F70726F76696465722F4F4175746832526571756573743B4C00127573657241757468656E7469636174696F6E7400324C6F72672F737072696E676672616D65776F726B2F73656375726974792F636F72652F41757468656E7469636174696F6E3B787200476F72672E737072696E676672616D65776F726B2E73656375726974792E61757468656E7469636174696F6E2E416273747261637441757468656E7469636174696F6E546F6B656ED3AA287E6E47640E0200035A000D61757468656E746963617465644C000B617574686F7269746965737400164C6A6176612F7574696C2F436F6C6C656374696F6E3B4C000764657461696C737400124C6A6176612F6C616E672F4F626A6563743B787000737200266A6176612E7574696C2E436F6C6C656374696F6E7324556E6D6F6469666961626C654C697374FC0F2531B5EC8E100200014C00046C6973747400104C6A6176612F7574696C2F4C6973743B7872002C6A6176612E7574696C2E436F6C6C656374696F6E7324556E6D6F6469666961626C65436F6C6C656374696F6E19420080CB5EF71E0200014C00016371007E00047870737200136A6176612E7574696C2E41727261794C6973747881D21D99C7619D03000149000473697A6578700000000277040000000273720020636F6D2E676C6F626974732E73656375726974792E646F6D61696E2E526F6C6557AEBA369D591F0F0200034C000B6465736372697074696F6E7400124C6A6176612F6C616E672F537472696E673B4C000269647400104C6A6176612F6C616E672F4C6F6E673B4C00046E616D6571007E000E78720029636F6D2E676C6F626974732E636F72652E6175646974696E672E417564697461626C65456E746974793F485AC6CAF26D940200044C000A6372656174654461746574001D4C6F72672F6A6F64612F74696D652F4C6F63616C4461746554696D653B4C000963726561746564427971007E000E4C000A6D6F646966696564427971007E000E4C000A6D6F646966794461746571007E0011787070707070707372000E6A6176612E6C616E672E4C6F6E673B8BE490CC8F23DF0200014A000576616C7565787200106A6176612E6C616E672E4E756D62657286AC951D0B94E08B0200007870000000000000000174000A524F4C455F41444D494E7371007E000D70707070707371007E00130000000000000002740009524F4C455F555345527871007E000C707372003A6F72672E737072696E676672616D65776F726B2E73656375726974792E6F61757468322E70726F76696465722E4F41757468325265717565737400000000000000010200075A0008617070726F7665644C000B617574686F72697469657371007E00044C000A657874656E73696F6E7374000F4C6A6176612F7574696C2F4D61703B4C000B726564697265637455726971007E000E4C00077265667265736874003B4C6F72672F737072696E676672616D65776F726B2F73656375726974792F6F61757468322F70726F76696465722F546F6B656E526571756573743B4C000B7265736F7572636549647374000F4C6A6176612F7574696C2F5365743B4C000D726573706F6E7365547970657371007E001D787200386F72672E737072696E676672616D65776F726B2E73656375726974792E6F61757468322E70726F76696465722E426173655265717565737436287A3EA37169BD0200034C0008636C69656E74496471007E000E4C001172657175657374506172616D657465727371007E001B4C000573636F706571007E001D787074000B636F72655F636C69656E74737200256A6176612E7574696C2E436F6C6C656374696F6E7324556E6D6F6469666961626C654D6170F1A5A8FE74F507420200014C00016D71007E001B7870737200116A6176612E7574696C2E486173684D61700507DAC1C31660D103000246000A6C6F6164466163746F724900097468726573686F6C6478703F400000000000067708000000080000000374000A6772616E745F7479706574000870617373776F7264740009636C69656E745F696474000B636F72655F636C69656E74740008757365726E616D6574000561646D696E78737200256A6176612E7574696C2E436F6C6C656374696F6E7324556E6D6F6469666961626C65536574801D92D18F9B80550200007871007E0009737200176A6176612E7574696C2E4C696E6B656448617368536574D86CD75A95DD2A1E020000787200116A6176612E7574696C2E48617368536574BA44859596B8B7340300007870770C000000103F4000000000000374000472656164740005777269746574000664656C65746578017371007E002E770C000000103F40000000000000787371007E00233F40000000000000770800000010000000007870707371007E002E770C000000103F40000000000000787371007E002E770C000000103F40000000000000787372004F6F72672E737072696E676672616D65776F726B2E73656375726974792E61757468656E7469636174696F6E2E557365726E616D6550617373776F726441757468656E7469636174696F6E546F6B656E00000000000001FE0200024C000B63726564656E7469616C7371007E00054C00097072696E636970616C71007E00057871007E0003017371007E00077371007E000B0000000277040000000271007E001271007E00177871007E003A737200176A6176612E7574696C2E4C696E6B6564486173684D617034C04E5C106CC0FB0200015A000B6163636573734F726465727871007E00233F400000000000067708000000080000000474000D636C69656E745F73656372657474000673656372657471007E002571007E002671007E002771007E002871007E002971007E002A78007073720020636F6D2E676C6F626974732E73656375726974792E646F6D61696E2E557365723F7659FAE0AED2900200114C00116163636F756E744E6F6E457870697265647400134C6A6176612F6C616E672F426F6F6C65616E3B4C00106163636F756E744E6F6E4C6F636B656471007E00404C000661637469766571007E00404C000E6368616E676550617373776F726471007E00404C000F636F6E6669726D50617373776F726471007E000E4C001563726564656E7469616C734E6F6E4578706972656471007E00404C0005656D61696C71007E000E4C000667726F75707371007E001D4C0002696471007E000F4C000B6A7573744372656174656471007E00404C00116C6173744C6F67696E4661696C7572657371007E000F4C000D6C6173744C6F67696E54696D657400104C6A6176612F7574696C2F446174653B4C000870617373776F726471007E000E4C0006706572736F6E7400204C636F6D2F676C6F626974732F636F72652F646F6D61696E2F506572736F6E3B4C0005726F6C657371007E001D4C0012746F74616C4C6F67696E4661696C7572657371007E000F4C0008757365726E616D6571007E000E7871007E001070707070737200116A6176612E6C616E672E426F6F6C65616ECD207280D59CFAEE0200015A000576616C756578700171007E004571007E00457371007E0044007071007E004574001161646D696E40676C6F626974732E6E65747371007E002E770C000000103F400000000000007871007E001571007E0045707074003C24326124313024446656742E70515668317A784B38304565375776754F31784D646355564A386979503474786D6F763063724C327947496A346558617372001E636F6D2E676C6F626974732E636F72652E646F6D61696E2E506572736F6E10E3086BDC66408D02001F4C0005456D61696C71007E000E4C00076164647265737371007E001D4C000962697274684461746571007E00414C000A6269727468506C61636571007E000E4C000663617272657271007E000E4C0016636F6D6D756E69737450617274794A6F696E4461746571007E00414C001B636F6D6D756E697374596F757468556E696F6E4A6F696E4461746571007E00414C000B646973706C61794E616D6571007E000E4C0007656E644461746571007E00414C00076574686E6963737400214C636F6D2F676C6F626974732F636F72652F646F6D61696E2F4574686E6963733B4C001166616D696C79536F6369616C436C6173737400254C636F6D2F676C6F626974732F636F72652F646F6D61696E2F536F6369616C436C6173733B4C001466616D696C79536F6369616C5072696F726974797400284C636F6D2F676C6F626974732F636F72652F646F6D61696E2F536F6369616C5072696F726974793B4C000966697273744E616D6571007E000E4C000667656E64657271007E000E4C000869644E756D62657271007E000E4C000F69644E756D6265724973737565427971007E000E4C001169644E756D62657249737375654461746571007E00414C0009696D6167655061746871007E000E4C000669734465616471007E00404C00086C6173744E616D6571007E000E4C000D6D61726974616C5374617475737400134C6A6176612F6C616E672F496E74656765723B4C000B6E6174696F6E616C6974797400214C636F6D2F676C6F626974732F636F72652F646F6D61696E2F436F756E7472793B4C000D6E617469766556696C6C61676574002C4C636F6D2F676C6F626974732F636F72652F646F6D61696E2F41646D696E697374726174697665556E69743B4C0016706572736F6E616C536F6369616C5072696F7269747971007E004D4C000B70686F6E654E756D62657271007E000E5B000570686F746F7400025B424C000C70686F746F43726F7070656471007E00404C000872656C6967696F6E7400224C636F6D2F676C6F626974732F636F72652F646F6D61696E2F52656C6967696F6E3B4C000973686F72744E616D6571007E000E4C000973746172744461746571007E00414C0004757365727400224C636F6D2F676C6F626974732F73656375726974792F646F6D61696E2F557365723B78720022636F6D2E676C6F626974732E636F72652E646F6D61696E2E426173654F626A65637400000000000000010200034C000269647400104C6A6176612F7574696C2F555549443B4C0007757569644B657971007E00554C0006766F6964656471007E00407871007E0010707070707372000E6A6176612E7574696C2E55554944BC9903F7986D852F0200024A000C6C65617374536967426974734A000B6D6F7374536967426974737870864EBDBF64FF04A38A5A86FCF82E42B77371007E0057A9F900AD95531D4BD1E3FA762E6842E870707371007E002E770C000000103F4000000000000078707070707074000A41646D696E20557365727070707074000541646D696E7400014D70707070707400045573657270707070707070707070707371007E002E770C000000103F4000000000000271007E001271007E0017787074000561646D696E, '0b880b7f8bb82ed570ae489186c84c75');
/*!40000 ALTER TABLE `oauth_access_token` ENABLE KEYS */;

-- Dumping structure for table eqa.oauth_approvals
CREATE TABLE IF NOT EXISTS `oauth_approvals` (
  `userId` varchar(255) DEFAULT NULL,
  `clientId` varchar(255) DEFAULT NULL,
  `scope` varchar(255) DEFAULT NULL,
  `status` varchar(10) DEFAULT NULL,
  `expiresAt` timestamp NOT NULL DEFAULT CURRENT_TIMESTAMP ON UPDATE CURRENT_TIMESTAMP,
  `lastModifiedAt` timestamp NOT NULL DEFAULT '0000-00-00 00:00:00'
) ENGINE=InnoDB DEFAULT CHARSET=utf8;

-- Dumping data for table eqa.oauth_approvals: ~0 rows (approximately)
/*!40000 ALTER TABLE `oauth_approvals` DISABLE KEYS */;
/*!40000 ALTER TABLE `oauth_approvals` ENABLE KEYS */;

-- Dumping structure for table eqa.oauth_client_details
CREATE TABLE IF NOT EXISTS `oauth_client_details` (
  `client_id` varchar(255) NOT NULL,
  `resource_ids` varchar(255) DEFAULT NULL,
  `client_secret` varchar(255) DEFAULT NULL,
  `scope` varchar(255) DEFAULT NULL,
  `authorized_grant_types` varchar(255) DEFAULT NULL,
  `web_server_redirect_uri` varchar(255) DEFAULT NULL,
  `authorities` varchar(255) DEFAULT NULL,
  `access_token_validity` int(11) DEFAULT NULL,
  `refresh_token_validity` int(11) DEFAULT NULL,
  `additional_information` varchar(4096) DEFAULT NULL,
  `autoapprove` varchar(255) DEFAULT NULL,
  PRIMARY KEY (`client_id`)
) ENGINE=InnoDB DEFAULT CHARSET=utf8;

-- Dumping data for table eqa.oauth_client_details: ~2 rows (approximately)
/*!40000 ALTER TABLE `oauth_client_details` DISABLE KEYS */;
INSERT INTO `oauth_client_details` (`client_id`, `resource_ids`, `client_secret`, `scope`, `authorized_grant_types`, `web_server_redirect_uri`, `authorities`, `access_token_validity`, `refresh_token_validity`, `additional_information`, `autoapprove`) VALUES
	('core_client', NULL, '$2a$10$ePZ9kwbN2JyipmgJeCT4RudBZJ5Cwt6HeI1KzdHwJt37.WUFAE.a2', 'read,write,delete', 'password,authorization_code,refresh_token', NULL, NULL, 36000, 36000, NULL, '1'),
	('example_client', NULL, '$2a$10$ePZ9kwbN2JyipmgJeCT4RudBZJ5Cwt6HeI1KzdHwJt37.WUFAE.a2', 'read,write,delete', 'password,authorization_code,refresh_token', NULL, NULL, 36000, 36000, NULL, '1');
/*!40000 ALTER TABLE `oauth_client_details` ENABLE KEYS */;

-- Dumping structure for table eqa.oauth_client_token
CREATE TABLE IF NOT EXISTS `oauth_client_token` (
  `token_id` varchar(255) DEFAULT NULL,
  `token` mediumblob,
  `authentication_id` varchar(255) NOT NULL,
  `user_name` varchar(255) DEFAULT NULL,
  `client_id` varchar(255) DEFAULT NULL,
  PRIMARY KEY (`authentication_id`)
) ENGINE=InnoDB DEFAULT CHARSET=utf8;

-- Dumping data for table eqa.oauth_client_token: ~0 rows (approximately)
/*!40000 ALTER TABLE `oauth_client_token` DISABLE KEYS */;
/*!40000 ALTER TABLE `oauth_client_token` ENABLE KEYS */;

-- Dumping structure for table eqa.oauth_code
CREATE TABLE IF NOT EXISTS `oauth_code` (
  `code` varchar(255) DEFAULT NULL,
  `authentication` mediumblob
) ENGINE=InnoDB DEFAULT CHARSET=utf8;

-- Dumping data for table eqa.oauth_code: ~0 rows (approximately)
/*!40000 ALTER TABLE `oauth_code` DISABLE KEYS */;
/*!40000 ALTER TABLE `oauth_code` ENABLE KEYS */;

-- Dumping structure for table eqa.oauth_refresh_token
CREATE TABLE IF NOT EXISTS `oauth_refresh_token` (
  `token_id` varchar(255) DEFAULT NULL,
  `token` mediumblob,
  `authentication` mediumblob
) ENGINE=InnoDB DEFAULT CHARSET=utf8;

-- Dumping data for table eqa.oauth_refresh_token: ~2 rows (approximately)
/*!40000 ALTER TABLE `oauth_refresh_token` DISABLE KEYS */;
INSERT INTO `oauth_refresh_token` (`token_id`, `token`, `authentication`) VALUES
	('f0ae45cbc3fb90cef6babed7a36c9c48', _binary 0xACED00057372004C6F72672E737072696E676672616D65776F726B2E73656375726974792E6F61757468322E636F6D6D6F6E2E44656661756C744578706972696E674F417574683252656672657368546F6B656E2FDF47639DD0C9B70200014C000A65787069726174696F6E7400104C6A6176612F7574696C2F446174653B787200446F72672E737072696E676672616D65776F726B2E73656375726974792E6F61757468322E636F6D6D6F6E2E44656661756C744F417574683252656672657368546F6B656E73E10E0A6354D45E0200014C000576616C75657400124C6A6176612F6C616E672F537472696E673B787074002439326231636635642D396134662D346365312D613238392D6265633830666230333065647372000E6A6176612E7574696C2E44617465686A81014B5974190300007870770800000172E1D832B878, _binary 0xACED0005737200416F72672E737072696E676672616D65776F726B2E73656375726974792E6F61757468322E70726F76696465722E4F417574683241757468656E7469636174696F6EBD400B02166252130200024C000D73746F7265645265717565737474003C4C6F72672F737072696E676672616D65776F726B2F73656375726974792F6F61757468322F70726F76696465722F4F4175746832526571756573743B4C00127573657241757468656E7469636174696F6E7400324C6F72672F737072696E676672616D65776F726B2F73656375726974792F636F72652F41757468656E7469636174696F6E3B787200476F72672E737072696E676672616D65776F726B2E73656375726974792E61757468656E7469636174696F6E2E416273747261637441757468656E7469636174696F6E546F6B656ED3AA287E6E47640E0200035A000D61757468656E746963617465644C000B617574686F7269746965737400164C6A6176612F7574696C2F436F6C6C656374696F6E3B4C000764657461696C737400124C6A6176612F6C616E672F4F626A6563743B787000737200266A6176612E7574696C2E436F6C6C656374696F6E7324556E6D6F6469666961626C654C697374FC0F2531B5EC8E100200014C00046C6973747400104C6A6176612F7574696C2F4C6973743B7872002C6A6176612E7574696C2E436F6C6C656374696F6E7324556E6D6F6469666961626C65436F6C6C656374696F6E19420080CB5EF71E0200014C00016371007E00047870737200136A6176612E7574696C2E41727261794C6973747881D21D99C7619D03000149000473697A6578700000000177040000000173720020636F6D2E676C6F626974732E73656375726974792E646F6D61696E2E526F6C6557AEBA369D591F0F0200034C000B6465736372697074696F6E7400124C6A6176612F6C616E672F537472696E673B4C000269647400104C6A6176612F6C616E672F4C6F6E673B4C00046E616D6571007E000E78720029636F6D2E676C6F626974732E636F72652E6175646974696E672E417564697461626C65456E746974793F485AC6CAF26D940200044C000A6372656174654461746574001D4C6F72672F6A6F64612F74696D652F4C6F63616C4461746554696D653B4C000963726561746564427971007E000E4C000A6D6F646966696564427971007E000E4C000A6D6F646966794461746571007E0011787070707070707372000E6A6176612E6C616E672E4C6F6E673B8BE490CC8F23DF0200014A000576616C7565787200106A6176612E6C616E672E4E756D62657286AC951D0B94E08B0200007870000000000000000174000A524F4C455F41444D494E7871007E000C707372003A6F72672E737072696E676672616D65776F726B2E73656375726974792E6F61757468322E70726F76696465722E4F41757468325265717565737400000000000000010200075A0008617070726F7665644C000B617574686F72697469657371007E00044C000A657874656E73696F6E7374000F4C6A6176612F7574696C2F4D61703B4C000B726564697265637455726971007E000E4C00077265667265736874003B4C6F72672F737072696E676672616D65776F726B2F73656375726974792F6F61757468322F70726F76696465722F546F6B656E526571756573743B4C000B7265736F7572636549647374000F4C6A6176612F7574696C2F5365743B4C000D726573706F6E7365547970657371007E001A787200386F72672E737072696E676672616D65776F726B2E73656375726974792E6F61757468322E70726F76696465722E426173655265717565737436287A3EA37169BD0200034C0008636C69656E74496471007E000E4C001172657175657374506172616D657465727371007E00184C000573636F706571007E001A787074000B636F72655F636C69656E74737200256A6176612E7574696C2E436F6C6C656374696F6E7324556E6D6F6469666961626C654D6170F1A5A8FE74F507420200014C00016D71007E00187870737200116A6176612E7574696C2E486173684D61700507DAC1C31660D103000246000A6C6F6164466163746F724900097468726573686F6C6478703F400000000000067708000000080000000374000A6772616E745F7479706574000870617373776F7264740009636C69656E745F696474000B636F72655F636C69656E74740008757365726E616D6574000561646D696E78737200256A6176612E7574696C2E436F6C6C656374696F6E7324556E6D6F6469666961626C65536574801D92D18F9B80550200007871007E0009737200176A6176612E7574696C2E4C696E6B656448617368536574D86CD75A95DD2A1E020000787200116A6176612E7574696C2E48617368536574BA44859596B8B7340300007870770C000000103F4000000000000374000472656164740005777269746574000664656C65746578017371007E002B770C000000103F40000000000000787371007E00203F40000000000000770800000010000000007870707371007E002B770C000000103F40000000000000787371007E002B770C000000103F40000000000000787372004F6F72672E737072696E676672616D65776F726B2E73656375726974792E61757468656E7469636174696F6E2E557365726E616D6550617373776F726441757468656E7469636174696F6E546F6B656E00000000000001FE0200024C000B63726564656E7469616C7371007E00054C00097072696E636970616C71007E00057871007E0003017371007E00077371007E000B0000000177040000000171007E00127871007E0037737200176A6176612E7574696C2E4C696E6B6564486173684D617034C04E5C106CC0FB0200015A000B6163636573734F726465727871007E00203F400000000000067708000000080000000474000D636C69656E745F73656372657474000673656372657471007E002271007E002371007E002471007E002571007E002671007E002778007073720020636F6D2E676C6F626974732E73656375726974792E646F6D61696E2E557365723F7659FAE0AED2900200114C00116163636F756E744E6F6E457870697265647400134C6A6176612F6C616E672F426F6F6C65616E3B4C00106163636F756E744E6F6E4C6F636B656471007E003D4C000661637469766571007E003D4C000E6368616E676550617373776F726471007E003D4C000F636F6E6669726D50617373776F726471007E000E4C001563726564656E7469616C734E6F6E4578706972656471007E003D4C0005656D61696C71007E000E4C000667726F75707371007E001A4C0002696471007E000F4C000B6A7573744372656174656471007E003D4C00116C6173744C6F67696E4661696C7572657371007E000F4C000D6C6173744C6F67696E54696D657400104C6A6176612F7574696C2F446174653B4C000870617373776F726471007E000E4C0006706572736F6E7400204C636F6D2F676C6F626974732F636F72652F646F6D61696E2F506572736F6E3B4C0005726F6C657371007E001A4C0012746F74616C4C6F67696E4661696C7572657371007E000F4C0008757365726E616D6571007E000E7871007E001070707070737200116A6176612E6C616E672E426F6F6C65616ECD207280D59CFAEE0200015A000576616C756578700171007E004271007E00427371007E0041007071007E004274001161646D696E40676C6F626974732E6E65747371007E002B770C000000103F400000000000007871007E001571007E0042707074003C24326124313024446656742E70515668317A784B38304565375776754F31784D646355564A386979503474786D6F763063724C327947496A346558617372001E636F6D2E676C6F626974732E636F72652E646F6D61696E2E506572736F6E10E3086BDC66408D02001F4C0005456D61696C71007E000E4C00076164647265737371007E001A4C000962697274684461746571007E003E4C000A6269727468506C61636571007E000E4C000663617272657271007E000E4C0016636F6D6D756E69737450617274794A6F696E4461746571007E003E4C001B636F6D6D756E697374596F757468556E696F6E4A6F696E4461746571007E003E4C000B646973706C61794E616D6571007E000E4C0007656E644461746571007E003E4C00076574686E6963737400214C636F6D2F676C6F626974732F636F72652F646F6D61696E2F4574686E6963733B4C001166616D696C79536F6369616C436C6173737400254C636F6D2F676C6F626974732F636F72652F646F6D61696E2F536F6369616C436C6173733B4C001466616D696C79536F6369616C5072696F726974797400284C636F6D2F676C6F626974732F636F72652F646F6D61696E2F536F6369616C5072696F726974793B4C000966697273744E616D6571007E000E4C000667656E64657271007E000E4C000869644E756D62657271007E000E4C000F69644E756D6265724973737565427971007E000E4C001169644E756D62657249737375654461746571007E003E4C0009696D6167655061746871007E000E4C000669734465616471007E003D4C00086C6173744E616D6571007E000E4C000D6D61726974616C5374617475737400134C6A6176612F6C616E672F496E74656765723B4C000B6E6174696F6E616C6974797400214C636F6D2F676C6F626974732F636F72652F646F6D61696E2F436F756E7472793B4C000D6E617469766556696C6C61676574002C4C636F6D2F676C6F626974732F636F72652F646F6D61696E2F41646D696E697374726174697665556E69743B4C0016706572736F6E616C536F6369616C5072696F7269747971007E004A4C000B70686F6E654E756D62657271007E000E5B000570686F746F7400025B424C000C70686F746F43726F7070656471007E003D4C000872656C6967696F6E7400224C636F6D2F676C6F626974732F636F72652F646F6D61696E2F52656C6967696F6E3B4C000973686F72744E616D6571007E000E4C000973746172744461746571007E003E4C0004757365727400224C636F6D2F676C6F626974732F73656375726974792F646F6D61696E2F557365723B78720022636F6D2E676C6F626974732E636F72652E646F6D61696E2E426173654F626A65637400000000000000010200034C000269647400104C6A6176612F7574696C2F555549443B4C0007757569644B657971007E00524C0006766F6964656471007E003D7871007E0010707070707372000E6A6176612E7574696C2E55554944BC9903F7986D852F0200024A000C6C65617374536967426974734A000B6D6F7374536967426974737870864EBDBF64FF04A38A5A86FCF82E42B77371007E0054BC3E3652C2BA40766177D9575320459C70707371007E002B770C000000103F4000000000000078707070707074000A41646D696E20557365727070707074000541646D696E7400014D70707070707400045573657270707070707070707070707371007E002B770C000000103F4000000000000171007E0012787074000561646D696E),
	('0b880b7f8bb82ed570ae489186c84c75', _binary 0xACED00057372004C6F72672E737072696E676672616D65776F726B2E73656375726974792E6F61757468322E636F6D6D6F6E2E44656661756C744578706972696E674F417574683252656672657368546F6B656E2FDF47639DD0C9B70200014C000A65787069726174696F6E7400104C6A6176612F7574696C2F446174653B787200446F72672E737072696E676672616D65776F726B2E73656375726974792E6F61757468322E636F6D6D6F6E2E44656661756C744F417574683252656672657368546F6B656E73E10E0A6354D45E0200014C000576616C75657400124C6A6176612F6C616E672F537472696E673B787074002466353161376165322D616662372D343661652D616664622D6430633337323765336263337372000E6A6176612E7574696C2E44617465686A81014B5974190300007870770800000173F2C48D0378, _binary 0xACED0005737200416F72672E737072696E676672616D65776F726B2E73656375726974792E6F61757468322E70726F76696465722E4F417574683241757468656E7469636174696F6EBD400B02166252130200024C000D73746F7265645265717565737474003C4C6F72672F737072696E676672616D65776F726B2F73656375726974792F6F61757468322F70726F76696465722F4F4175746832526571756573743B4C00127573657241757468656E7469636174696F6E7400324C6F72672F737072696E676672616D65776F726B2F73656375726974792F636F72652F41757468656E7469636174696F6E3B787200476F72672E737072696E676672616D65776F726B2E73656375726974792E61757468656E7469636174696F6E2E416273747261637441757468656E7469636174696F6E546F6B656ED3AA287E6E47640E0200035A000D61757468656E746963617465644C000B617574686F7269746965737400164C6A6176612F7574696C2F436F6C6C656374696F6E3B4C000764657461696C737400124C6A6176612F6C616E672F4F626A6563743B787000737200266A6176612E7574696C2E436F6C6C656374696F6E7324556E6D6F6469666961626C654C697374FC0F2531B5EC8E100200014C00046C6973747400104C6A6176612F7574696C2F4C6973743B7872002C6A6176612E7574696C2E436F6C6C656374696F6E7324556E6D6F6469666961626C65436F6C6C656374696F6E19420080CB5EF71E0200014C00016371007E00047870737200136A6176612E7574696C2E41727261794C6973747881D21D99C7619D03000149000473697A6578700000000277040000000273720020636F6D2E676C6F626974732E73656375726974792E646F6D61696E2E526F6C6557AEBA369D591F0F0200034C000B6465736372697074696F6E7400124C6A6176612F6C616E672F537472696E673B4C000269647400104C6A6176612F6C616E672F4C6F6E673B4C00046E616D6571007E000E78720029636F6D2E676C6F626974732E636F72652E6175646974696E672E417564697461626C65456E746974793F485AC6CAF26D940200044C000A6372656174654461746574001D4C6F72672F6A6F64612F74696D652F4C6F63616C4461746554696D653B4C000963726561746564427971007E000E4C000A6D6F646966696564427971007E000E4C000A6D6F646966794461746571007E0011787070707070707372000E6A6176612E6C616E672E4C6F6E673B8BE490CC8F23DF0200014A000576616C7565787200106A6176612E6C616E672E4E756D62657286AC951D0B94E08B02000078700000000000000002740009524F4C455F555345527371007E000D70707070707371007E0013000000000000000174000A524F4C455F41444D494E7871007E000C707372003A6F72672E737072696E676672616D65776F726B2E73656375726974792E6F61757468322E70726F76696465722E4F41757468325265717565737400000000000000010200075A0008617070726F7665644C000B617574686F72697469657371007E00044C000A657874656E73696F6E7374000F4C6A6176612F7574696C2F4D61703B4C000B726564697265637455726971007E000E4C00077265667265736874003B4C6F72672F737072696E676672616D65776F726B2F73656375726974792F6F61757468322F70726F76696465722F546F6B656E526571756573743B4C000B7265736F7572636549647374000F4C6A6176612F7574696C2F5365743B4C000D726573706F6E7365547970657371007E001D787200386F72672E737072696E676672616D65776F726B2E73656375726974792E6F61757468322E70726F76696465722E426173655265717565737436287A3EA37169BD0200034C0008636C69656E74496471007E000E4C001172657175657374506172616D657465727371007E001B4C000573636F706571007E001D787074000B636F72655F636C69656E74737200256A6176612E7574696C2E436F6C6C656374696F6E7324556E6D6F6469666961626C654D6170F1A5A8FE74F507420200014C00016D71007E001B7870737200116A6176612E7574696C2E486173684D61700507DAC1C31660D103000246000A6C6F6164466163746F724900097468726573686F6C6478703F400000000000067708000000080000000374000A6772616E745F7479706574000870617373776F7264740009636C69656E745F696474000B636F72655F636C69656E74740008757365726E616D6574000561646D696E78737200256A6176612E7574696C2E436F6C6C656374696F6E7324556E6D6F6469666961626C65536574801D92D18F9B80550200007871007E0009737200176A6176612E7574696C2E4C696E6B656448617368536574D86CD75A95DD2A1E020000787200116A6176612E7574696C2E48617368536574BA44859596B8B7340300007870770C000000103F4000000000000374000472656164740005777269746574000664656C65746578017371007E002E770C000000103F40000000000000787371007E00233F40000000000000770800000010000000007870707371007E002E770C000000103F40000000000000787371007E002E770C000000103F40000000000000787372004F6F72672E737072696E676672616D65776F726B2E73656375726974792E61757468656E7469636174696F6E2E557365726E616D6550617373776F726441757468656E7469636174696F6E546F6B656E00000000000001FE0200024C000B63726564656E7469616C7371007E00054C00097072696E636970616C71007E00057871007E0003017371007E00077371007E000B0000000277040000000271007E001271007E00177871007E003A737200176A6176612E7574696C2E4C696E6B6564486173684D617034C04E5C106CC0FB0200015A000B6163636573734F726465727871007E00233F400000000000067708000000080000000474000D636C69656E745F73656372657474000673656372657471007E002571007E002671007E002771007E002871007E002971007E002A78007073720020636F6D2E676C6F626974732E73656375726974792E646F6D61696E2E557365723F7659FAE0AED2900200114C00116163636F756E744E6F6E457870697265647400134C6A6176612F6C616E672F426F6F6C65616E3B4C00106163636F756E744E6F6E4C6F636B656471007E00404C000661637469766571007E00404C000E6368616E676550617373776F726471007E00404C000F636F6E6669726D50617373776F726471007E000E4C001563726564656E7469616C734E6F6E4578706972656471007E00404C0005656D61696C71007E000E4C000667726F75707371007E001D4C0002696471007E000F4C000B6A7573744372656174656471007E00404C00116C6173744C6F67696E4661696C7572657371007E000F4C000D6C6173744C6F67696E54696D657400104C6A6176612F7574696C2F446174653B4C000870617373776F726471007E000E4C0006706572736F6E7400204C636F6D2F676C6F626974732F636F72652F646F6D61696E2F506572736F6E3B4C0005726F6C657371007E001D4C0012746F74616C4C6F67696E4661696C7572657371007E000F4C0008757365726E616D6571007E000E7871007E001070707070737200116A6176612E6C616E672E426F6F6C65616ECD207280D59CFAEE0200015A000576616C756578700171007E004571007E00457371007E0044007071007E004574001161646D696E40676C6F626974732E6E65747371007E002E770C000000103F400000000000007871007E001871007E0045707074003C24326124313024446656742E70515668317A784B38304565375776754F31784D646355564A386979503474786D6F763063724C327947496A346558617372001E636F6D2E676C6F626974732E636F72652E646F6D61696E2E506572736F6E10E3086BDC66408D02001F4C0005456D61696C71007E000E4C00076164647265737371007E001D4C000962697274684461746571007E00414C000A6269727468506C61636571007E000E4C000663617272657271007E000E4C0016636F6D6D756E69737450617274794A6F696E4461746571007E00414C001B636F6D6D756E697374596F757468556E696F6E4A6F696E4461746571007E00414C000B646973706C61794E616D6571007E000E4C0007656E644461746571007E00414C00076574686E6963737400214C636F6D2F676C6F626974732F636F72652F646F6D61696E2F4574686E6963733B4C001166616D696C79536F6369616C436C6173737400254C636F6D2F676C6F626974732F636F72652F646F6D61696E2F536F6369616C436C6173733B4C001466616D696C79536F6369616C5072696F726974797400284C636F6D2F676C6F626974732F636F72652F646F6D61696E2F536F6369616C5072696F726974793B4C000966697273744E616D6571007E000E4C000667656E64657271007E000E4C000869644E756D62657271007E000E4C000F69644E756D6265724973737565427971007E000E4C001169644E756D62657249737375654461746571007E00414C0009696D6167655061746871007E000E4C000669734465616471007E00404C00086C6173744E616D6571007E000E4C000D6D61726974616C5374617475737400134C6A6176612F6C616E672F496E74656765723B4C000B6E6174696F6E616C6974797400214C636F6D2F676C6F626974732F636F72652F646F6D61696E2F436F756E7472793B4C000D6E617469766556696C6C61676574002C4C636F6D2F676C6F626974732F636F72652F646F6D61696E2F41646D696E697374726174697665556E69743B4C0016706572736F6E616C536F6369616C5072696F7269747971007E004D4C000B70686F6E654E756D62657271007E000E5B000570686F746F7400025B424C000C70686F746F43726F7070656471007E00404C000872656C6967696F6E7400224C636F6D2F676C6F626974732F636F72652F646F6D61696E2F52656C6967696F6E3B4C000973686F72744E616D6571007E000E4C000973746172744461746571007E00414C0004757365727400224C636F6D2F676C6F626974732F73656375726974792F646F6D61696E2F557365723B78720022636F6D2E676C6F626974732E636F72652E646F6D61696E2E426173654F626A65637400000000000000010200034C000269647400104C6A6176612F7574696C2F555549443B4C0007757569644B657971007E00554C0006766F6964656471007E00407871007E0010707070707372000E6A6176612E7574696C2E55554944BC9903F7986D852F0200024A000C6C65617374536967426974734A000B6D6F7374536967426974737870864EBDBF64FF04A38A5A86FCF82E42B77371007E0057A25FFA14928CDCB0CD233CD7E2524CCA70707371007E002E770C000000103F4000000000000078707070707074000A41646D696E20557365727070707074000541646D696E7400014D70707070707400045573657270707070707070707070707371007E002E770C000000103F4000000000000271007E001271007E0017787074000561646D696E);
/*!40000 ALTER TABLE `oauth_refresh_token` ENABLE KEYS */;

-- Dumping structure for table eqa.tbl_activity_log
CREATE TABLE IF NOT EXISTS `tbl_activity_log` (
  `id` varchar(255) NOT NULL,
  `create_date` datetime NOT NULL,
  `created_by` varchar(100) NOT NULL,
  `modified_by` varchar(100) DEFAULT NULL,
  `modify_date` datetime DEFAULT NULL,
  `uuid_key` varchar(255) DEFAULT NULL,
  `voided` bit(1) DEFAULT NULL,
  `content_log` varchar(4000) NOT NULL,
  `entity_object_type` varchar(255) DEFAULT NULL,
  `log_date` datetime DEFAULT NULL,
  `log_type` int(11) DEFAULT NULL,
  `module_log` varchar(255) DEFAULT NULL,
  `user_name` varchar(255) DEFAULT NULL,
  PRIMARY KEY (`id`)
) ENGINE=MyISAM DEFAULT CHARSET=utf8;

-- Dumping data for table eqa.tbl_activity_log: 0 rows
/*!40000 ALTER TABLE `tbl_activity_log` DISABLE KEYS */;
/*!40000 ALTER TABLE `tbl_activity_log` ENABLE KEYS */;

-- Dumping structure for table eqa.tbl_administrative_unit
CREATE TABLE IF NOT EXISTS `tbl_administrative_unit` (
  `id` varchar(255) NOT NULL,
  `create_date` datetime NOT NULL,
  `created_by` varchar(100) NOT NULL,
  `modified_by` varchar(100) DEFAULT NULL,
  `modify_date` datetime DEFAULT NULL,
  `uuid_key` varchar(255) DEFAULT NULL,
  `voided` bit(1) DEFAULT NULL,
  `code` varchar(255) DEFAULT NULL,
  `level` int(11) DEFAULT NULL,
  `name` varchar(255) DEFAULT NULL,
  `parent_id` varchar(255) DEFAULT NULL,
  PRIMARY KEY (`id`),
  KEY `FKg4nta5chg1i7r2876cdignf4o` (`parent_id`)
) ENGINE=MyISAM DEFAULT CHARSET=utf8;

-- Dumping data for table eqa.tbl_administrative_unit: 8 rows
/*!40000 ALTER TABLE `tbl_administrative_unit` DISABLE KEYS */;
INSERT INTO `tbl_administrative_unit` (`id`, `create_date`, `created_by`, `modified_by`, `modify_date`, `uuid_key`, `voided`, `code`, `level`, `name`, `parent_id`) VALUES
	('d62559ed-d0a2-4312-9c61-9a876f07c0fd', '2020-06-02 08:56:03', 'admin', 'admin', '2020-06-02 08:56:03', '8958b077-f67c-4b15-8840-67ae232cbfce', NULL, 'TP_HCM', 0, 'Tp Hồ Chí Minh', NULL),
	('173b1728-2894-4db5-adc6-50bdbe3603b7', '2020-06-02 08:56:36', 'admin', 'admin', '2020-06-02 08:56:36', '44fd08c9-2483-40f7-8466-b9686edd9981', NULL, 'Binh_Duong', 0, 'Bình Dương', NULL),
	('e4965153-d2bb-4ad1-b7bf-4b0b3a668d60', '2020-06-02 08:56:53', 'admin', 'admin', '2020-06-02 08:56:53', '9fd7e9ce-be9d-4775-9ab6-8f8a2fabaa9a', NULL, 'Dong_Nai', 0, 'Đồng Nai', NULL),
	('ad2b42a3-129c-4c97-babf-d42beca96879', '2020-06-02 08:57:07', 'admin', 'admin', '2020-06-02 08:57:07', '1b76b341-aed5-4652-abc9-c592daf64002', NULL, 'Dong_Thap', 0, 'Đồng Tháp', NULL),
	('8fc60c9b-b472-450c-9378-33aa97aa12d2', '2020-06-02 08:57:19', 'admin', 'admin', '2020-06-02 08:57:19', 'a36845f4-e26e-40f9-9399-a90b51b8b832', NULL, 'Tra_Vinh', 0, 'Trà Vinh', NULL),
	('7587844b-8224-4e32-9f12-88591d8de202', '2020-06-02 08:57:35', 'admin', 'admin', '2020-06-02 08:57:35', 'a65ba883-e62a-49bb-866e-3d17269b4f5d', NULL, 'TP_Can_Tho', 0, 'Tp.Cần Thơ', NULL),
	('9a4bc24c-0c9c-4aca-9bdd-7e881adad63b', '2020-06-02 08:57:52', 'admin', 'admin', '2020-06-02 08:57:52', '2c444cb5-f52b-4a3b-ac86-122f7e07fa72', NULL, 'Kien_Giang', 0, 'Kiên Giang', NULL),
	('3e5ccc08-abc0-42a2-808e-133cb7ae83e6', '2020-06-15 08:14:43', 'admin', 'admin', '2020-06-15 08:14:56', 'b82564f8-8be5-40ae-8f99-811b6cfb0892', NULL, 'TP_LA', 0, 'Long An', NULL);
/*!40000 ALTER TABLE `tbl_administrative_unit` ENABLE KEYS */;

-- Dumping structure for table eqa.tbl_building
CREATE TABLE IF NOT EXISTS `tbl_building` (
  `id` varchar(255) NOT NULL,
  `create_date` datetime NOT NULL,
  `created_by` varchar(100) NOT NULL,
  `modified_by` varchar(100) DEFAULT NULL,
  `modify_date` datetime DEFAULT NULL,
  `uuid_key` varchar(255) DEFAULT NULL,
  `voided` bit(1) DEFAULT NULL,
  `code` varchar(255) DEFAULT NULL,
  `location` tinyblob,
  `name` varchar(255) DEFAULT NULL,
  `organization_id` varchar(255) DEFAULT NULL,
  `training_base_id` varchar(255) DEFAULT NULL,
  PRIMARY KEY (`id`),
  KEY `FK9igpirbbthnw3hj2fmxro4fcg` (`organization_id`),
  KEY `FKj8ishc1ma7m8byyow3g7su0dq` (`training_base_id`)
) ENGINE=MyISAM DEFAULT CHARSET=utf8;

-- Dumping data for table eqa.tbl_building: 0 rows
/*!40000 ALTER TABLE `tbl_building` DISABLE KEYS */;
/*!40000 ALTER TABLE `tbl_building` ENABLE KEYS */;

-- Dumping structure for table eqa.tbl_concept
CREATE TABLE IF NOT EXISTS `tbl_concept` (
  `id` varchar(255) NOT NULL,
  `create_date` datetime NOT NULL,
  `created_by` varchar(100) NOT NULL,
  `modified_by` varchar(100) DEFAULT NULL,
  `modify_date` datetime DEFAULT NULL,
  `uuid_key` varchar(255) DEFAULT NULL,
  `voided` bit(1) DEFAULT NULL,
  `code` varchar(255) NOT NULL,
  `data_type` int(11) DEFAULT NULL,
  `description` varchar(255) DEFAULT NULL,
  `name` varchar(255) DEFAULT NULL,
  `short_name` varchar(255) DEFAULT NULL,
  `concept_id` varchar(255) DEFAULT NULL,
  `concept_class_id` varchar(255) DEFAULT NULL,
  PRIMARY KEY (`id`),
  UNIQUE KEY `UK_h5x990og5orvsp5dbbo2oc4hk` (`code`),
  KEY `FK7vyqrfsgwka16r882cypeggn3` (`concept_id`),
  KEY `FKvg8gfja4xpucltqfnxkjdq2t` (`concept_class_id`)
) ENGINE=MyISAM DEFAULT CHARSET=utf8;

-- Dumping data for table eqa.tbl_concept: 0 rows
/*!40000 ALTER TABLE `tbl_concept` DISABLE KEYS */;
/*!40000 ALTER TABLE `tbl_concept` ENABLE KEYS */;

-- Dumping structure for table eqa.tbl_concept_class
CREATE TABLE IF NOT EXISTS `tbl_concept_class` (
  `id` varchar(255) NOT NULL,
  `create_date` datetime NOT NULL,
  `created_by` varchar(100) NOT NULL,
  `modified_by` varchar(100) DEFAULT NULL,
  `modify_date` datetime DEFAULT NULL,
  `uuid_key` varchar(255) DEFAULT NULL,
  `voided` bit(1) DEFAULT NULL,
  `code` varchar(255) NOT NULL,
  `description` varchar(255) DEFAULT NULL,
  `name` varchar(255) DEFAULT NULL,
  `short_name` varchar(255) DEFAULT NULL,
  PRIMARY KEY (`id`),
  UNIQUE KEY `UK_d0p1ybq7kel17bqxv0i0ltbct` (`code`)
) ENGINE=MyISAM DEFAULT CHARSET=utf8;

-- Dumping data for table eqa.tbl_concept_class: 0 rows
/*!40000 ALTER TABLE `tbl_concept_class` DISABLE KEYS */;
/*!40000 ALTER TABLE `tbl_concept_class` ENABLE KEYS */;

-- Dumping structure for table eqa.tbl_country
CREATE TABLE IF NOT EXISTS `tbl_country` (
  `id` varchar(255) NOT NULL,
  `create_date` datetime NOT NULL,
  `created_by` varchar(100) NOT NULL,
  `modified_by` varchar(100) DEFAULT NULL,
  `modify_date` datetime DEFAULT NULL,
  `uuid_key` varchar(255) DEFAULT NULL,
  `voided` bit(1) DEFAULT NULL,
  `code` varchar(255) DEFAULT NULL,
  `description` varchar(255) DEFAULT NULL,
  `name` varchar(255) DEFAULT NULL,
  PRIMARY KEY (`id`)
) ENGINE=MyISAM DEFAULT CHARSET=utf8;

-- Dumping data for table eqa.tbl_country: 0 rows
/*!40000 ALTER TABLE `tbl_country` DISABLE KEYS */;
/*!40000 ALTER TABLE `tbl_country` ENABLE KEYS */;

-- Dumping structure for table eqa.tbl_degree_student
CREATE TABLE IF NOT EXISTS `tbl_degree_student` (
  `id` varchar(255) NOT NULL,
  `create_date` datetime NOT NULL,
  `created_by` varchar(100) NOT NULL,
  `modified_by` varchar(100) DEFAULT NULL,
  `modify_date` datetime DEFAULT NULL,
  `uuid_key` varchar(255) DEFAULT NULL,
  `voided` bit(1) DEFAULT NULL,
  `code` varchar(255) DEFAULT NULL,
  `max_mark` double DEFAULT NULL,
  `min_mark` double DEFAULT NULL,
  `name` varchar(255) DEFAULT NULL,
  PRIMARY KEY (`id`)
) ENGINE=MyISAM DEFAULT CHARSET=utf8;

-- Dumping data for table eqa.tbl_degree_student: 0 rows
/*!40000 ALTER TABLE `tbl_degree_student` DISABLE KEYS */;
/*!40000 ALTER TABLE `tbl_degree_student` ENABLE KEYS */;

-- Dumping structure for table eqa.tbl_department
CREATE TABLE IF NOT EXISTS `tbl_department` (
  `id` varchar(255) NOT NULL,
  `create_date` datetime NOT NULL,
  `created_by` varchar(100) NOT NULL,
  `modified_by` varchar(100) DEFAULT NULL,
  `modify_date` datetime DEFAULT NULL,
  `uuid_key` varchar(255) DEFAULT NULL,
  `voided` bit(1) DEFAULT NULL,
  `code` varchar(255) DEFAULT NULL,
  `department_type` int(11) DEFAULT NULL,
  `display_order` varchar(255) DEFAULT NULL,
  `level` int(11) DEFAULT NULL,
  `line_path` varchar(255) DEFAULT NULL,
  `name` varchar(255) DEFAULT NULL,
  `short_name` varchar(255) DEFAULT NULL,
  `parent_id` varchar(255) DEFAULT NULL,
  PRIMARY KEY (`id`),
  KEY `FK7gpuh0676dqkn95hkh5h43eoy` (`parent_id`)
) ENGINE=MyISAM DEFAULT CHARSET=utf8;

-- Dumping data for table eqa.tbl_department: 0 rows
/*!40000 ALTER TABLE `tbl_department` DISABLE KEYS */;
/*!40000 ALTER TABLE `tbl_department` ENABLE KEYS */;

-- Dumping structure for table eqa.tbl_discipline
CREATE TABLE IF NOT EXISTS `tbl_discipline` (
  `id` varchar(255) NOT NULL,
  `create_date` datetime NOT NULL,
  `created_by` varchar(100) NOT NULL,
  `modified_by` varchar(100) DEFAULT NULL,
  `modify_date` datetime DEFAULT NULL,
  `uuid_key` varchar(255) DEFAULT NULL,
  `voided` bit(1) DEFAULT NULL,
  `code` varchar(255) DEFAULT NULL,
  `description` varchar(255) DEFAULT NULL,
  `level` int(11) DEFAULT NULL,
  `name` varchar(255) DEFAULT NULL,
  PRIMARY KEY (`id`)
) ENGINE=MyISAM DEFAULT CHARSET=utf8;

-- Dumping data for table eqa.tbl_discipline: 0 rows
/*!40000 ALTER TABLE `tbl_discipline` DISABLE KEYS */;
/*!40000 ALTER TABLE `tbl_discipline` ENABLE KEYS */;

-- Dumping structure for table eqa.tbl_eqa_health_org
CREATE TABLE IF NOT EXISTS `tbl_eqa_health_org` (
  `id` varchar(255) NOT NULL,
  `create_date` datetime NOT NULL,
  `created_by` varchar(100) NOT NULL,
  `modified_by` varchar(100) DEFAULT NULL,
  `modify_date` datetime DEFAULT NULL,
  `uuid_key` varchar(255) DEFAULT NULL,
  `voided` bit(1) DEFAULT NULL,
  `address` varchar(255) DEFAULT NULL,
  `code` varchar(255) DEFAULT NULL,
  `contactName` varchar(255) DEFAULT NULL,
  `contactPhone` varchar(255) DEFAULT NULL,
  `description` varchar(255) DEFAULT NULL,
  `name` varchar(255) DEFAULT NULL,
  `administrative_unit_id` varchar(255) DEFAULT NULL,
  `health_org_type_id` varchar(255) DEFAULT NULL,
  `user_id` bigint(20) DEFAULT NULL,
  `email` varchar(255) DEFAULT NULL,
  `fax` varchar(255) DEFAULT NULL,
  `officer_posion` varchar(255) DEFAULT NULL,
  `positive_affirmative_right` bit(1) DEFAULT NULL,
  `sample_receipt_date` datetime DEFAULT NULL,
  `sample_recipient` varchar(255) DEFAULT NULL,
  `sample_status` int(11) DEFAULT NULL,
  `specify_level` varchar(255) DEFAULT NULL,
  `specify_qualification` varchar(255) DEFAULT NULL,
  `specify_sample_status` varchar(255) DEFAULT NULL,
  `specify_test_purpose` varchar(255) DEFAULT NULL,
  `tax_code_of_the_unit` varchar(255) DEFAULT NULL,
  `unit_code_of_program_peqas` varchar(255) DEFAULT NULL,
  `health_org_level_id` varchar(255) DEFAULT NULL,
  `qualification_id` varchar(255) DEFAULT NULL,
  `test_purpose_1_id` varchar(255) DEFAULT NULL,
  `test_purpose_2_id` varchar(255) DEFAULT NULL,
  `test_purpose_3_id` varchar(255) DEFAULT NULL,
  `test_purpose_4_id` varchar(255) DEFAULT NULL,
  `order_number` int(11) DEFAULT NULL,
  PRIMARY KEY (`id`),
  KEY `FKdwirnm3vdmyw3npvegq8vre3v` (`administrative_unit_id`),
  KEY `FKnoe8l1qku29e9jsu508wr94wm` (`health_org_type_id`),
  KEY `FKg56goj9lp6js2pumfe00aecqd` (`health_org_level_id`),
  KEY `FK4swrtrps51bd8e5eqgt3fgpux` (`qualification_id`),
  KEY `FKcijkw13qxso8tljw2qyidobay` (`test_purpose_1_id`),
  KEY `FKdsfh8cl5ggp4iafchabb1awoh` (`test_purpose_2_id`),
  KEY `FK27xlryqm959gatk9yjkurt5n5` (`test_purpose_3_id`),
  KEY `FKpvnfratvfw7v7a2xbv9i3jw8q` (`test_purpose_4_id`),
  KEY `FKsp657vopiwbdpq540wxgmgx00` (`user_id`)
) ENGINE=MyISAM DEFAULT CHARSET=utf8;

-- Dumping data for table eqa.tbl_eqa_health_org: 248 rows
/*!40000 ALTER TABLE `tbl_eqa_health_org` DISABLE KEYS */;
INSERT INTO `tbl_eqa_health_org` (`id`, `create_date`, `created_by`, `modified_by`, `modify_date`, `uuid_key`, `voided`, `address`, `code`, `contactName`, `contactPhone`, `description`, `name`, `administrative_unit_id`, `health_org_type_id`, `user_id`, `email`, `fax`, `officer_posion`, `positive_affirmative_right`, `sample_receipt_date`, `sample_recipient`, `sample_status`, `specify_level`, `specify_qualification`, `specify_sample_status`, `specify_test_purpose`, `tax_code_of_the_unit`, `unit_code_of_program_peqas`, `health_org_level_id`, `qualification_id`, `test_purpose_1_id`, `test_purpose_2_id`, `test_purpose_3_id`, `test_purpose_4_id`, `order_number`) VALUES
	('7d323516-eb86-4904-85b4-18931c3847af', '2020-05-09 08:59:49', 'admin', 'admin', '2020-08-05 10:12:22', '9385516a-15df-4d55-9976-708fb75e59b7', NULL, '371 Điện Biên Phủ, Phường 4, Quận 3, TPHCM', 'S-0001', 'Lê Thị Bích Nhật', '0909793554', 'Xét nghiệm tiền phẫu', 'Bệnh viện Bình Dân', NULL, '3696f91f-ced0-4ad4-81f2-ded5fd4b6787', NULL, NULL, NULL, NULL, NULL, NULL, NULL, NULL, NULL, NULL, NULL, NULL, NULL, NULL, NULL, NULL, NULL, NULL, NULL, NULL, 1),
	('fef97188-56f7-450f-8914-e39e1bafbc16', '2020-05-09 09:00:19', 'admin', 'admin', '2020-08-05 10:12:22', 'b01867a0-6c83-40ef-b3c3-e322a83b4de2', NULL, 'Số 9- Sư Vạn Hạnh- P9-Q5- TPHCM', 'S-0002', 'Phạm Thị Phương Loan', '996567276', 'An toàn truyền máu', 'BỆNH ViỆN 30-4 BỘ CÔNG AN', NULL, '3696f91f-ced0-4ad4-81f2-ded5fd4b6787', NULL, NULL, NULL, NULL, NULL, NULL, NULL, NULL, NULL, NULL, NULL, NULL, NULL, NULL, NULL, NULL, NULL, NULL, NULL, NULL, 2),
	('03048cf2-48ed-431b-ad60-71961ca4fb55', '2020-05-09 09:01:00', 'admin', 'admin', '2020-08-05 10:12:22', '50879392-e3c3-4093-95e6-e64550f6ccea', NULL, '263 Trần Quốc Toản, phường B\'Lao, Tp Bảo Lộc, Lâm Đồng', 'S-0003', 'Nguyễn Thị Thủy', '0848253149', 'An toàn truyền máu', 'Bệnh Viện II Lâm Đồng', NULL, '3696f91f-ced0-4ad4-81f2-ded5fd4b6787', NULL, NULL, NULL, NULL, NULL, NULL, NULL, NULL, NULL, NULL, NULL, NULL, NULL, NULL, NULL, NULL, NULL, NULL, NULL, NULL, 3),
	('ce5212c0-25f0-46cc-a96d-8ebb844a87f2', '2020-05-09 09:01:45', 'admin', 'admin', '2020-08-05 10:12:22', 'e77db336-0c64-442a-9ce7-cd0e0c061392', NULL, '527 Sư Vạn Hạnh - Q.10', 'S-0004', 'Nguyễn Ngọc Diệp', '906673468', 'Chẩn đoán nhiễm HIV', 'BV Nhân Dân 115 - TP.HCM', NULL, '3696f91f-ced0-4ad4-81f2-ded5fd4b6787', NULL, NULL, NULL, NULL, NULL, NULL, NULL, NULL, NULL, NULL, NULL, NULL, NULL, NULL, NULL, NULL, NULL, NULL, NULL, NULL, 4),
	('69782e35-7120-4622-95f4-6b321c63d150', '2020-05-09 09:02:11', 'admin', 'admin', '2020-08-05 10:12:22', '51a91733-88df-40fc-8a04-63d8195b1cb8', NULL, 'Số 01 Nơ Trang Long, F7, Q. Bình Thạnh', 'S-0005', 'Nguyễn Sử Minh Tuyết', '0908835467', 'Chẩn đoán nhiễm HIV', 'Bệnh viện Nhân Dân Gia Định', NULL, '3696f91f-ced0-4ad4-81f2-ded5fd4b6787', NULL, NULL, NULL, NULL, NULL, NULL, NULL, NULL, NULL, NULL, NULL, NULL, NULL, NULL, NULL, NULL, NULL, NULL, NULL, NULL, 5),
	('64e26b98-1b12-49e2-a3dd-42c593ea2d25', '2020-05-09 09:02:42', 'admin', 'admin', '2020-08-05 10:12:22', 'ebc6e94c-ec7a-483f-b1ff-51040f56be42', NULL, '341 Sư Vạn Hạnh phường 10 quận 10 Tp Hồ Chí Minh', 'S-0006', 'Lê Quốc Thịnh', '0903645557', 'Chẩn đoán nhiễm HIV', 'Khoa Vi Sinh- Bệnh Viện Nhi Đồng 1', NULL, '3696f91f-ced0-4ad4-81f2-ded5fd4b6787', NULL, NULL, NULL, NULL, NULL, NULL, NULL, NULL, NULL, NULL, NULL, NULL, NULL, NULL, NULL, NULL, NULL, NULL, NULL, NULL, 6),
	('6a344238-08b3-440d-b4c1-0ef15034f993', '2020-05-09 09:03:11', 'admin', 'admin', '2020-08-05 10:12:22', '6ce38f14-2e5c-46a4-b97e-9a46f44bf2a0', NULL, '14 Lý Tự Trọng, P. Bến Nghé Q.1, Tp. HCM', 'S-0007', 'Ths.Bs Nguyễn Văn Tân Minh', '0903839803', 'Chẩn đoán nhiễm HIV', 'PXN  Vi Sinh - Bệnh Viện Nhi Đồng 2', NULL, '3696f91f-ced0-4ad4-81f2-ded5fd4b6787', NULL, NULL, NULL, NULL, NULL, NULL, NULL, NULL, NULL, NULL, NULL, NULL, NULL, NULL, NULL, NULL, NULL, NULL, NULL, NULL, 7),
	('e6862df5-7640-4c45-853c-e89010f4c87c', '2020-05-09 09:03:46', 'admin', 'admin', '2020-08-05 10:12:22', '30eb2ae0-bf49-4b20-8cbc-066c705a5f4d', NULL, '764 VÕ VĂN KIỆT ', 'S-0008', 'Ths.Bs Đinh Thị Bích Ty', '908259509', 'Chẩn đoán nhiễm HIV', 'BỆNH VIỆN BỆNH NHIỆT ĐỚI', NULL, '3696f91f-ced0-4ad4-81f2-ded5fd4b6787', NULL, NULL, NULL, NULL, NULL, NULL, NULL, NULL, NULL, NULL, NULL, NULL, NULL, NULL, NULL, NULL, NULL, NULL, NULL, NULL, 8),
	('8438e895-cbe3-4000-94c3-7774bcbd2dc3', '2020-05-09 09:04:12', 'admin', 'admin', '2020-08-05 10:12:22', '0c1bb7a8-a059-49dc-be93-1a70a08dfa95', NULL, '120 HÙNG VƯƠNG P12 Q5 TPHCM', 'S-0009', 'TS.BS MAI NGUYỆT THU HUYỀN', '283550207', 'Chẩn đoán nhiễm HIV', 'BV.PHẠM NGỌC THẠCH', NULL, '3696f91f-ced0-4ad4-81f2-ded5fd4b6787', NULL, NULL, NULL, NULL, NULL, NULL, NULL, NULL, NULL, NULL, NULL, NULL, NULL, NULL, NULL, NULL, NULL, NULL, NULL, NULL, 9),
	('4f727002-2985-4f14-a62f-ac89c7ecfdb8', '2020-05-09 09:04:44', 'admin', 'admin', '2020-08-05 10:12:22', 'de2e5937-7012-46d4-b4ed-0130681312b9', NULL, '128 HỒNG BÀNG, PHƯỜNG 12, QUẬN 5, TPHCM', 'S-0010', 'ĐOÀN THỊ BÉ HÙNG', '0908948019', 'Sàng lọc cho phụ nữ mang thai', 'BỆNH VIỆN HÙNG VƯƠNG', NULL, '3696f91f-ced0-4ad4-81f2-ded5fd4b6787', NULL, NULL, NULL, NULL, NULL, NULL, NULL, NULL, NULL, NULL, NULL, NULL, NULL, NULL, NULL, NULL, NULL, NULL, NULL, NULL, 10),
	('328ac1d0-69dc-4615-ab56-95bf36542c1c', '2020-05-09 09:05:17', 'admin', 'admin', '2020-08-05 10:12:22', '4892b936-afd3-4b71-ba31-1297fe0daf54', NULL, '118 Hồng Bàng, P. 12, Quận 5, TP. Hồ Chí Minh', 'S-0011', 'Trần Thị Trang', '0936 772 333', 'An toàn truyền máu', 'Bệnh viện Truyền máu Huyết học', NULL, '3696f91f-ced0-4ad4-81f2-ded5fd4b6787', NULL, NULL, NULL, NULL, NULL, NULL, NULL, NULL, NULL, NULL, NULL, NULL, NULL, NULL, NULL, NULL, NULL, NULL, NULL, NULL, 11),
	('4addc731-79f6-455c-b0e6-d0d6c047eaaf', '2020-05-09 09:05:52', 'admin', 'admin', '2020-08-05 10:12:22', '53bd6386-3fa4-41cc-af7f-7152772e0e88', NULL, '284 Cống Quỳnh - Quận 1- TP.HCM', 'S-0012', 'Nguyễn Thị Thanh Nhàn', '0918-699-885', 'Sàng lọc cho phụ nữ mang thai', 'Bệnh Viện Từ Dũ', NULL, '3696f91f-ced0-4ad4-81f2-ded5fd4b6787', NULL, NULL, NULL, NULL, NULL, NULL, NULL, NULL, NULL, NULL, NULL, NULL, NULL, NULL, NULL, NULL, NULL, NULL, NULL, NULL, 12),
	('53ea02ed-8df7-4459-ba8b-a4f2e0c61306', '2020-05-09 09:06:34', 'admin', 'admin', '2020-08-05 10:12:22', '38101901-1d8f-4ac0-a3f6-7a3c0090c07a', NULL, '3 NƠ TRANG LONG BÌNH THẠNH, TP HỒ CHÍ MINH', 'S-0013', 'LƯƠNG THU TRÂM', '918419402', 'Xét nghiệm tiền phẫu', 'BỆNH ViỆN UNG BƯỚU', NULL, '3696f91f-ced0-4ad4-81f2-ded5fd4b6787', NULL, NULL, NULL, NULL, NULL, NULL, NULL, NULL, NULL, NULL, NULL, NULL, NULL, NULL, NULL, NULL, NULL, NULL, NULL, NULL, 13),
	('23c4f358-1ece-4c82-8f33-a7480d39e723', '2020-05-09 09:07:03', 'admin', 'admin', '2020-08-05 10:12:22', 'b7f9ffde-fa02-4125-884d-7b216117c39a', NULL, '168 Bis Phan Văn Trị, Phường 5, Q. Gò Vấp, Tp. HCM', 'S-0014', 'Đinh Việt Đức', '989369579', 'Chẩn đoán nhiễm HIV', 'Trung tâm YHDP Quân đội phía Nam', NULL, '3696f91f-ced0-4ad4-81f2-ded5fd4b6787', NULL, NULL, NULL, NULL, NULL, NULL, NULL, NULL, NULL, NULL, NULL, NULL, NULL, NULL, NULL, NULL, NULL, NULL, NULL, NULL, 14),
	('6af9f01f-e56b-4c13-a05a-0f7bc34a3db1', '2020-05-09 09:07:35', 'admin', 'admin', '2020-08-05 10:12:22', '9a4c7243-0ef1-48e4-a85b-352deb594feb', NULL, 'Số 60-Ung Văn Khiêm-Phường Mỹ Phước-TP. Long Xuyên-An Giang', 'S-0015', 'Nguyễn Thúy Nga', '0984811642', 'Chẩn đoán nhiễm HIV', 'BỆNH VIỆN ĐA KHOA TT AN GIANG', NULL, '3696f91f-ced0-4ad4-81f2-ded5fd4b6787', NULL, NULL, NULL, NULL, NULL, NULL, NULL, NULL, NULL, NULL, NULL, NULL, NULL, NULL, NULL, NULL, NULL, NULL, NULL, NULL, 15),
	('e6b5796f-b073-46c6-be4f-80860e23d12e', '2020-05-09 09:11:46', 'admin', 'admin', '2020-08-05 10:12:22', '8acd4330-d732-4ab6-a072-32c5220b93d2', NULL, 'Số 05 Phạm Ngọc Thạch, phường Hiệp Thành, TP Thủ Dầu Một, tỉnh Bình Dương', 'S-0016', 'Trần Thụy Vân Ngọc', '913657549', 'Sàng lọc cho phụ nữ mang thai', 'BỆNH VIỆN ĐA KHOA BÌNH DƯƠNG', NULL, '3696f91f-ced0-4ad4-81f2-ded5fd4b6787', NULL, NULL, NULL, NULL, NULL, NULL, NULL, NULL, NULL, NULL, NULL, NULL, NULL, NULL, NULL, NULL, NULL, NULL, NULL, NULL, 16),
	('9ea1c2a2-6fc0-40e5-96d2-2ce1b0836d62', '2020-05-09 09:12:13', 'admin', 'admin', '2020-08-05 10:12:22', 'a76e82c6-86b3-429c-a41f-2c2a195d9113', NULL, '686 VÕ VĂN KiỆT PHƯỜNG LONG TÂM THÀNH PHỐ BÀ RỊA', 'S-0017', 'ĐINH THỊ MAI HƯƠNG', '973454088', 'Sàng lọc cho phụ nữ mang thai', 'BỆNH ViỆN BÀ RỊA', NULL, '3696f91f-ced0-4ad4-81f2-ded5fd4b6787', NULL, NULL, NULL, NULL, NULL, NULL, NULL, NULL, NULL, NULL, NULL, NULL, NULL, NULL, NULL, NULL, NULL, NULL, NULL, NULL, 17),
	('f0452ae1-47de-4b8b-b02f-58fa70666ddb', '2020-05-09 09:13:00', 'admin', 'admin', '2020-08-05 10:12:22', '88a7c02a-9433-4a0a-acd9-2256706222cc', NULL, '06 Nguyễn Huệ, Phường 3, Thành phố Bạc Liêu, Tỉnh Bạc Liêu', 'S-0018', 'Trịnh Hữu Nhân', '0916190591', 'Trống', 'Bệnh viện đa khoa Bạc Liêu', NULL, '3696f91f-ced0-4ad4-81f2-ded5fd4b6787', NULL, NULL, NULL, NULL, NULL, NULL, NULL, NULL, NULL, NULL, NULL, NULL, NULL, NULL, NULL, NULL, NULL, NULL, NULL, NULL, 18),
	('ba07302e-68cc-4b38-8445-d13fc81c11d6', '2020-05-09 09:13:53', 'admin', 'admin', '2020-08-05 10:12:22', 'c2a53ea0-5e17-46ae-a511-90cd35cbf093', NULL, 'Quốc lộ 14,Xã Tiến Thành, Thành Phố  Đồng Xoài Tỉnh Bình Phước', 'S-0019', 'CN. Đinh Thị Anh Đào', '913080776', 'Chẩn đoán nhiễm HIV', 'BỆNH VIỆN ĐA KHOA TỈNH BÌNH PHƯỚC', NULL, '3696f91f-ced0-4ad4-81f2-ded5fd4b6787', NULL, NULL, NULL, NULL, NULL, NULL, NULL, NULL, NULL, NULL, NULL, NULL, NULL, NULL, NULL, NULL, NULL, NULL, NULL, NULL, 19),
	('54cc5b9e-4d9b-45f4-a511-c1c31acf9ab1', '2020-05-09 09:14:22', 'admin', 'admin', '2020-08-05 10:12:22', '5495679c-ca49-4550-b5ef-efaa537d1b34', NULL, '04 Châu Văn Liêm, P. An LẠc, Q. Ninh Kiều, TP.Cần Thơ', 'S-0020', 'Huỳnh Quang Minh', '090.727.0004', 'Chẩn đoán nhiễm HIV', 'Bệnh viện Đa khoa TP Cần Thơ', NULL, '3696f91f-ced0-4ad4-81f2-ded5fd4b6787', NULL, NULL, NULL, NULL, NULL, NULL, NULL, NULL, NULL, NULL, NULL, NULL, NULL, NULL, NULL, NULL, NULL, NULL, NULL, NULL, 20),
	('093215a9-d524-4a5f-840f-38a2bb55565c', '2020-05-09 09:15:09', 'admin', 'admin', '2020-08-05 10:12:22', '2c4dd307-9ca5-4520-b841-84cd2e2db37f', NULL, 'TỔ 4 - P. NGHĨA TRUNG - THỊ XÃ GIA NGHĨA - TỈNH ĐĂK NÔNG', 'S-0021', 'NGUYỄN THỊ HẠNH NGUYÊN', '0982317375', 'Chẩn đoán nhiễm HIV', 'BỆNH VIỆN ĐA KHOA TỈNH ĐĂK NÔNG', NULL, '3696f91f-ced0-4ad4-81f2-ded5fd4b6787', NULL, NULL, NULL, NULL, NULL, NULL, NULL, NULL, NULL, NULL, NULL, NULL, NULL, NULL, NULL, NULL, NULL, NULL, NULL, NULL, 21),
	('8b7564ae-7d57-47ed-9248-371ae8de368a', '2020-05-09 09:18:23', 'admin', 'admin', '2020-08-05 10:12:22', 'c6a92046-dfb4-4f48-9fae-e634bb505009', NULL, 'Số 02,đường Đồng Khởi, p Tam Hòa, Biên Hòa, Đồng Nai', 'S-0022', 'Lê Văn Thống Nhất', '083 687 1111', 'Xét nghiệm tiền phẫu', 'Bệnh viện đa khoa Đồng Nai', NULL, '3696f91f-ced0-4ad4-81f2-ded5fd4b6787', NULL, NULL, NULL, NULL, NULL, NULL, NULL, NULL, NULL, NULL, NULL, NULL, NULL, NULL, NULL, NULL, NULL, NULL, NULL, NULL, 22),
	('18fdbe4b-f61c-4032-83ed-919eab8f7793', '2020-05-09 09:18:55', 'admin', 'admin', '2020-08-05 10:12:22', '396d9264-dfe2-433e-8c89-8255dbc20efc', NULL, 'Số 144, đường Mai Văn Khải, ấp 3, xã Mỹ Tân, Tp. Cao Lãnh, Đồng Tháp', 'S-0023', 'Phạm Thị Hồng Liên', '02773899267', 'Chẩn đoán nhiễm HIV', 'Bệnh viện ĐK Đồng Tháp', NULL, '3696f91f-ced0-4ad4-81f2-ded5fd4b6787', NULL, NULL, NULL, NULL, NULL, NULL, NULL, NULL, NULL, NULL, NULL, NULL, NULL, NULL, NULL, NULL, NULL, NULL, NULL, NULL, 23),
	('dd16f53f-24e6-49fa-ba2c-7e8e627983c9', '2020-05-09 09:19:30', 'admin', 'admin', '2020-08-05 10:12:22', 'c023bb8d-8ab7-4f1a-a972-04738525f162', NULL, '647 - Trần Hưng Đạo - KV 4 - P 3 - Thành Phố Vị Thanh - Hậu Giang', 'S-0024', 'Trần Thế Tôn', '0977537241', 'Chẩn đoán nhiễm HIV', 'Bệnh viện đa khoa Tỉnh Hậu Giang', NULL, '3696f91f-ced0-4ad4-81f2-ded5fd4b6787', NULL, NULL, NULL, NULL, NULL, NULL, NULL, NULL, NULL, NULL, NULL, NULL, NULL, NULL, NULL, NULL, NULL, NULL, NULL, NULL, 24),
	('84b9c67c-457a-450d-9c36-475413dede0f', '2020-05-09 09:22:19', 'admin', 'admin', '2020-08-05 10:12:22', '58942b4b-7506-4664-b576-f83f27d14626', NULL, '378. Lê Duẩn.Phường 9. Thành phố Sóc Trăng. Tỉnh Sóc Trăng', 'S-0025', 'Nguyễn Thị Phương Chi', '939598885', 'Chẩn đoán nhiễm HIV', 'Khoa Huyết học-Truyền máu', NULL, '3696f91f-ced0-4ad4-81f2-ded5fd4b6787', NULL, NULL, NULL, NULL, NULL, NULL, NULL, NULL, NULL, NULL, NULL, NULL, NULL, NULL, NULL, NULL, NULL, NULL, NULL, NULL, 25),
	('fb98b527-07f4-4e10-81a4-906f52504cd7', '2020-05-09 09:23:29', 'admin', 'admin', '2020-08-05 10:12:22', '3f86ce45-4a94-425c-aea6-cbd108343e55', NULL, '27, Điện Biên Phủ, Phường 6, TP Trà Vinh, Tỉnh Trà Vinh', 'S-0026', 'Thạch Ngọc Tiên', '000000000', 'Sàng lọc cho phụ nữ mang thai', 'BVĐK TỈNH TRÀ VINH', NULL, '3696f91f-ced0-4ad4-81f2-ded5fd4b6787', NULL, NULL, NULL, NULL, NULL, NULL, NULL, NULL, NULL, NULL, NULL, NULL, NULL, NULL, NULL, NULL, NULL, NULL, NULL, NULL, 26),
	('59bfc792-92e8-4924-af94-1c12f65c2563', '2020-05-09 09:23:58', 'admin', 'admin', '2020-08-05 10:12:22', 'd6c3e0a0-0d37-47af-b3a6-1764916f45e2', NULL, '315 nguyễn Văn Linh, P.An Khánh, Q.Ninh Kiều, Tp.Cần Thơ', 'S-0027', 'TQĐ', '0939072666', 'Sàng lọc cho phụ nữ mang thai', 'Bệnh Viện Đa Khoa Trung Ương Cần Thơ', NULL, '3696f91f-ced0-4ad4-81f2-ded5fd4b6787', NULL, NULL, NULL, NULL, NULL, NULL, NULL, NULL, NULL, NULL, NULL, NULL, NULL, NULL, NULL, NULL, NULL, NULL, NULL, NULL, 27),
	('0f4615e5-95aa-4105-aaba-8ca081ef2663', '2020-05-09 09:24:27', 'admin', 'admin', '2020-08-05 10:12:22', 'ab277ccf-24a1-4ddb-82c1-f36449b693c5', NULL, '301 TRẦN PHÚ - PHƯỜNG 4 - TP VĨNH LONG - VĨNH LONG', 'S-0028', 'NGUYỄN VĂN VĨNH', '918331688', 'Chẩn đoán nhiễm HIV', 'BỆNH VIỆN ĐA KHOA TỈNH VĨNH LONG', NULL, '3696f91f-ced0-4ad4-81f2-ded5fd4b6787', NULL, NULL, NULL, NULL, NULL, NULL, NULL, NULL, NULL, NULL, NULL, NULL, NULL, NULL, NULL, NULL, NULL, NULL, NULL, NULL, 28),
	('88f88357-e12d-4ceb-afd0-882d93f610b1', '2020-05-09 09:25:09', 'admin', 'admin', '2020-08-05 10:12:22', '342ab2e1-53df-42a9-9124-b2590427519e', NULL, '20, Nguyễn Du, Mỹ Bình,Long Xuyên, An Giang', 'S-0029', 'Huỳnh Hữu Lợi', '0838899708', 'Chẩn đoán nhiễm HIV', 'Trung tâm Phòng, chống HIV/ AIDS AG', NULL, '3696f91f-ced0-4ad4-81f2-ded5fd4b6787', NULL, NULL, NULL, NULL, NULL, NULL, NULL, NULL, NULL, NULL, NULL, NULL, NULL, NULL, NULL, NULL, NULL, NULL, NULL, NULL, 29),
	('0c885e7a-c569-4606-b290-44a1ce10b8fb', '2020-05-09 09:25:37', 'admin', 'admin', '2020-08-05 10:12:22', '057ed368-ae5f-46b3-9155-7ad51ae84c39', NULL, 'Đường Võ Văn Kiệt, Tổ 4, phường Nghĩa Trung, thị xã Gia Nghĩa, tỉnh Đắk Nông', 'S-0030', 'Ndong Brưm', '0948438778', 'Chẩn đoán nhiễm HIV', 'Trung tâm Kiểm soát bệnh tật tỉnh Đắk Nông', NULL, '3696f91f-ced0-4ad4-81f2-ded5fd4b6787', NULL, NULL, NULL, NULL, NULL, NULL, NULL, NULL, NULL, NULL, NULL, NULL, NULL, NULL, NULL, NULL, NULL, NULL, NULL, NULL, 30),
	('a34fcbf6-3c58-466a-b0e6-9738f7228007', '2020-05-09 09:26:03', 'admin', 'admin', '2020-08-05 10:12:22', '4d164947-e841-46b5-8044-886409a190fe', NULL, '75 Phan Đình Phùng - Pleiku - Gia Lai', 'S-0031', 'Nguyễn Thị Ngọc Châu', '0964 957 868', 'Chẩn đoán nhiễm HIV', 'Trung tâm Kiểm soát Bệnh tật tỉnh Gia Lai', NULL, '3696f91f-ced0-4ad4-81f2-ded5fd4b6787', NULL, NULL, NULL, NULL, NULL, NULL, NULL, NULL, NULL, NULL, NULL, NULL, NULL, NULL, NULL, NULL, NULL, NULL, NULL, NULL, 31),
	('17ca92dc-8355-4ead-ba51-1cd97b9f8236', '2020-05-09 09:26:36', 'admin', 'admin', '2020-08-05 10:12:22', '1789b86c-b40f-417e-8417-9f2c28a9da22', NULL, '405 Bà Triệu - TP Kon Tum - tỉnh Kon Tum', 'S-0032', 'Dương Văn Thanh', '0982 117 154', 'Chẩn đoán nhiễm HIV', 'Trung tâm Kiểm soát bệnh tật tỉnh Kon Tum', NULL, '3696f91f-ced0-4ad4-81f2-ded5fd4b6787', NULL, NULL, NULL, NULL, NULL, NULL, NULL, NULL, NULL, NULL, NULL, NULL, NULL, NULL, NULL, NULL, NULL, NULL, NULL, NULL, 32),
	('6ceef60e-140c-4a91-982e-e62ec53b8cb8', '2020-05-09 09:27:04', 'admin', 'admin', '2020-08-05 10:12:22', '859f6cb8-e30e-45ed-ba24-0e9d18cb2b59', NULL, 'Đường Nguyễn Bính, Khóm 8, Phường 5, Tp. Cà Mau', 'S-0033', 'Nguyễn Văn Diện', '0918640362', 'Chẩn đoán nhiễm HIV', 'Trung tâm PC HIV/AIDS Cà Mau', NULL, '3696f91f-ced0-4ad4-81f2-ded5fd4b6787', NULL, NULL, NULL, NULL, NULL, NULL, NULL, NULL, NULL, NULL, NULL, NULL, NULL, NULL, NULL, NULL, NULL, NULL, NULL, NULL, 33),
	('bbfd5c0c-36ad-45bc-a641-5cdb2eef6d8a', '2020-05-09 09:27:31', 'admin', 'admin', '2020-08-05 10:12:22', '90344e9f-ca19-4706-ac0c-d8bc9e03be67', NULL, 'Số 400, đường Nguyễn Văn Cừ nối dài, P. An Bình, Q.Ninh Kiều, TP. Cần Thơ', 'S-0034', 'Nguyễn Ngọc Điểm', '907478617', 'Chẩn đoán nhiễm HIV', 'TT Phòng, chống HIV/AIDS TP. Cần Thơ', NULL, '3696f91f-ced0-4ad4-81f2-ded5fd4b6787', NULL, NULL, NULL, NULL, NULL, NULL, NULL, NULL, NULL, NULL, NULL, NULL, NULL, NULL, NULL, NULL, NULL, NULL, NULL, NULL, 34),
	('29ce94d3-04f4-4a6b-a628-391f24417812', '2020-05-09 09:27:57', 'admin', 'admin', '2020-08-05 10:12:22', 'aa6bf157-64bd-40f4-871e-491de22bceff', NULL, 'Số 01, Đồng Khởi, Phường 5, Thành Phố Bạc Liêu, Bạc Liêu', 'S-0035', 'PHẠM THANH HỒNG', '0918093646', 'Chẩn đoán nhiễm HIV', 'Trung Tâm Kiểm Soát Bệnh Tật Bạc Liêu', NULL, '3696f91f-ced0-4ad4-81f2-ded5fd4b6787', NULL, NULL, NULL, NULL, NULL, NULL, NULL, NULL, NULL, NULL, NULL, NULL, NULL, NULL, NULL, NULL, NULL, NULL, NULL, NULL, 35),
	('2c66959d-ec9c-4a0e-ad57-726df1ad8534', '2020-05-09 09:28:26', 'admin', 'admin', '2020-08-05 10:12:22', 'c26c5326-a873-4f84-a568-f2e54f4d1518', NULL, '500F, khu phố 2, phường Phú Khương, TP bến Tre', 'S-0036', 'Võ Hoàng Thái', '0947446128', 'Chẩn đoán nhiễm HIV', 'Trung tâm kiểm soát bệnh tật tỉnh Bến Tre', NULL, '3696f91f-ced0-4ad4-81f2-ded5fd4b6787', NULL, NULL, NULL, NULL, NULL, NULL, NULL, NULL, NULL, NULL, NULL, NULL, NULL, NULL, NULL, NULL, NULL, NULL, NULL, NULL, 36),
	('eb076443-232e-4aaa-b64c-384cab6792e4', '2020-05-09 09:28:51', 'admin', 'admin', '2020-08-05 10:12:22', '6e695812-395d-4d94-bd4c-3c905b515d35', NULL, '211 đường Yersin, P. Phú Cường, Tp. Thủ Dầu Một, Bình Dương', 'S-0037', 'Lê Thị Hồng Xuyên', '0978325345', 'Chẩn đoán nhiễm HIV', 'Trung tâm phòng, chống HIV/AIDS tỉnh Bình Dương', NULL, '3696f91f-ced0-4ad4-81f2-ded5fd4b6787', NULL, NULL, NULL, NULL, NULL, NULL, NULL, NULL, NULL, NULL, NULL, NULL, NULL, NULL, NULL, NULL, NULL, NULL, NULL, NULL, 37),
	('34b42f36-5ff8-45b3-81e5-3e6cee67f1d5', '2020-05-09 09:29:17', 'admin', 'admin', '2020-08-05 10:12:22', 'cb27b3e1-274e-42ff-8d78-0480b1334f23', NULL, 'ấp 1, p.Tiến Thành, tp.Đồng Xoài, tỉnh Bình Phước', 'S-0038', 'Nguyễn Thị Hạnh Chi', '0979879489', 'Chẩn đoán nhiễm HIV', 'Trung tâm kiểm soát bệnh tật Bình Phước', NULL, '3696f91f-ced0-4ad4-81f2-ded5fd4b6787', NULL, NULL, NULL, NULL, NULL, NULL, NULL, NULL, NULL, NULL, NULL, NULL, NULL, NULL, NULL, NULL, NULL, NULL, NULL, NULL, 38),
	('f144c84c-9470-4a0b-b444-bda261d0bec5', '2020-05-09 09:29:49', 'admin', 'admin', '2020-08-05 10:12:22', '41a070f2-dc8c-42d4-a16d-7d958cf1d7ce', NULL, 'Đường số 14 - Khu Vực 4 - Phường 3 - TP Vị Thanh - Hậu Giang.', 'S-0039', 'Hà Tấn Bình Đẳng', '0939325959', 'Chẩn đoán nhiễm HIV', 'Trung tâm PC HIV/AIDS Hậu Giang', NULL, '3696f91f-ced0-4ad4-81f2-ded5fd4b6787', NULL, NULL, NULL, NULL, NULL, NULL, NULL, NULL, NULL, NULL, NULL, NULL, NULL, NULL, NULL, NULL, NULL, NULL, NULL, NULL, 39),
	('a63474e2-7d50-4093-990f-9d80050f21f0', '2020-05-09 09:30:18', 'admin', 'admin', '2020-08-05 10:12:22', '68ad31c2-33dd-447e-acac-54e2177b5efd', NULL, 'D11 Phạm Hùng - Tuệ Tĩnh, P. Vĩnh Lạc, TP. Rạch Giá - Kiên Giang', 'S-0040', 'Tạ Thị Thu Thủy', '943116167', 'Chẩn đoán nhiễm HIV', 'Trung Tâm Kiểm Soát Bệnh Tật Tỉnh Kiên Giang', NULL, '3696f91f-ced0-4ad4-81f2-ded5fd4b6787', NULL, NULL, NULL, NULL, NULL, NULL, NULL, NULL, NULL, NULL, NULL, NULL, NULL, NULL, NULL, NULL, NULL, NULL, NULL, NULL, 40),
	('328cc835-5117-4996-b02c-7eec9cfd7064', '2020-05-09 09:31:12', 'admin', 'admin', '2020-08-05 10:12:22', 'b6354902-7d1b-4ee2-b306-7a65cf677c5f', NULL, 'Số 6 Ngô Quyền, P1, TP Tân An, Long An', 'S-0041', 'Nguyễn Thị Kim Tuyền', '2723829995', 'Chẩn đoán nhiễm HIV', 'Trung tâm Kiểm soát bệnh tật Long An', NULL, '3696f91f-ced0-4ad4-81f2-ded5fd4b6787', NULL, NULL, NULL, NULL, NULL, NULL, NULL, NULL, NULL, NULL, NULL, NULL, NULL, NULL, NULL, NULL, NULL, NULL, NULL, NULL, 41),
	('378e4d58-6e8f-4255-bd4d-e54ac3fa9569', '2020-05-09 09:31:34', 'admin', 'admin', '2020-08-05 10:12:22', 'df67aa3d-b8e0-455b-a7e6-ae4b3af20b66', NULL, 'Số 376 Lê Duẩn, K5, P9, TPST, tỉnh Sóc Trăng', 'S-0042', 'Trần Bữu Hiệp', '0913183127', 'Chẩn đoán nhiễm HIV', 'TRUNG TÂM PC HIV/AIDS SÓC TRĂNG', NULL, '3696f91f-ced0-4ad4-81f2-ded5fd4b6787', NULL, NULL, NULL, NULL, NULL, NULL, NULL, NULL, NULL, NULL, NULL, NULL, NULL, NULL, NULL, NULL, NULL, NULL, NULL, NULL, 42),
	('016449fb-182b-44c2-8970-8c9c53803ebf', '2020-05-09 09:32:26', 'admin', 'admin', '2020-08-05 10:12:22', '96f0aed9-39d4-4500-8dd4-8d62c9bb1c85', NULL, '49 Trần Hưng Đạo, phường 2, Tỉnh Tây Ninh', 'S-0043', 'Đặng Quang Khải', '983064604', 'Sàng lọc cho phụ nữ mang thai', 'TRUNG TÂM Y TẾ THÀNH PHỐ TÂY NINH', NULL, '3696f91f-ced0-4ad4-81f2-ded5fd4b6787', NULL, NULL, NULL, NULL, NULL, NULL, NULL, NULL, NULL, NULL, NULL, NULL, NULL, NULL, NULL, NULL, NULL, NULL, NULL, NULL, 43),
	('844f2bd2-9382-44e7-88f5-7b07478aa6cd', '2020-05-09 09:32:55', 'admin', 'admin', '2020-08-05 10:12:22', '766da462-b850-4267-9ce0-b2dd20f209d9', NULL, '720 Đinh Bộ Lĩnh, phường 8, Tp. Mỹ Tho', 'S-0044', 'Trần Kim Phương', '0399382807', 'Chẩn đoán nhiễm HIV', 'Trung tâm Kiểm soát bệnh tật Tiền Giang', NULL, '3696f91f-ced0-4ad4-81f2-ded5fd4b6787', NULL, NULL, NULL, NULL, NULL, NULL, NULL, NULL, NULL, NULL, NULL, NULL, NULL, NULL, NULL, NULL, NULL, NULL, NULL, NULL, 44),
	('29e411c1-0ccb-4eb0-8cfd-f28e3649bd1c', '2020-05-09 09:33:24', 'admin', 'admin', '2020-08-05 10:12:22', 'affdf809-d4d5-4137-b2a3-88820f64cdde', NULL, 'Số 24 đường Hùng Vương Phường 1 Thành Phố Vĩnh Long', 'S-0045', 'Huỳnh Ngọc Thanh', '0908209349', 'Chẩn đoán nhiễm HIV', 'TTKS BỆNH TẬT VĨNH LONG', NULL, '3696f91f-ced0-4ad4-81f2-ded5fd4b6787', NULL, NULL, NULL, NULL, NULL, NULL, NULL, NULL, NULL, NULL, NULL, NULL, NULL, NULL, NULL, NULL, NULL, NULL, NULL, NULL, 45),
	('ad73b402-bbd0-409f-b341-71646271a7b4', '2020-05-09 09:34:00', 'admin', 'admin', '2020-08-05 10:12:22', '26c04232-8225-4f54-babc-a74a86051621', NULL, 'Ấp Bắc, xã Hòa Long, tp Bà Rịa', 'S-0046', 'Trần Văn Đông', '0387503948', 'Chẩn đoán nhiễm HIV', 'Trung tâm Phòng, chống HIV/AIDS tỉnh BR-VT', NULL, '3696f91f-ced0-4ad4-81f2-ded5fd4b6787', NULL, NULL, NULL, NULL, NULL, NULL, NULL, NULL, NULL, NULL, NULL, NULL, NULL, NULL, NULL, NULL, NULL, NULL, NULL, NULL, 46),
	('79ffb2f3-c432-4b16-91c0-b0f369343e9c', '2020-05-09 09:34:25', 'admin', 'admin', '2020-08-05 10:12:22', 'd98e06fc-9eb8-4cae-817e-71479865ee33', NULL, 'Số 1 - Ngô Đức Kế - Q Ninh Kiều - TP Cần Thơ', 'S-0047', 'Trần Phương Hà', '939722334', 'Chẩn đoán nhiễm HIV', 'Trung Tâm Kiểm Soát Bệnh Tật TP Cần Thơ', NULL, '3696f91f-ced0-4ad4-81f2-ded5fd4b6787', NULL, NULL, NULL, NULL, NULL, NULL, NULL, NULL, NULL, NULL, NULL, NULL, NULL, NULL, NULL, NULL, NULL, NULL, NULL, NULL, 47),
	('d09db482-9fed-4f48-81eb-1e5fd433aa1f', '2020-05-09 09:39:04', 'admin', 'admin', '2020-08-05 10:12:22', '5c82124c-f6a0-470a-b7a2-a925228f8628', NULL, '19 Phạm Ngọc Thạch, Phước Hưng, TP Bà Rịa, Tỉnh BR - VT', 'S-0048', 'Nguyễn Thị Hồng Hoa', '0903915862', 'Chẩn đoán nhiễm HIV', 'Trung tâm y tế dự phòng Tỉnh Bà Rịa - Vũng Tàu', NULL, '3696f91f-ced0-4ad4-81f2-ded5fd4b6787', NULL, NULL, NULL, NULL, NULL, NULL, NULL, NULL, NULL, NULL, NULL, NULL, NULL, NULL, NULL, NULL, NULL, NULL, NULL, NULL, 48),
	('9128c1c6-552b-4eb1-843d-10281c86a28f', '2020-05-09 09:39:31', 'admin', 'admin', '2020-08-05 10:12:22', '91e4bc00-78f9-4ecd-8ce6-9e04b27373a3', NULL, 'Số 1 đường Đồng Khởi, KP1 P. Trảng Dài-TP. Biên Hòa-Tỉnh Đồng Nai', 'S-0049', 'Phạm Văn Thanh', '0909309580', 'Chẩn đoán nhiễm HIV', 'Trung tâm Kiểm soát bệnh tật Đồng Nai', NULL, '3696f91f-ced0-4ad4-81f2-ded5fd4b6787', NULL, NULL, NULL, NULL, NULL, NULL, NULL, NULL, NULL, NULL, NULL, NULL, NULL, NULL, NULL, NULL, NULL, NULL, NULL, NULL, 49),
	('5bc52b60-e4a4-4b78-9f8b-7e1bf7165059', '2020-05-09 09:39:59', 'admin', 'admin', '2020-08-05 10:12:22', '2b0f7475-f9d5-44cb-a106-9e99d71431e7', NULL, '628 đường 30/4, Khu phố 1, Phường 3, Thành phố Tây Ninh, Tây Ninh', 'S-0050', 'Nguyễn Anh Vũ', '0944449886', 'Chẩn đoán nhiễm HIV', 'Trung tâm Kiểm soát bệnh tật tỉnh Tây Ninh', NULL, '3696f91f-ced0-4ad4-81f2-ded5fd4b6787', NULL, NULL, NULL, NULL, NULL, NULL, NULL, NULL, NULL, NULL, NULL, NULL, NULL, NULL, NULL, NULL, NULL, NULL, NULL, NULL, 50),
	('2f657658-a934-4580-8c74-d5e48300d978', '2020-05-09 09:40:26', 'admin', 'admin', '2020-08-05 10:12:22', '4a35cdb5-a6f5-429b-a47b-f11c0a61414d', NULL, '699 Trần Hưng Đạo, P1, Q5, TPHCM', 'S-0051', 'Lưu Thị Phương Trinh', '39232717127', 'Chẩn đoán nhiễm HIV', 'Trung tâm Y tế Dự phòng TP.HCM', NULL, '3696f91f-ced0-4ad4-81f2-ded5fd4b6787', NULL, NULL, NULL, NULL, NULL, NULL, NULL, NULL, NULL, NULL, NULL, NULL, NULL, NULL, NULL, NULL, NULL, NULL, NULL, NULL, 51),
	('3e9e8642-4975-4827-b3ef-946a0070b194', '2020-05-09 09:40:51', 'admin', 'admin', '2020-08-05 10:12:22', '94f36076-c9f6-4e3d-ad7d-46a4f9677325', NULL, 'SỐ 29-ĐƯỜNG PHAN NGỌC TÒNG, KHU PHỐ 6, THỊ TRẤN BA TRI, HUYỆN BA TRI, TỈNH BẾN TRE', 'S-0052', 'TRẦN VĂN TRỌNG', '0919578388', 'Sàng lọc cho phụ nữ mang thai', 'BỆNH VIỆN ĐA KHOA KHU VỰC BA TRI', NULL, '3696f91f-ced0-4ad4-81f2-ded5fd4b6787', NULL, NULL, NULL, NULL, NULL, NULL, NULL, NULL, NULL, NULL, NULL, NULL, NULL, NULL, NULL, NULL, NULL, NULL, NULL, NULL, 52),
	('2867c5df-3048-4423-94e4-d5ebb4d5b75f', '2020-05-09 09:41:22', 'admin', 'admin', '2020-08-05 10:12:22', '5b9c3c32-2ab7-4861-9de5-1ae76c1a1418', NULL, 'số 36, đường Nguyễn Văn Thảnh, khóm 5, phường Cái Vồn, thị xã Bình Minh, tỉnh Vĩnh Long', 'S-0053', 'Nguyễn Quang Minh', '0918258387', 'Sàng lọc cho phụ nữ mang thai', 'Trung tâm y tế thị xã Bình Minh', NULL, '3696f91f-ced0-4ad4-81f2-ded5fd4b6787', NULL, NULL, NULL, NULL, NULL, NULL, NULL, NULL, NULL, NULL, NULL, NULL, NULL, NULL, NULL, NULL, NULL, NULL, NULL, NULL, 53),
	('72924120-ecf1-4d85-899e-3f2ecafe906f', '2020-05-09 09:41:47', 'admin', 'admin', '2020-08-05 10:12:22', '967c6e1b-8820-4cda-856c-45184cf9c7f8', NULL, 'QL1A,khu1, phường 4, Tx.Cai Lậy,Tiền Giang', 'S-0054', 'Lê Văn Qui', '983632518', 'Sàng lọc cho phụ nữ mang thai', 'Bệnh viện đa khoa khu vực Cai Lậy', NULL, '3696f91f-ced0-4ad4-81f2-ded5fd4b6787', NULL, NULL, NULL, NULL, NULL, NULL, NULL, NULL, NULL, NULL, NULL, NULL, NULL, NULL, NULL, NULL, NULL, NULL, NULL, NULL, 54),
	('41dde68a-63de-45a1-9ca0-0e3fa0c3d374', '2020-05-09 09:42:19', 'admin', 'admin', '2020-08-05 10:12:22', 'e93d728f-02a5-4548-930d-46bdf83a8294', NULL, 'Quốc lộ 57, Ấp Tân Lộc, Xã Tân Hội, Huyện Mỏ Cày Nam, Tỉnh Bến Tre', 'S-0055', 'Thạch Thị Điểm', '909544807', 'Sàng lọc cho phụ nữ mang thai', 'Bệnh Viện Đa Khoa Khu Vực Cù Lao Minh', NULL, '3696f91f-ced0-4ad4-81f2-ded5fd4b6787', NULL, NULL, NULL, NULL, NULL, NULL, NULL, NULL, NULL, NULL, NULL, NULL, NULL, NULL, NULL, NULL, NULL, NULL, NULL, NULL, 55),
	('2df59d9b-c1c7-4ea7-942c-5373dbc1e5cb', '2020-05-09 09:42:55', 'admin', 'admin', '2020-08-05 10:12:22', '187e6f56-dd71-4fcc-8197-ba6b0aac78f1', NULL, 'Tỉnh lộ 862 khu phố 4 phường 5 Thị xã Gò Công tỉnh Tiền Giang', 'S-0056', 'Nguyễn Thị Ánh Loan', '919338488', 'Sàng lọc cho phụ nữ mang thai', 'Bệnh viện ĐKKV Gò Công', NULL, '3696f91f-ced0-4ad4-81f2-ded5fd4b6787', NULL, NULL, NULL, NULL, NULL, NULL, NULL, NULL, NULL, NULL, NULL, NULL, NULL, NULL, NULL, NULL, NULL, NULL, NULL, NULL, 56),
	('b67f0c79-4819-43cd-aff3-5409b554876a', '2020-05-09 09:43:18', 'admin', 'admin', '2020-08-05 10:12:22', 'dbc5d2e4-2fd0-431e-9a1f-60d0f5b812fa', NULL, '468 - Đường 30/4 - Khóm 1 - Phường 3 - TP. Sóc Trăng - Tỉnh Sóc Trăng.', 'S-0057', 'Trần Thanh Hải', '0903349781', 'Trống', 'Bệnh viện 30 Tháng 4 Tỉnh Sóc Trăng', NULL, '3696f91f-ced0-4ad4-81f2-ded5fd4b6787', NULL, NULL, NULL, NULL, NULL, NULL, NULL, NULL, NULL, NULL, NULL, NULL, NULL, NULL, NULL, NULL, NULL, NULL, NULL, NULL, 57),
	('a01b9b07-51cf-4bf6-91c2-7d16edb928c8', '2020-05-09 09:43:44', 'admin', 'admin', '2020-08-05 10:12:22', 'be0886b9-cef0-401c-b97f-4aa0a2a80f8d', NULL, '265 Hùng Vương,thị trấn EaSup,huyện EaSup,tỉnh Đăklăk', 'S-0058', 'Trần Thế Trung', '0936126251', 'Sàng lọc cho phụ nữ mang thai', 'Bệnh viện đa khoa huyện EaSup', NULL, '3696f91f-ced0-4ad4-81f2-ded5fd4b6787', NULL, NULL, NULL, NULL, NULL, NULL, NULL, NULL, NULL, NULL, NULL, NULL, NULL, NULL, NULL, NULL, NULL, NULL, NULL, NULL, 58),
	('f1cba45b-d61d-4436-96aa-94e20ef01303', '2020-05-09 09:44:19', 'admin', 'admin', '2020-08-05 10:12:22', '86434c45-3814-4e23-b107-2eb472cc2856', NULL, 'Số 80 Trương Phùng Xuân, Khóm 5, thị trấn Đầm Dơi, Đầm Dơi, Cà Mau', 'S-0059', 'Trần Kim Xua', '914678749', 'An toàn truyền máu', 'BẸNH VIỆN ĐA KHOA ĐẦM DƠI, CÀ MAU', NULL, '3696f91f-ced0-4ad4-81f2-ded5fd4b6787', NULL, NULL, NULL, NULL, NULL, NULL, NULL, NULL, NULL, NULL, NULL, NULL, NULL, NULL, NULL, NULL, NULL, NULL, NULL, NULL, 59),
	('be088698-49f4-4936-b7ec-ea03fb1f96aa', '2020-05-09 09:45:44', 'admin', 'admin', '2020-08-05 10:12:22', 'bd3e2783-cc57-42c6-8ad4-c5f3d569d285', NULL, 'SỐ 29, ĐƯỜNG 30/4,PHƯỜNG 1,TX KiẾN TƯỜNG,LONG AN', 'S-0060', 'LÂM THỊ HON', '974148081', 'Sàng lọc cho phụ nữ mang thai', 'BỆNH ViỆN ĐA KHOA KHU VỰC ĐỒNG THÁP MƯỜI', NULL, '3696f91f-ced0-4ad4-81f2-ded5fd4b6787', NULL, NULL, NULL, NULL, NULL, NULL, NULL, NULL, NULL, NULL, NULL, NULL, NULL, NULL, NULL, NULL, NULL, NULL, NULL, NULL, 60),
	('c68b39bc-a476-4fab-b3b8-ad12df68793a', '2020-05-09 09:46:20', 'admin', 'admin', '2020-08-05 10:12:22', '17338dfd-0483-4806-bc78-91bf526cad88', NULL, '85 Lý Thường Kiệt - Phường 6 - TP Cà Mau - Tỉnh Cà Mau', 'S-0061', 'Trương Văn Đạt', '0918601925', 'Sàng lọc cho phụ nữ mang thai', 'BỆNH VIỆN SẢN NHI CÀ MAU', NULL, '3696f91f-ced0-4ad4-81f2-ded5fd4b6787', NULL, NULL, NULL, NULL, NULL, NULL, NULL, NULL, NULL, NULL, NULL, NULL, NULL, NULL, NULL, NULL, NULL, NULL, NULL, NULL, 61),
	('2b4ce269-3d1f-4db6-887c-8e990b4a49c9', '2020-05-09 09:46:46', 'admin', 'admin', '2020-08-05 10:12:22', 'd9c6106f-ecc4-4b93-85a3-ba3d00b42e4d', NULL, 'Khu phố 2, Thị Trấn Đông Thành Đức Huệ Long An', 'S-0062', 'Phan Văn Kiệt', '0913180265', 'Sàng lọc cho phụ nữ mang thai', 'Trung tâm y tế Huyện Đức Huệ', NULL, '3696f91f-ced0-4ad4-81f2-ded5fd4b6787', NULL, NULL, NULL, NULL, NULL, NULL, NULL, NULL, NULL, NULL, NULL, NULL, NULL, NULL, NULL, NULL, NULL, NULL, NULL, NULL, 62),
	('bd227f30-671f-412c-a23f-83dacf12a53f', '2020-05-09 09:47:16', 'admin', 'admin', '2020-08-05 10:12:22', 'b8b1836c-3bff-49b4-8b58-79215f55309b', NULL, 'QL 22B- Rạch Sơn. TT Gò Dầu. Huyện Gò Dầu. Tình Tây Ninh', 'S-0063', 'Nguyễn Thị Ánh Tuyết', '0973607855', 'Sàng lọc cho phụ nữ mang thai', 'TRUNG TÂM Y TẾ GÒ DẦU', NULL, '3696f91f-ced0-4ad4-81f2-ded5fd4b6787', NULL, NULL, NULL, NULL, NULL, NULL, NULL, NULL, NULL, NULL, NULL, NULL, NULL, NULL, NULL, NULL, NULL, NULL, NULL, NULL, 63),
	('d3efa63b-be8b-4a33-8ab8-4cf3ff6a8993', '2020-05-09 09:48:23', 'admin', 'admin', '2020-08-05 10:12:22', '0317f253-64e4-4d59-8856-08f6682c1094', NULL, 'Ấp Vĩnh Tiến, TT Vĩnh Thạnh, huyện Vĩnh Thạnh, TP Cần Thơ', 'S-0064', 'TRƯƠNG HUY PHONG', '0944166944', 'Trống', 'TRUNG TÂM Y TẾ HUYỆN VĨNH THẠNH', NULL, '3696f91f-ced0-4ad4-81f2-ded5fd4b6787', NULL, NULL, NULL, NULL, NULL, NULL, NULL, NULL, NULL, NULL, NULL, NULL, NULL, NULL, NULL, NULL, NULL, NULL, NULL, NULL, 64),
	('3dd9adb3-10a6-40a8-8822-a2b4a4c5c3a2', '2020-05-09 09:48:49', 'admin', 'admin', '2020-08-05 10:12:22', '25d4b451-8155-4b84-a0da-38b84f79463a', NULL, 'Quốc lộ 91, KV11 - P.Châu Văn Liêm - Q.Ô Môn - TP Cần Thơ', 'S-0065', 'Nguyễn Anh Đào', '919638222', 'Trống', 'Trung Tâm Y Tế Quận Ô Môn', NULL, '3696f91f-ced0-4ad4-81f2-ded5fd4b6787', NULL, NULL, NULL, NULL, NULL, NULL, NULL, NULL, NULL, NULL, NULL, NULL, NULL, NULL, NULL, NULL, NULL, NULL, NULL, NULL, 65),
	('89daf7c2-8ccc-4e68-a20e-ee2fd207ff82', '2020-05-09 09:49:16', 'admin', 'admin', '2020-08-05 10:12:22', '8fc77797-6032-4c5b-8f66-74256b13fa43', NULL, 'Số 29, khu phố 6, đường Phan Ngọc Tòng, Thị trấn Ba Tri, huyện Ba Tri, tỉnh Bến Tre.', 'S-0066', 'Phạm Tuấn Anh', '903664167', 'Sàng lọc cho phụ nữ mang thai', 'Trung tâm Y tế huyện Ba Tri', NULL, '3696f91f-ced0-4ad4-81f2-ded5fd4b6787', NULL, NULL, NULL, NULL, NULL, NULL, NULL, NULL, NULL, NULL, NULL, NULL, NULL, NULL, NULL, NULL, NULL, NULL, NULL, NULL, 66),
	('d8bb9b90-2eca-4b65-9bb2-2dd3824cfc40', '2020-05-09 09:49:42', 'admin', 'admin', '2020-08-05 10:12:22', '93583fb3-04b3-4d3e-8662-1e1a05f1941d', NULL, 'KHU PHỐ 1 TT BÌNH ĐẠI-HUYỆN BÌNH ĐẠI-TỈNH BẾN TRE', 'S-0067', 'NGUYỄN NGỌC THẢO', '1658682945', 'Sàng lọc cho phụ nữ mang thai', 'TTYT HUYỆN BÌNH ĐẠI', NULL, '3696f91f-ced0-4ad4-81f2-ded5fd4b6787', NULL, NULL, NULL, NULL, NULL, NULL, NULL, NULL, NULL, NULL, NULL, NULL, NULL, NULL, NULL, NULL, NULL, NULL, NULL, NULL, 67),
	('9dc3c841-e7b7-4549-b04e-e8baa87fd39c', '2020-05-09 09:50:04', 'admin', 'admin', '2020-08-05 10:12:22', '171b06d8-f4dc-4196-b144-1d06a67bff85', NULL, 'Ấp Bình Hạnh - Xã Long Bình Điền - H.Chợ Gạo - Tiền Giang', 'S-0068', 'Cù Thị Do', '383375645', 'Chẩn đoán nhiễm HIV', 'Trung Tâm Y Tế Huyện Chợ Gạo - Tiền Giang', NULL, '3696f91f-ced0-4ad4-81f2-ded5fd4b6787', NULL, NULL, NULL, NULL, NULL, NULL, NULL, NULL, NULL, NULL, NULL, NULL, NULL, NULL, NULL, NULL, NULL, NULL, NULL, NULL, 68),
	('922bb06f-c909-4c60-a25e-06caebe8ba6a', '2020-05-09 09:50:28', 'admin', 'admin', '2020-08-05 10:12:22', '59133a94-aa20-402a-b8d4-af89159d247c', NULL, '256 đường Phạm Hùng, ấp Long Thới, xã Long Thành Trung, huyện Hòa Thành, tỉnh Tây Ninh', 'S-0069', 'KS. Nguyễn Hoài Linh', '0906981851', 'Sàng lọc cho phụ nữ mang thai', 'Trung Tâm y tế Hòa Thành', NULL, '3696f91f-ced0-4ad4-81f2-ded5fd4b6787', NULL, NULL, NULL, NULL, NULL, NULL, NULL, NULL, NULL, NULL, NULL, NULL, NULL, NULL, NULL, NULL, NULL, NULL, NULL, NULL, 69),
	('3eefeb39-72ae-4f2c-a168-d69a22db3f2e', '2020-05-09 09:51:05', 'admin', 'admin', '2020-08-05 10:12:22', '112bcb58-59e2-444c-8990-639d75ade5fa', NULL, 'khu phước hải, TT.Long Thành, Long Thành, Đồng Nai.', 'S-0070', 'Võ Văn Giang', '0937279069', 'Chẩn đoán nhiễm HIV', 'TRUNG TÂM Y TẾ LONG THÀNH', NULL, '3696f91f-ced0-4ad4-81f2-ded5fd4b6787', NULL, NULL, NULL, NULL, NULL, NULL, NULL, NULL, NULL, NULL, NULL, NULL, NULL, NULL, NULL, NULL, NULL, NULL, NULL, NULL, 70),
	('6ec448f5-8458-4c95-a18c-123600cfb6c5', '2020-05-09 09:51:27', 'admin', 'admin', '2020-08-05 10:12:22', 'dc5bef6a-a070-4190-8f6e-68b8b6d87a0e', NULL, 'Ấp Phước Hậu xã Phước Mỹ Trung huyện Mỏ Cày Bắc tỉnh Bến Tre', 'S-0071', 'Phạm Văn Thành', '342334264', 'Sàng lọc cho phụ nữ mang thai', 'Trung tâm y tế huyện Mỏ Cày Bắc', NULL, '3696f91f-ced0-4ad4-81f2-ded5fd4b6787', NULL, NULL, NULL, NULL, NULL, NULL, NULL, NULL, NULL, NULL, NULL, NULL, NULL, NULL, NULL, NULL, NULL, NULL, NULL, NULL, 71),
	('82b02501-6b7d-4e0a-afa0-cb94a9c35d89', '2020-05-09 09:51:51', 'admin', 'admin', '2020-08-05 10:12:22', '5723dcef-a68f-406f-a203-c6cbdd09578e', NULL, '79 B - Khu phố 7 - Thị Trấn Mỏ Cày - Huyện Mỏ Cày Nam - Tỉnh Bến Tre', 'S-0072', 'Phan Thị Yến Oanh', '0913662652', 'Chẩn đoán nhiễm HIV', 'Trung tâm Y tế Mỏ Cày Nam', NULL, '3696f91f-ced0-4ad4-81f2-ded5fd4b6787', NULL, NULL, NULL, NULL, NULL, NULL, NULL, NULL, NULL, NULL, NULL, NULL, NULL, NULL, NULL, NULL, NULL, NULL, NULL, NULL, 72),
	('4bcec724-3ece-4817-b5ff-bcfd5b574fa8', '2020-05-09 09:52:18', 'admin', 'admin', '2020-08-05 10:12:22', '557b7343-fac7-4ed0-99b4-88e90af2f57d', NULL, '98/4-KHU PHỐ 4-THỊ TRẤN THẠNH PHÚ-HUYỆN THẠNH PHÚ-TỈNH BẾN TRE', 'S-0073', 'NGUYỄN THỊ ÚT', '2753870970', 'Chẩn đoán nhiễm HIV', 'TRUNG TÂM Y TẾ HUYỆN THẠNH PHÚ', NULL, '3696f91f-ced0-4ad4-81f2-ded5fd4b6787', NULL, NULL, NULL, NULL, NULL, NULL, NULL, NULL, NULL, NULL, NULL, NULL, NULL, NULL, NULL, NULL, NULL, NULL, NULL, NULL, 73),
	('5c31f835-c76e-4c23-a242-e5e852f7ebda', '2020-05-09 09:52:42', 'admin', 'admin', '2020-08-05 10:12:22', '03f86640-dded-4945-b7ee-38002fd7c643', NULL, 'ẤP TRUNG BÌNH- XÃ THOẠI GIANG -  THOẠI SƠN- AN GIANG', 'S-0074', 'TRẦN VIỆT THƠ', '2963710416', 'Sàng lọc cho phụ nữ mang thai', 'TTYT HUYỆN THOẠI SƠN', NULL, '3696f91f-ced0-4ad4-81f2-ded5fd4b6787', NULL, NULL, NULL, NULL, NULL, NULL, NULL, NULL, NULL, NULL, NULL, NULL, NULL, NULL, NULL, NULL, NULL, NULL, NULL, NULL, 74),
	('90c2f06f-eb87-486d-9445-9b0de2160b86', '2020-05-09 09:53:06', 'admin', 'admin', '2020-08-05 10:12:22', '68750195-7b9d-4f35-a4ce-7afc3c677510', NULL, 'Đường Trần Chiên, Phường Lê Bình, Quận Cái Răng, Thành phố Cần Thơ.', 'S-0075', 'Võ Huỳnh Thị Thùy Trang', '0906747838', 'Chẩn đoán nhiễm HIV', 'Trung Tâm Y Tế Quận Cái Răng, TPCT', NULL, '3696f91f-ced0-4ad4-81f2-ded5fd4b6787', NULL, NULL, NULL, NULL, NULL, NULL, NULL, NULL, NULL, NULL, NULL, NULL, NULL, NULL, NULL, NULL, NULL, NULL, NULL, NULL, 75),
	('3faf12de-1d58-4a41-8ff8-0d64d93d4306', '2020-05-09 09:53:30', 'admin', 'admin', '2020-08-05 10:12:22', '6a5afc92-3927-42ba-93df-628de5ce13dc', NULL, 'Ấp Mỹ An C, Xã Mỹ Thạnh An, TP Bến Tre', 'S-0076', 'Nguyễn Thiên Lan', '02753512184', 'Sàng lọc cho phụ nữ mang thai', 'TTYT Thành phố Bến tre', NULL, '3696f91f-ced0-4ad4-81f2-ded5fd4b6787', NULL, NULL, NULL, NULL, NULL, NULL, NULL, NULL, NULL, NULL, NULL, NULL, NULL, NULL, NULL, NULL, NULL, NULL, NULL, NULL, 76),
	('b35caddd-b6b4-4b56-aab9-904774ebaef3', '2020-05-09 09:53:54', 'admin', 'admin', '2020-08-05 10:12:22', 'aea820bf-2001-46db-a3f3-f26fe3d4e36a', NULL, 'Đường số 4, khu dân cư khóm 8, phường Châu Phú A, thành phố Châu Đốc, An Giang.', 'S-0077', 'Nguyễn Văn Vui', '912804690', 'Chẩn đoán nhiễm HIV', 'Trung tâm y tế thành phố Châu Đốc', NULL, '3696f91f-ced0-4ad4-81f2-ded5fd4b6787', NULL, NULL, NULL, NULL, NULL, NULL, NULL, NULL, NULL, NULL, NULL, NULL, NULL, NULL, NULL, NULL, NULL, NULL, NULL, NULL, 77),
	('a34a6c7e-d09d-403f-86cc-08729133595d', '2020-05-09 09:54:21', 'admin', 'admin', '2020-08-05 10:12:22', 'a2c671b1-ef50-4516-a715-6bb84499298d', NULL, 'Số 500 đường DT743kp Đông Tác phường Tân Đông Hiệp thị xã Dĩ An tỉnh Bình Dương', 'S-0078', 'Vũ Đại Lực', '914174431', 'Trống', 'TTYT THỊ XÃ DĨ AN TỈNH BÌNH DƯƠNG', NULL, '3696f91f-ced0-4ad4-81f2-ded5fd4b6787', NULL, NULL, NULL, NULL, NULL, NULL, NULL, NULL, NULL, NULL, NULL, NULL, NULL, NULL, NULL, NULL, NULL, NULL, NULL, NULL, 78),
	('3e28af0a-469b-4fbd-a61d-a61badc6f0f8', '2020-05-09 09:54:43', 'admin', 'admin', '2020-08-05 10:12:22', 'c963f4ce-d067-4b9a-9780-fd2b1e3ac575', NULL, 'Đường Nguyễn Văn Tiết, Lái Thiêu, Thuận An, Bình Dương', 'S-0079', 'Trần Thị Thu Hiền', '368860870', 'Sàng lọc cho phụ nữ mang thai', 'Trung Tâm y Tế Thị Xã Thuận An', NULL, '3696f91f-ced0-4ad4-81f2-ded5fd4b6787', NULL, NULL, NULL, NULL, NULL, NULL, NULL, NULL, NULL, NULL, NULL, NULL, NULL, NULL, NULL, NULL, NULL, NULL, NULL, NULL, 79),
	('ab26655f-e007-47ff-9b52-7f9159cb39fe', '2020-05-09 09:55:18', 'admin', 'admin', '2020-08-05 10:12:22', '13cea6ce-28a9-4bca-b1a6-59a84a953abc', NULL, 'Khu Phố B, thị trấn tân Hiệp, huyện Tân Hiệp, tỉnh Kiên Giang', 'S-0080', 'NVC', '000000000', 'Chẩn đoán nhiễm HIV', 'TRUNG TÂM Y TẾ TÂN HIỆP', NULL, '3696f91f-ced0-4ad4-81f2-ded5fd4b6787', NULL, NULL, NULL, NULL, NULL, NULL, NULL, NULL, NULL, NULL, NULL, NULL, NULL, NULL, NULL, NULL, NULL, NULL, NULL, NULL, 80),
	('27e8204d-068a-4259-9a27-d2b7b677b0ea', '2020-05-09 09:55:41', 'admin', 'admin', '2020-08-05 10:12:22', '5202ddda-f298-4918-be32-2fbe485872a9', NULL, '32/7A, đường Võ Tánh, khu 7, Thị trấn Trà Ôn, huyện Trà Ôn, tỉnh Vĩnh Long', 'S-0081', 'Phan Thị Mỹ Huyền', '0378524141', 'Trống', 'Trung tâm Y tế huyện Trà Ôn', NULL, '3696f91f-ced0-4ad4-81f2-ded5fd4b6787', NULL, NULL, NULL, NULL, NULL, NULL, NULL, NULL, NULL, NULL, NULL, NULL, NULL, NULL, NULL, NULL, NULL, NULL, NULL, NULL, 81),
	('0d9bf712-b2a0-421a-b045-cff2e9190135', '2020-05-09 09:56:31', 'admin', 'admin', '2020-08-05 10:12:22', 'f0c6155e-8b76-4c54-9c71-d66f42312b84', NULL, 'Đường số 9- KDC Thiên Long- P5- TP Bạc Liêu- Tỉnh Bạc Liêu', 'S-0082', 'Trà Hoàng Vũ', '0948647646', 'Sàng lọc cho phụ nữ mang thai', 'Trung Tâm Y Tế TP Bạc Liêu', NULL, '3696f91f-ced0-4ad4-81f2-ded5fd4b6787', NULL, NULL, NULL, NULL, NULL, NULL, NULL, NULL, NULL, NULL, NULL, NULL, NULL, NULL, NULL, NULL, NULL, NULL, NULL, NULL, 82),
	('53170d9b-1ce9-4325-90e5-153caa865522', '2020-05-09 09:56:56', 'admin', 'admin', '2020-08-05 10:12:22', '86345cdd-f3e3-4d77-b478-77d9d8c68503', NULL, '80-82 Nguyễn Trung Trực, P. Vĩnh Bảo, TP. Rạch Giá, Kiên Giang', 'S-0083', 'Nguyễn Thị Thu Hương', '2973.874381', 'Chẩn đoán nhiễm HIV', 'Bệnh viện Bình An Kiên Giang', NULL, '3696f91f-ced0-4ad4-81f2-ded5fd4b6787', NULL, NULL, NULL, NULL, NULL, NULL, NULL, NULL, NULL, NULL, NULL, NULL, NULL, NULL, NULL, NULL, NULL, NULL, NULL, NULL, 83),
	('1cd40996-8557-484e-9ac3-ce169dec9707', '2020-05-09 10:01:19', 'admin', 'admin', '2020-08-05 10:12:22', 'a44540e4-9425-4fe1-bbec-3f54787c7ada', NULL, 'Ấp An Thiện, An Cư, Cái Bè, Tiền Giang', 'S-0084', 'VTTT', '2733825683', 'Sàng lọc cho phụ nữ mang thai', 'Trung tâm y tế Cái Bè', NULL, '3696f91f-ced0-4ad4-81f2-ded5fd4b6787', NULL, NULL, NULL, NULL, NULL, NULL, NULL, NULL, NULL, NULL, NULL, NULL, NULL, NULL, NULL, NULL, NULL, NULL, NULL, NULL, 84),
	('60e915fb-2a15-48f2-85d0-3047e219256a', '2020-05-09 10:01:58', 'admin', 'admin', '2020-08-05 10:12:22', '2198faff-ff61-43ba-bc9c-3be6d384e0db', NULL, 'KHÓM 1, PHƯỜNG 1, THỊ XÃ GIÁ RAI, TP.BẠC LIÊU', 'S-0085', 'ĐINH ĐỨC HƯNG', '942192279', 'Sàng lọc cho phụ nữ mang thai', 'TRUNG TÂM Y TẾ THỊ XÃ GIÁ RAI', NULL, '3696f91f-ced0-4ad4-81f2-ded5fd4b6787', NULL, NULL, NULL, NULL, NULL, NULL, NULL, NULL, NULL, NULL, NULL, NULL, NULL, NULL, NULL, NULL, NULL, NULL, NULL, NULL, 85),
	('872c7e53-c526-4c55-a122-bee139358f6f', '2020-05-09 10:02:25', 'admin', 'admin', '2020-08-05 10:12:22', 'f4ec2656-11a8-4367-897b-cbd96738534f', NULL, 'số 01, Trần Hưng Đạo, ấp Nội Ô, TT.Ngan Dừa, H.Hồng Dân, Bạc Liêu', 'S-0086', 'Danh Thị Bé Ngoan', '834282877', 'Chẩn đoán nhiễm HIV', 'Trung tâm y tế huyện Hồng Dân', NULL, '3696f91f-ced0-4ad4-81f2-ded5fd4b6787', NULL, NULL, NULL, NULL, NULL, NULL, NULL, NULL, NULL, NULL, NULL, NULL, NULL, NULL, NULL, NULL, NULL, NULL, NULL, NULL, 86),
	('e050269f-b344-4d49-bf5e-4c81630aac18', '2020-05-09 10:02:58', 'admin', 'admin', '2020-08-05 10:12:22', '52094b36-ef6e-4bdc-a66b-bf7de7cf5a07', NULL, '01 TRẦN HƯNG ĐẠO, KP KIÊN TÂN, KIÊN LƯƠNG, KIÊN GIANG', 'S-0087', 'PHẠM THỊ HiỀN', '2973696115', 'Trống', 'TTYT HUYỆN KIÊN LƯƠNG', NULL, '3696f91f-ced0-4ad4-81f2-ded5fd4b6787', NULL, NULL, NULL, NULL, NULL, NULL, NULL, NULL, NULL, NULL, NULL, NULL, NULL, NULL, NULL, NULL, NULL, NULL, NULL, NULL, 87),
	('47e48120-5fee-459b-8e55-e57391b27630', '2020-05-09 10:03:24', 'admin', 'admin', '2020-08-05 10:12:22', 'c6e7ca48-5802-4d0a-b9c6-8ae06421fa3e', NULL, 'Số 99 đường 30/4, KV2 Phường Thuận An, Thị xã Long Mỹ', 'S-0088', 'Nguyễn Thanh Lâm', '944674949', 'Sàng lọc cho phụ nữ mang thai', 'TRUNG TÂM Y TẾ THỊ XÃ LONG MỸ', NULL, '3696f91f-ced0-4ad4-81f2-ded5fd4b6787', NULL, NULL, NULL, NULL, NULL, NULL, NULL, NULL, NULL, NULL, NULL, NULL, NULL, NULL, NULL, NULL, NULL, NULL, NULL, NULL, 88),
	('0fd9d7f5-acb9-497e-b8ce-6438dea36e3c', '2020-05-09 10:03:47', 'admin', 'admin', '2020-08-05 10:12:22', 'b369e28c-fd8e-461c-a69a-46f8d8fa440e', NULL, '01 LÝ THƯỜNG KIỆT MỸ XUYÊN - SÓC TRĂNG', 'S-0089', 'PHAN THANH LÂM', '919091379', 'Sàng lọc cho phụ nữ mang thai', 'TRUNG TÂM Y TẾ HUYỆN MỸ XUYÊN', NULL, '3696f91f-ced0-4ad4-81f2-ded5fd4b6787', NULL, NULL, NULL, NULL, NULL, NULL, NULL, NULL, NULL, NULL, NULL, NULL, NULL, NULL, NULL, NULL, NULL, NULL, NULL, NULL, 89),
	('a646924a-f7df-47e3-aba3-9f243dc9e159', '2020-05-09 10:04:10', 'admin', 'admin', '2020-08-05 10:12:22', '287fe295-6e08-464e-a17e-36f59559a537', NULL, 'Số 16 Đường 19/5-K2 TT Cái Nước-Huyện Cái Nước-Tỉnh Cà Mau', 'S-0090', 'Phạm Minh Em', '0918163414', 'Chẩn đoán nhiễm HIV', 'Bệnh Viện Đa Khoa Cái Nước', NULL, '3696f91f-ced0-4ad4-81f2-ded5fd4b6787', NULL, NULL, NULL, NULL, NULL, NULL, NULL, NULL, NULL, NULL, NULL, NULL, NULL, NULL, NULL, NULL, NULL, NULL, NULL, NULL, 90),
	('ab14cade-e53a-475a-aafa-f6bdf310c512', '2020-05-09 10:04:52', 'admin', 'admin', '2020-08-05 10:12:22', '1030c021-f95e-49b1-bc23-a7ccb64a1e2a', NULL, '128-Đường 30/4 KP 1 TT Dương Đông Phú Quôc', 'S-0091', 'Nguyễn Thị Loan', '918677653', 'Chẩn đoán nhiễm HIV', 'Khoa xét nghiệm Trung tâm Y tế Phú Quốc', NULL, '3696f91f-ced0-4ad4-81f2-ded5fd4b6787', NULL, NULL, NULL, NULL, NULL, NULL, NULL, NULL, NULL, NULL, NULL, NULL, NULL, NULL, NULL, NULL, NULL, NULL, NULL, NULL, 91),
	('5e306b42-7344-4bc0-a080-d93d71c09f68', '2020-05-09 10:05:17', 'admin', 'admin', '2020-08-05 10:12:22', 'd57b3ca5-4d74-4508-88c9-06f576caccd6', NULL, '234QL 1A-Tân Biên-Biên Hòa-Đồng Nai', 'S-0092', 'Nguyễn Sĩ Tuấn', '0919563323', 'Sàng lọc cho phụ nữ mang thai', 'BV ĐK THỐNG NHẤT ĐỒNG NAI', NULL, '3696f91f-ced0-4ad4-81f2-ded5fd4b6787', NULL, NULL, NULL, NULL, NULL, NULL, NULL, NULL, NULL, NULL, NULL, NULL, NULL, NULL, NULL, NULL, NULL, NULL, NULL, NULL, 92),
	('6ed18233-f4c1-4dac-869a-2f54c6aeb078', '2020-05-09 10:05:39', 'admin', 'admin', '2020-08-05 10:12:22', 'e81d24ee-121f-430a-b04b-84297929c879', NULL, '64 Lê Văn Chí', 'S-0093', 'Lữ Phúc Phi', '903784936', 'Sàng lọc cho phụ nữ mang thai', 'BV ĐKKV THỦ ĐỨC', NULL, '3696f91f-ced0-4ad4-81f2-ded5fd4b6787', NULL, NULL, NULL, NULL, NULL, NULL, NULL, NULL, NULL, NULL, NULL, NULL, NULL, NULL, NULL, NULL, NULL, NULL, NULL, NULL, 93),
	('9cf16f37-bb34-4a34-8fdc-d47497011eb7', '2020-05-09 10:06:08', 'admin', 'admin', '2020-08-05 10:12:22', '58aae504-cf6c-4f6f-9f66-39bd9c88c7c9', NULL, 'Khu phố Giồng Ao Thị trấn Cần Thạnh, huyện Cần Giờ', 'S-0094', 'CN Lê Đức Phương', '0907667768', 'Sàng lọc cho phụ nữ mang thai', 'Bệnh viện huyện Cần Giờ', NULL, '3696f91f-ced0-4ad4-81f2-ded5fd4b6787', NULL, NULL, NULL, NULL, NULL, NULL, NULL, NULL, NULL, NULL, NULL, NULL, NULL, NULL, NULL, NULL, NULL, NULL, NULL, NULL, 94),
	('efce7224-6a01-4a2f-8416-80135451ceaa', '2020-05-09 10:06:33', 'admin', 'admin', '2020-08-05 10:12:22', 'ca2d91b1-10c0-4e49-b654-b4068889e761', NULL, '274 NGUYỄN TRỌNG TUYỂN P8, Q PHÚ NHUẬN, TPHCM', 'S-0095', 'THIỀU QUANG VINH', '0903373273', 'Sàng lọc cho phụ nữ mang thai', 'BỆNH VIỆN QUẬN PHÚ NHUẬN', NULL, '3696f91f-ced0-4ad4-81f2-ded5fd4b6787', NULL, NULL, NULL, NULL, NULL, NULL, NULL, NULL, NULL, NULL, NULL, NULL, NULL, NULL, NULL, NULL, NULL, NULL, NULL, NULL, 95),
	('67afdd0d-2d74-4cad-a914-eecd415cc5e6', '2020-05-09 10:07:01', 'admin', 'admin', '2020-08-05 10:12:22', '47acb22d-8266-4a7d-b96e-3284899c78c8', NULL, '338 HAI BÀ TRƯNG P TÂN ĐỊNH Q1', 'S-0096', 'LÊ PHẠM LIÊN HƯƠNG ', '903143885', 'Sàng lọc cho phụ nữ mang thai', 'BỆNH ViỆN QuẬN 1 ', NULL, '3696f91f-ced0-4ad4-81f2-ded5fd4b6787', NULL, NULL, NULL, NULL, NULL, NULL, NULL, NULL, NULL, NULL, NULL, NULL, NULL, NULL, NULL, NULL, NULL, NULL, NULL, NULL, 96),
	('05e9b472-6cc9-43ac-bb82-41da263e90a1', '2020-05-09 10:07:58', 'admin', 'admin', '2020-08-05 10:12:22', '0eb1ae37-b274-4895-89eb-901ddc942b5f', NULL, '571 SƯ VẠN HẠNH P13 Q10', 'S-0097', 'ĐÀO THANH MỘNG', '908092351', 'Sàng lọc cho phụ nữ mang thai', 'BỆNH VIỆN QUẬN 10', NULL, '3696f91f-ced0-4ad4-81f2-ded5fd4b6787', NULL, NULL, NULL, NULL, NULL, NULL, NULL, NULL, NULL, NULL, NULL, NULL, NULL, NULL, NULL, NULL, NULL, NULL, NULL, NULL, 97),
	('720f17b9-1b9c-4fb8-a761-0d7d87402ea5', '2020-05-09 10:08:45', 'admin', 'admin', '2020-08-05 10:12:22', '537ab7a2-f772-4adf-b667-318e2bd9d18d', NULL, '72 ĐƯỜNG SỐ 5 CƯ XÁ BÌNH THỚI P8 Q11 TPHCM', 'S-0098', 'NGUYỄN THỊ GÁI', '0902960850', 'Sàng lọc cho phụ nữ mang thai', 'BỆNH VIỆN QUẬN 11', NULL, '3696f91f-ced0-4ad4-81f2-ded5fd4b6787', NULL, NULL, NULL, NULL, NULL, NULL, NULL, NULL, NULL, NULL, NULL, NULL, NULL, NULL, NULL, NULL, NULL, NULL, NULL, NULL, 98),
	('bbedbdd5-4a45-4f9a-b299-9dda7b71cb7d', '2020-05-09 10:09:07', 'admin', 'admin', '2020-08-05 10:12:22', '9a607303-cf9b-4bfa-bed0-64f04158b80d', NULL, '63-65 Bến Vân Đồn, Phường 12, Quận 4, Thành phố Hồ Chí Minh', 'S-0099', 'Nguyễn Thị Phương Trang', '773990619', 'Sàng lọc cho phụ nữ mang thai', 'BỆNH VIỆN QUẬN 4', NULL, '3696f91f-ced0-4ad4-81f2-ded5fd4b6787', NULL, NULL, NULL, NULL, NULL, NULL, NULL, NULL, NULL, NULL, NULL, NULL, NULL, NULL, NULL, NULL, NULL, NULL, NULL, NULL, 99),
	('6e4627d2-bbf1-46df-822a-446607243c3f', '2020-05-09 10:09:32', 'admin', 'admin', '2020-08-05 10:12:22', '87fca31d-27b0-4d16-92f4-50b6549d20a7', NULL, '101Nguyễn Thị Thập, Tân Phú, Quận 7, TP Hồ Chí Minh', 'S-0100', 'TRƯƠNG THỊ CẨM', '0918770246', 'Sàng lọc cho phụ nữ mang thai', 'BỆNH VIỆN QUẬN 7', NULL, '3696f91f-ced0-4ad4-81f2-ded5fd4b6787', NULL, NULL, NULL, NULL, NULL, NULL, NULL, NULL, NULL, NULL, NULL, NULL, NULL, NULL, NULL, NULL, NULL, NULL, NULL, NULL, 100),
	('5a5e9c7f-d9da-4b70-883a-c586bbd0a437', '2020-05-09 10:09:58', 'admin', 'admin', '2020-08-05 10:12:22', '81b0a5ef-93db-4da9-a40f-fdea9b44ed81', NULL, '82 CAO LỖ PHƯỜNG 4 QuẬN 8,TP.HCM', 'S-0101', 'HuỲNH THỊ ĐƯỢM', '0909321030', 'Sàng lọc cho phụ nữ mang thai', 'BỆNH ViỆN QuẬN 8', NULL, '3696f91f-ced0-4ad4-81f2-ded5fd4b6787', NULL, NULL, NULL, NULL, NULL, NULL, NULL, NULL, NULL, NULL, NULL, NULL, NULL, NULL, NULL, NULL, NULL, NULL, NULL, NULL, 101),
	('d90d9a56-c186-48b1-a728-c0b9c2f9e862', '2020-05-09 10:10:23', 'admin', 'admin', '2020-08-05 10:12:22', 'bc32d7fd-e4b0-41ab-92a5-aba0cd6336c4', NULL, '609-611 Âu Cơ, phường Phú Trung, Q. Tân Phú', 'S-0102', 'Bùi Thanh Hoa', '0934946706', 'Sàng lọc cho phụ nữ mang thai', 'BỆNH VIỆN QUẬN TÂN PHÚ', NULL, '3696f91f-ced0-4ad4-81f2-ded5fd4b6787', NULL, NULL, NULL, NULL, NULL, NULL, NULL, NULL, NULL, NULL, NULL, NULL, NULL, NULL, NULL, NULL, NULL, NULL, NULL, NULL, 102),
	('7aabb455-cb31-4f5a-9340-c009dbe9a314', '2020-05-09 10:10:40', 'admin', 'admin', '2020-08-05 10:12:22', '4e67f289-c893-42fe-82a4-69c0282819f0', NULL, '29 Phú Châu, Phường Tam Phú, Quận Thủ Đức', 'S-0103', 'NGÔ ĐẶNG QUỐC ĐỊNH', '908120298', 'Chẩn đoán nhiễm HIV', 'Bệnh Viện Quận Thủ Đức', NULL, '3696f91f-ced0-4ad4-81f2-ded5fd4b6787', NULL, NULL, NULL, NULL, NULL, NULL, NULL, NULL, NULL, NULL, NULL, NULL, NULL, NULL, NULL, NULL, NULL, NULL, NULL, NULL, 103),
	('2eebcfb5-15aa-48ac-a4b6-9f91c151973d', '2020-05-09 10:11:02', 'admin', 'admin', '2020-08-05 10:12:22', '5c694561-3412-480d-9ceb-9551c4f6277b', NULL, '628, đường 30/4 khu phố 1, phường 3, Tp.Tây Ninh', 'S-0104', 'Phạm Trọng Hiếu', '0909361136', 'Chẩn đoán nhiễm HIV', 'Phòng Tư vấn Sức khỏe cộng đồng', NULL, '3696f91f-ced0-4ad4-81f2-ded5fd4b6787', NULL, NULL, NULL, NULL, NULL, NULL, NULL, NULL, NULL, NULL, NULL, NULL, NULL, NULL, NULL, NULL, NULL, NULL, NULL, NULL, 104),
	('bee9a72d-8048-40d5-950a-3243895670e1', '2020-05-09 10:11:23', 'admin', 'admin', '2020-08-05 10:12:22', '9d18c342-74c2-483b-8a4c-93ce5a3ee092', NULL, 'Khu phố II thị trấn thứ 11 An Minh Kiên Giang', 'S-0105', 'NGUYỄN VÂN NI', '2973887059', 'Chẩn đoán nhiễm HIV', 'TRUNG TÂM Y TẾ HUYỆN AN MINH', NULL, '3696f91f-ced0-4ad4-81f2-ded5fd4b6787', NULL, NULL, NULL, NULL, NULL, NULL, NULL, NULL, NULL, NULL, NULL, NULL, NULL, NULL, NULL, NULL, NULL, NULL, NULL, NULL, 105),
	('086f27ac-def6-4399-bca2-f569786aebfd', '2020-05-09 10:11:44', 'admin', 'admin', '2020-08-05 10:12:22', 'f5796926-49b7-4191-aa42-b71f486d6ee1', NULL, 'Ấp Rẫy , Thị trấn Tân Hiệp,Huyện Châu Thành , TỉnhTiền Giang', 'S-0106', 'PTNM', '0985141153', 'Sàng lọc cho phụ nữ mang thai', 'Trung Tâm Y tế Châu Thành, Tiền Giang', NULL, '3696f91f-ced0-4ad4-81f2-ded5fd4b6787', NULL, NULL, NULL, NULL, NULL, NULL, NULL, NULL, NULL, NULL, NULL, NULL, NULL, NULL, NULL, NULL, NULL, NULL, NULL, NULL, 106),
	('1bbb75ae-ce22-444c-917e-44557f137e72', '2020-05-09 10:12:13', 'admin', 'admin', '2020-08-05 10:12:22', '47f9c313-4236-4171-823d-d538895cc37a', NULL, '350 đường Tân Túc, Thị trấn Tân Túc, huyện Bình Chánh', 'S-0107', 'Phan Minh Đức', '0909455988', 'Trống', 'Trung Tâm Y tế huyện Bình Chánh', NULL, '3696f91f-ced0-4ad4-81f2-ded5fd4b6787', NULL, NULL, NULL, NULL, NULL, NULL, NULL, NULL, NULL, NULL, NULL, NULL, NULL, NULL, NULL, NULL, NULL, NULL, NULL, NULL, 107),
	('a601fe38-fb07-424e-87c2-9c78f2ae5789', '2020-05-09 10:12:36', 'admin', 'admin', '2020-08-05 10:12:22', '7be3bed5-5ded-44d8-b221-7647c366c0f2', NULL, '1014/88/1 Tân Kỳ Tân Quý, KP. 14, P. Bình Hưng Hòa, Q. Bình Tân, TP. Hồ Chí Minh', 'S-0108', 'Dương Thị Minh Nguyệt', '0908245103', 'Chẩn đoán nhiễm HIV', 'Trung tâm Y tế Quận Bình Tân', NULL, '3696f91f-ced0-4ad4-81f2-ded5fd4b6787', NULL, NULL, NULL, NULL, NULL, NULL, NULL, NULL, NULL, NULL, NULL, NULL, NULL, NULL, NULL, NULL, NULL, NULL, NULL, NULL, 108),
	('73c3ceec-bfbf-4a15-bbe3-ef9832a65c72', '2020-05-09 10:13:02', 'admin', 'admin', '2020-08-05 10:12:22', '4622540b-67fa-4621-9acf-8e94a707ec52', NULL, '99/6 Nơ Trang Long, Phường 11, Quận Bình Thạnh, Tp.Hồ Chí Minh', 'S-0109', 'Đoàn Văn Công', '0986092236', 'Sàng lọc cho phụ nữ mang thai', 'Trung tâm Y tế Quận Bình Thạnh', NULL, '3696f91f-ced0-4ad4-81f2-ded5fd4b6787', NULL, NULL, NULL, NULL, NULL, NULL, NULL, NULL, NULL, NULL, NULL, NULL, NULL, NULL, NULL, NULL, NULL, NULL, NULL, NULL, 109),
	('5df6bb9d-7856-4532-a435-8dbdcf89675c', '2020-05-09 10:13:22', 'admin', 'admin', '2020-08-05 10:12:22', 'ff5f6b24-aeb1-4e88-b587-72e292ad37ef', NULL, '65B, khu phố 1, thị trấn Hóc Môn, huyện Hóc Nôn, TPHCM', 'S-0110', 'Ngô Hồng Việt Thanh', '908123213', 'Sàng lọc cho phụ nữ mang thai', 'TRUNG TÂM Y TẾ HUYỆN HÓC MÔN', NULL, '3696f91f-ced0-4ad4-81f2-ded5fd4b6787', NULL, NULL, NULL, NULL, NULL, NULL, NULL, NULL, NULL, NULL, NULL, NULL, NULL, NULL, NULL, NULL, NULL, NULL, NULL, NULL, 110),
	('a1c4971e-d341-4436-a169-c20ee736b29a', '2020-05-09 10:14:14', 'admin', 'admin', '2020-08-05 10:12:22', '0d6c805d-fb5f-4b5a-8964-767f9e85c18e', NULL, 'Ấp nhơn lộc 2-thị trấn phong điền-Huyện phong Điền-Tpct', 'S-0111', 'Lê Trần Hoàng Anh', '935947560', 'Sàng lọc cho phụ nữ mang thai', 'trung tâm y tế huyện phong điền', NULL, '3696f91f-ced0-4ad4-81f2-ded5fd4b6787', NULL, NULL, NULL, NULL, NULL, NULL, NULL, NULL, NULL, NULL, NULL, NULL, NULL, NULL, NULL, NULL, NULL, NULL, NULL, NULL, 111),
	('57149533-1b4d-4b74-8c63-2ae8dd184d4e', '2020-05-09 10:14:39', 'admin', 'admin', '2020-08-05 10:12:22', '76e7b800-8be1-4b41-8c47-5ab0d326c5c2', NULL, 'Số 1 đường số 18- KDC Cotec Ấp 1- Xã Phú Xuân- Huyện Nhà Bè- Tp. HCM', 'S-0112', 'Nguyễn Mạnh Cường', '0903830878', 'Chẩn đoán nhiễm HIV', 'Trung tâm Y tế huyện Nhà Bè', NULL, '3696f91f-ced0-4ad4-81f2-ded5fd4b6787', NULL, NULL, NULL, NULL, NULL, NULL, NULL, NULL, NULL, NULL, NULL, NULL, NULL, NULL, NULL, NULL, NULL, NULL, NULL, NULL, 112),
	('0e4c4e75-f396-456c-9123-21672ac5862f', '2020-05-09 10:15:00', 'admin', 'admin', '2020-08-05 10:12:22', '87bad087-983d-4b6d-b79e-49662a9563d3', NULL, '02 Đặng Tất, phường Tân Định, quận 1', 'S-0113', 'Nguyễn Văn San', '909486881', 'Chẩn đoán nhiễm HIV', 'Trung tâm Y tế Quận 1', NULL, '3696f91f-ced0-4ad4-81f2-ded5fd4b6787', NULL, NULL, NULL, NULL, NULL, NULL, NULL, NULL, NULL, NULL, NULL, NULL, NULL, NULL, NULL, NULL, NULL, NULL, NULL, NULL, 113),
	('2c4af76d-4951-44eb-9865-a0dc77941b3f', '2020-05-09 10:15:25', 'admin', 'admin', '2020-08-05 10:12:22', '3507322b-3d8e-4197-8e57-2d29a87fd75d', NULL, '403 Cách mạng tháng 8 phường 13 quận 10', 'S-0114', 'PHẠM THỊ BÍCH ANH', '2839798712', 'Chẩn đoán nhiễm HIV', 'TRUNG TÂM Y TẾ QUẬN 10', NULL, '3696f91f-ced0-4ad4-81f2-ded5fd4b6787', NULL, NULL, NULL, NULL, NULL, NULL, NULL, NULL, NULL, NULL, NULL, NULL, NULL, NULL, NULL, NULL, NULL, NULL, NULL, NULL, 114),
	('b2007522-97ff-40c7-805c-597701fe4a0f', '2020-05-09 10:16:05', 'admin', 'admin', '2020-08-05 10:12:22', 'b1ea0071-842e-4e9e-a177-7d582d16400a', NULL, '495 DƯƠNG THỊ MƯỜI KP6 P.HiỆP THÀNH QUẬN 12', 'S-0115', 'NGUYỄN DẠ THẢO', '0908533990', 'Chẩn đoán nhiễm HIV', 'TRUNG TÂM Y TẾ QUẬN 12', NULL, '3696f91f-ced0-4ad4-81f2-ded5fd4b6787', NULL, NULL, NULL, NULL, NULL, NULL, NULL, NULL, NULL, NULL, NULL, NULL, NULL, NULL, NULL, NULL, NULL, NULL, NULL, NULL, 115),
	('66c2b79c-785c-4229-94a3-aebbf76aff6d', '2020-05-09 10:17:22', 'admin', 'admin', '2020-08-05 10:12:22', 'cfedbb82-f000-4241-9a5c-dab6074d4eea', NULL, '06 Trịnh Khắc Lập, phường Thạnh Mỹ Lợi, Quận 2. TPHCM', 'S-0116', 'Phạm Thị Minh Thy', '000000000', 'An toàn truyền máu', 'TRUNG TÂM Y TẾ QUẬN 2', NULL, '3696f91f-ced0-4ad4-81f2-ded5fd4b6787', NULL, NULL, NULL, NULL, NULL, NULL, NULL, NULL, NULL, NULL, NULL, NULL, NULL, NULL, NULL, NULL, NULL, NULL, NULL, NULL, 116),
	('8deafa22-8454-47cb-b721-d679ea549a94', '2020-05-09 10:17:47', 'admin', 'admin', '2020-08-05 10:12:22', 'e7c48fd8-10b4-4785-9248-292db67146cd', NULL, '80/5 BÀ HUYỄN THANH QUAN P.9 Q. 3', 'S-0117', 'PHẠM THỊ BÍCH HẠNH ', '0909595825', 'Chẩn đoán nhiễm HIV', 'TRUNG TÂM Y TẾ Q.3', NULL, '3696f91f-ced0-4ad4-81f2-ded5fd4b6787', NULL, NULL, NULL, NULL, NULL, NULL, NULL, NULL, NULL, NULL, NULL, NULL, NULL, NULL, NULL, NULL, NULL, NULL, NULL, NULL, 117),
	('10fdee6d-626b-45a5-8e5a-839ee08901e8', '2020-05-09 10:18:12', 'admin', 'admin', '2020-08-05 10:12:22', '3a7e8b22-b870-4859-a142-757cd7478f01', NULL, '217 KHÁNH HỘI,P.3,Q.4', 'S-0118', 'CN NGUYỄN THỊ HOÀNG YẾN', '0909441797', 'Chẩn đoán nhiễm HIV', 'TRUNG TÂM Y TÊ QUẬN 4', NULL, '3696f91f-ced0-4ad4-81f2-ded5fd4b6787', NULL, NULL, NULL, NULL, NULL, NULL, NULL, NULL, NULL, NULL, NULL, NULL, NULL, NULL, NULL, NULL, NULL, NULL, NULL, NULL, 118),
	('9a6ba63f-c58e-4f02-b3bf-8eba68860340', '2020-05-09 10:18:43', 'admin', 'admin', '2020-08-05 10:12:22', '1ef43459-813d-42e8-a2b2-3b4dfc4d34fb', NULL, '164 - 168 Nguyễn Tri Phương, phường 9, quận 5', 'S-0119', 'LVH', '0772579798', 'Sàng lọc cho phụ nữ mang thai', 'Trung tâm Y tế quận 5', NULL, '3696f91f-ced0-4ad4-81f2-ded5fd4b6787', NULL, NULL, NULL, NULL, NULL, NULL, NULL, NULL, NULL, NULL, NULL, NULL, NULL, NULL, NULL, NULL, NULL, NULL, NULL, NULL, 119),
	('d7cbaeb8-d6b8-4cb1-9954-0e329dbcc1e1', '2020-05-09 10:19:07', 'admin', 'admin', '2020-08-05 10:12:22', '60eee6cf-fb4f-4b26-a880-00566c0fe46a', NULL, 'A14/1 BÀ HOM, PHƯỜNG 13, QUẬN 6, THÀNH PHỐ HỒ CHÍ MINH', 'S-0120', 'NGUYỄN KHÁNH HẢI', '0908334099', 'Chẩn đoán nhiễm HIV', 'TRUNG TÂM Y TẾ QUẬN 6', NULL, '3696f91f-ced0-4ad4-81f2-ded5fd4b6787', NULL, NULL, NULL, NULL, NULL, NULL, NULL, NULL, NULL, NULL, NULL, NULL, NULL, NULL, NULL, NULL, NULL, NULL, NULL, NULL, 120),
	('8d642bbe-1517-4694-a332-4d50fa744f6c', '2020-05-09 10:19:29', 'admin', 'admin', '2020-08-05 10:12:22', 'f43ecfec-0e60-41d2-a662-d259eb511cd5', NULL, '170 Tùng Thiện Vương P11- Q8', 'S-0121', 'Nguyễn Minh Tân', '903889434', 'Chẩn đoán nhiễm HIV', 'Trung tâm Y tế Quận 8', NULL, '3696f91f-ced0-4ad4-81f2-ded5fd4b6787', NULL, NULL, NULL, NULL, NULL, NULL, NULL, NULL, NULL, NULL, NULL, NULL, NULL, NULL, NULL, NULL, NULL, NULL, NULL, NULL, 121),
	('fe106d48-16f8-44d9-877a-c91ec0ace8b5', '2020-05-09 10:20:06', 'admin', 'admin', '2020-08-05 10:12:22', 'b2aea6e0-3c42-4866-b35d-904c03f750fe', NULL, '131 Nguyễn Thái Sơn,P7,Gò Vấp', 'S-0122', 'Nguyễn Thị Thu Hà', '02835880007', 'Chẩn đoán nhiễm HIV', 'TRUNG TÂM Y TẾ QUẬN GÒ VẤP', NULL, '3696f91f-ced0-4ad4-81f2-ded5fd4b6787', NULL, NULL, NULL, NULL, NULL, NULL, NULL, NULL, NULL, NULL, NULL, NULL, NULL, NULL, NULL, NULL, NULL, NULL, NULL, NULL, 122),
	('a728e78c-61b4-44dc-8cbf-c58ba94654c8', '2020-05-09 10:20:29', 'admin', 'admin', '2020-08-05 10:12:22', '93dc8080-3caf-4dc4-8621-f020460a142e', NULL, '23 Nguyễn Văn Đậu, P.5, Quận Phú Nhuận, TP.HCM ', 'S-0123', 'Đặng Hồng Yến', '02835501216', 'Chẩn đoán nhiễm HIV', 'TRUNG TÂM Y TẾ QUẬN PHÚ NHUẬN', NULL, '3696f91f-ced0-4ad4-81f2-ded5fd4b6787', NULL, NULL, NULL, NULL, NULL, NULL, NULL, NULL, NULL, NULL, NULL, NULL, NULL, NULL, NULL, NULL, NULL, NULL, NULL, NULL, 123),
	('548bc3d2-9b26-4e36-b8d5-0adfbfed10d5', '2020-05-09 10:20:53', 'admin', 'admin', '2020-08-05 10:12:22', '49b051e8-9404-4f65-a577-05b11e74a5ff', NULL, '83/1 Vườn Lài, P.Phú Thọ Hòa, Q. Tân Phú', 'S-0124', 'CNXN. Trần Thanh Hải', '0988020218', 'Chẩn đoán nhiễm HIV', 'TRUNG TÂM Y TẾ QUẬN TÂN PHÚ', NULL, '3696f91f-ced0-4ad4-81f2-ded5fd4b6787', NULL, NULL, NULL, NULL, NULL, NULL, NULL, NULL, NULL, NULL, NULL, NULL, NULL, NULL, NULL, NULL, NULL, NULL, NULL, NULL, 124),
	('f5f38d50-9ef0-40e2-ae2f-0eb5a7d1b7a8', '2020-05-09 10:21:19', 'admin', 'admin', '2020-08-05 10:12:22', '571585f0-cb98-4ba7-a162-329fe10a62e8', NULL, '332 TRƯỜNG CHINH , PHƯƠNG 13, QUẬN TÂN BÌNH', 'S-0125', 'PHAN THỊ HOÀNG', '0938378728', 'Chẩn đoán nhiễm HIV', 'TRUNG TÂM Y TẾ QUẬN TÂN BÌNH', NULL, '3696f91f-ced0-4ad4-81f2-ded5fd4b6787', NULL, NULL, NULL, NULL, NULL, NULL, NULL, NULL, NULL, NULL, NULL, NULL, NULL, NULL, NULL, NULL, NULL, NULL, NULL, NULL, 125),
	('c39f5683-34ba-405d-95ee-35f03acd05b5', '2020-05-09 10:21:54', 'admin', 'admin', '2020-08-05 10:12:22', '0875228e-68f4-49b5-9bf2-d270e5044ec2', NULL, 'Quối lộ 91, KV. Phụng thạnh 1, P. Thốt Nốt, Q. Thốt Nốt, TPCT', 'S-0126', 'Phạm Thị Duyên Hương', '917196261', 'Trống', 'Trung Tâm Y Tế Quận Thốt Nốt', NULL, '3696f91f-ced0-4ad4-81f2-ded5fd4b6787', NULL, NULL, NULL, NULL, NULL, NULL, NULL, NULL, NULL, NULL, NULL, NULL, NULL, NULL, NULL, NULL, NULL, NULL, NULL, NULL, 126),
	('8e6bbd71-e668-4ab2-a458-83213cdee38b', '2020-05-09 10:22:21', 'admin', 'admin', '2020-08-05 10:12:22', 'd36cb530-2016-4b26-a0aa-14d6384df1fe', NULL, '02 Nguyễn Văn Lịch, Phường Linh Tây, Quận Thủ Đức', 'S-0127', 'Trần Văn Thủy', '0906428636', 'Chẩn đoán nhiễm HIV', 'Trung Tâm Y tế Quận Thủ Đức', NULL, '3696f91f-ced0-4ad4-81f2-ded5fd4b6787', NULL, NULL, NULL, NULL, NULL, NULL, NULL, NULL, NULL, NULL, NULL, NULL, NULL, NULL, NULL, NULL, NULL, NULL, NULL, NULL, 127),
	('350b6214-060e-43bf-a333-b157cca8f66b', '2020-05-09 10:22:49', 'admin', 'admin', '2020-08-05 10:12:22', '2be85a05-1c92-40bd-b53a-aa6cd794aea2', NULL, '09A Nguyễn Văn Côn ,TT Vĩnh Bình , Gò Công Tây, Tiền Giang.', 'S-0128', 'Lê Tấn Bảy', '945860276', 'Sàng lọc cho phụ nữ mang thai', 'Trung Tâm Y tế huyện Gò Công Tây', NULL, '3696f91f-ced0-4ad4-81f2-ded5fd4b6787', NULL, NULL, NULL, NULL, NULL, NULL, NULL, NULL, NULL, NULL, NULL, NULL, NULL, NULL, NULL, NULL, NULL, NULL, NULL, NULL, 128),
	('5d4cdde0-62e7-4173-a38e-b7e4f6beb6b1', '2020-05-09 10:23:18', 'admin', 'admin', '2020-08-05 10:12:22', 'c048caa5-0cf2-4ad5-ac9c-4bd49a544394', NULL, 'BỜ BẮC KÊNH MỚI, ẤP AN HƯNG, TT AN PHÚ, AN GIANG', 'S-0129', 'TRẦN THỊ THÚY NHI', '036420056', 'Sàng lọc cho phụ nữ mang thai', 'TTYT HUYỆN AN PHÚ', NULL, '3696f91f-ced0-4ad4-81f2-ded5fd4b6787', NULL, NULL, NULL, NULL, NULL, NULL, NULL, NULL, NULL, NULL, NULL, NULL, NULL, NULL, NULL, NULL, NULL, NULL, NULL, NULL, 129),
	('091ec5a6-69c2-4dc4-abc8-33a7f4397814', '2020-05-09 10:23:45', 'admin', 'admin', '2020-08-05 10:12:22', 'e3276676-916c-48f3-b690-94cbafee4920', NULL, '3690 TỔ 14 ẤP THÀNH NHÂN, XÃ THÀNH LỢI, HUYỆN BÌNH TÂN, TỈNH VĨNH LONG', 'S-0130', 'NGUYỄN THỊ DIỄM THI', '949341007', 'Sàng lọc cho phụ nữ mang thai', 'TTYT HUYỆN BÌNH TÂN TỈNH VĨNH LONG', NULL, '3696f91f-ced0-4ad4-81f2-ded5fd4b6787', NULL, NULL, NULL, NULL, NULL, NULL, NULL, NULL, NULL, NULL, NULL, NULL, NULL, NULL, NULL, NULL, NULL, NULL, NULL, NULL, 130),
	('220124d0-7c4d-4274-87d2-3d7226a17efa', '2020-05-09 10:24:13', 'admin', 'admin', '2020-08-05 10:12:22', 'c10e4c28-27fb-4244-ac82-97aa4c17a311', NULL, 'Quốc lộ 1A,ấp Hòa Phúc,xã Hòa Khánh,huyện Cái Bè ,tỉnh Tiền Giang', 'S-0131', 'Võ Duy Khanh', '0919108369', 'Chẩn đoán nhiễm HIV', 'Trung Tâm Y Tế Cái Bè', NULL, '3696f91f-ced0-4ad4-81f2-ded5fd4b6787', NULL, NULL, NULL, NULL, NULL, NULL, NULL, NULL, NULL, NULL, NULL, NULL, NULL, NULL, NULL, NULL, NULL, NULL, NULL, NULL, 131),
	('2e7f0420-4ede-46c6-9bb0-e35f62071c98', '2020-05-09 10:24:41', 'admin', 'admin', '2020-08-05 10:12:22', '7c07e003-26b8-4915-949c-15e07dea5bbf', NULL, 'Khu 1B, Thị Trấn Cần Đước, huyện Cần Đước, Long An', 'S-0132', 'Huỳnh Thị Bích Thuận', '902335029', 'Sàng lọc cho phụ nữ mang thai', 'TRUNG TÂM Y TẾ HUYỆN CẦN ĐƯỚC', NULL, '3696f91f-ced0-4ad4-81f2-ded5fd4b6787', NULL, NULL, NULL, NULL, NULL, NULL, NULL, NULL, NULL, NULL, NULL, NULL, NULL, NULL, NULL, NULL, NULL, NULL, NULL, NULL, 132),
	('ade23903-c962-44ba-9a04-6f7dac735080', '2020-05-09 10:25:08', 'admin', 'admin', '2020-08-05 10:12:22', '584174fd-8e61-4644-82ba-d6cf3afc673c', NULL, 'Ấp Phú an 1, Xã Bình Hòa, Huyện Châu Thành, Tỉnh An Giang', 'S-0133', 'Mai Minh Tài', '919461978', 'Sàng lọc cho phụ nữ mang thai', 'TRUNG TÂM Y TẾ HUYỆN CHÂU THÀNH', NULL, '3696f91f-ced0-4ad4-81f2-ded5fd4b6787', NULL, NULL, NULL, NULL, NULL, NULL, NULL, NULL, NULL, NULL, NULL, NULL, NULL, NULL, NULL, NULL, NULL, NULL, NULL, NULL, 133),
	('ada8c301-2d52-44fc-9ce6-bcedc0aa8c47', '2020-05-09 10:25:30', 'admin', 'admin', '2020-08-05 10:12:22', 'c8d9b9e0-6c2e-48ec-984d-17d2be532528', NULL, 'Ấp Thới Hòa B, thị trấn Cờ Đỏ, huyện Cờ Đỏ, TP Cần Thơ', 'S-0134', 'Nguyễn Thị Kim Dư', '907434848', 'Sàng lọc cho phụ nữ mang thai', 'Trung Tâm Y Tế Huyện Cờ Đỏ', NULL, '3696f91f-ced0-4ad4-81f2-ded5fd4b6787', NULL, NULL, NULL, NULL, NULL, NULL, NULL, NULL, NULL, NULL, NULL, NULL, NULL, NULL, NULL, NULL, NULL, NULL, NULL, NULL, 134),
	('8e2b3fcd-003d-40fa-9f62-e561b8439899', '2020-05-09 10:25:53', 'admin', 'admin', '2020-08-05 10:12:22', 'eb1e9fff-8930-4838-b4a5-e44d6290185e', NULL, 'Khóm 1 - Phạm Hùng - Thị Trấn Cái Nhum', 'S-0135', 'Nguyễn Thị Hà Nhi', '0377361667', 'Sàng lọc cho phụ nữ mang thai', 'Trung Tâm Y Tế Huyện Mang Thít', NULL, '3696f91f-ced0-4ad4-81f2-ded5fd4b6787', NULL, NULL, NULL, NULL, NULL, NULL, NULL, NULL, NULL, NULL, NULL, NULL, NULL, NULL, NULL, NULL, NULL, NULL, NULL, NULL, 135),
	('48c1a8e4-69d5-4210-ad10-66dc9f2f1fcf', '2020-05-09 10:26:13', 'admin', 'admin', '2020-08-05 10:12:22', '0eb46c07-ed7a-42c5-b2b7-a295c29fd10d', NULL, 'ẤP LONG THÀNH-THỊ TRẤN PHƯỚC LONG-HUYỆN PHƯỚC LONG-TỈNH BẠC LIÊU', 'S-0136', 'TRẦN TRUNG THỰC', '944774636', 'Sàng lọc cho phụ nữ mang thai', 'TRUNG TÂM Y TẾ HUYỆN PHƯỚC LONG', NULL, '3696f91f-ced0-4ad4-81f2-ded5fd4b6787', NULL, NULL, NULL, NULL, NULL, NULL, NULL, NULL, NULL, NULL, NULL, NULL, NULL, NULL, NULL, NULL, NULL, NULL, NULL, NULL, 136),
	('80d35282-a4f4-406a-8dbf-75742db7f973', '2020-05-09 10:26:32', 'admin', 'admin', '2020-08-05 10:12:22', '0609581d-053e-4115-b2f8-bc9d77b1c013', NULL, 'Ấp Công Sự, Xã An Minh Bắc, Huyện U Minh Thượng, tỉnh Kiên Giang', 'S-0137', 'PHẠM HOÀI THƯƠNG', '0772449998', 'Chẩn đoán nhiễm HIV', 'TRUNG TÂM Y TẾ HUYỆN U MINH THƯỢNG', NULL, '3696f91f-ced0-4ad4-81f2-ded5fd4b6787', NULL, NULL, NULL, NULL, NULL, NULL, NULL, NULL, NULL, NULL, NULL, NULL, NULL, NULL, NULL, NULL, NULL, NULL, NULL, NULL, 137),
	('3db2025b-9606-446f-8ca0-d51208a50ff5', '2020-05-09 10:26:57', 'admin', 'admin', '2020-08-05 10:12:22', '920a554b-f14f-435d-821d-3673d1e566c0', NULL, '09 Hải Thượng Lãn Ông, Mỹ Xuyên, Long Xuyên, An Giang', 'S-0138', 'Nguyễn Hữu Trí', '868664559', 'Trống', 'TTYT Thành Phố Long Xuyên', NULL, '3696f91f-ced0-4ad4-81f2-ded5fd4b6787', NULL, NULL, NULL, NULL, NULL, NULL, NULL, NULL, NULL, NULL, NULL, NULL, NULL, NULL, NULL, NULL, NULL, NULL, NULL, NULL, 138),
	('166647b7-da8c-4a86-a42b-2c9e4356a7f7', '2020-05-09 10:27:24', 'admin', 'admin', '2020-08-05 10:12:22', 'aec6abf4-a652-429b-bd18-405a28aa1609', NULL, '57 Hùng Vương , Phường 7, TP Mỹ Tho, Tiền Giang', 'S-0139', 'HTB', '0987897001', 'Chẩn đoán nhiễm HIV', 'Trung Tâm Y Tế Thành Phố Mỹ Tho', NULL, '3696f91f-ced0-4ad4-81f2-ded5fd4b6787', NULL, NULL, NULL, NULL, NULL, NULL, NULL, NULL, NULL, NULL, NULL, NULL, NULL, NULL, NULL, NULL, NULL, NULL, NULL, NULL, 139),
	('4b328064-fc09-481a-a8d3-93be9e477fb7', '2020-05-09 10:27:51', 'admin', 'admin', '2020-08-05 10:12:22', 'cfc7b843-3923-4e9b-939d-d60d5bf1ab7b', NULL, 'số 03-CMT8-Xuân An-Long Khánh - Đồng Nai', 'S-0140', 'Nguyễn Mạnh Hảo ', '02513647096', 'Chẩn đoán nhiễm HIV', ' Trung Tâm Y Tế Thị Xã Long Khánh', NULL, '3696f91f-ced0-4ad4-81f2-ded5fd4b6787', NULL, NULL, NULL, NULL, NULL, NULL, NULL, NULL, NULL, NULL, NULL, NULL, NULL, NULL, NULL, NULL, NULL, NULL, NULL, NULL, 140),
	('2ef04019-a096-4bb1-8439-240819e17967', '2020-05-09 10:28:20', 'admin', 'admin', '2020-08-05 10:12:22', '22aec39a-22d3-4fe6-9937-71cefcc39713', NULL, '46 Hà Huy Tập, phường Long Hưng, thị xã Tân Châu, tỉnh An Giang', 'S-0141', 'Mai Hữu Hiền', '0982019823', 'Sàng lọc cho phụ nữ mang thai', 'Trung tâm Y tế thị xã Tân Châu', NULL, '3696f91f-ced0-4ad4-81f2-ded5fd4b6787', NULL, NULL, NULL, NULL, NULL, NULL, NULL, NULL, NULL, NULL, NULL, NULL, NULL, NULL, NULL, NULL, NULL, NULL, NULL, NULL, 141),
	('e49eb414-90e6-4841-96c9-695285d3d560', '2020-05-09 10:28:51', 'admin', 'admin', '2020-08-05 10:12:22', '58eacb0e-c153-4aff-beed-cdbcaaed3d8d', NULL, 'Số 1 Nguyễn Văn Hưởng, Ấp thị II, Thị Trấn Chợ Mới, huyện Chợ Mới, tỉnh An Giang', 'S-0142', 'Nguyễn Thị Tuyết Hoa', '983727085', 'Chẩn đoán nhiễm HIV', 'TRUNG TÂM Y TẾ HUYỆN CHỢ MỚI', NULL, '3696f91f-ced0-4ad4-81f2-ded5fd4b6787', NULL, NULL, NULL, NULL, NULL, NULL, NULL, NULL, NULL, NULL, NULL, NULL, NULL, NULL, NULL, NULL, NULL, NULL, NULL, NULL, 142),
	('f38e3949-da9d-4a1d-a4b2-f448f3c6045b', '2020-05-09 10:29:21', 'admin', 'admin', '2020-08-05 10:12:22', '9140bf85-ef4c-41f2-a842-37b5ab475cb8', NULL, 'Ấp Phước Hòa B, Thị Trấn Cù Lao Dung, huyện Cù Lao Dung, Tỉnh Sóc Trăng', 'S-0143', 'Trần Hiệp Lữ', '976983590', 'Sàng lọc cho phụ nữ mang thai', 'Trung Tâm Y tế Huyện Cù Lao Dung', NULL, '3696f91f-ced0-4ad4-81f2-ded5fd4b6787', NULL, NULL, NULL, NULL, NULL, NULL, NULL, NULL, NULL, NULL, NULL, NULL, NULL, NULL, NULL, NULL, NULL, NULL, NULL, NULL, 143),
	('eb77acb6-fb79-41a7-af63-e5bad1080609', '2020-05-09 10:29:42', 'admin', 'admin', '2020-08-05 10:12:22', 'aa1dd4b4-c773-4a39-80f3-670af6b13ebf', NULL, 'Quốc lộ 1A - Thị trấn Hòa Bình - huyện Hòa Bình, Bạc Liêu', 'S-0144', 'Lăng Hoài Hiếu', '0943143206', 'Sàng lọc cho phụ nữ mang thai', 'Trung tâm y tế huyện Hòa Bình', NULL, '3696f91f-ced0-4ad4-81f2-ded5fd4b6787', NULL, NULL, NULL, NULL, NULL, NULL, NULL, NULL, NULL, NULL, NULL, NULL, NULL, NULL, NULL, NULL, NULL, NULL, NULL, NULL, 144),
	('d052bc8d-d930-4c61-9e43-806d090d3d2d', '2020-05-09 10:30:06', 'admin', 'admin', '2020-08-05 10:12:22', '4daacc38-c3ef-429f-be7e-5b4cd4ffe0dc', NULL, 'Khóm 4_Thị Trấn Tam Bình, Huyện Tam Bình,Tỉnh Vĩnh Long', 'S-0145', 'Nguyễn Hoàng Dũng', '0979195603', 'Chẩn đoán nhiễm HIV', 'Trung Tâm Y tế Huyện Tam Bình', NULL, '3696f91f-ced0-4ad4-81f2-ded5fd4b6787', NULL, NULL, NULL, NULL, NULL, NULL, NULL, NULL, NULL, NULL, NULL, NULL, NULL, NULL, NULL, NULL, NULL, NULL, NULL, NULL, 145),
	('bd711266-17bd-4fd1-907f-97e041ed0880', '2020-05-09 10:30:37', 'admin', 'admin', '2020-08-05 10:12:22', '169f4043-8a85-441f-b008-14e5ceb68233', NULL, 'Khóm 1 Thị trấn Thới Bình, huyện Thới Bình, Tỉnh Cà Mau', 'S-0146', 'Nguyễn Thị Hiếu', '964393454', 'Sàng lọc cho phụ nữ mang thai', 'Trung tâm y tế huyện Thới Bình', NULL, '3696f91f-ced0-4ad4-81f2-ded5fd4b6787', NULL, NULL, NULL, NULL, NULL, NULL, NULL, NULL, NULL, NULL, NULL, NULL, NULL, NULL, NULL, NULL, NULL, NULL, NULL, NULL, 146),
	('a8da516b-100a-4d44-9af1-d4e3e514c2e8', '2020-05-09 11:10:28', 'admin', 'admin', '2020-08-05 10:12:22', 'd6d30b78-f2c3-47a6-937e-c85a779aa9c0', NULL, '917 Tôn Đức Thắng,phường vĩnh mỹ,thành phố Châu Đốc,tỉnh An Giang', 'S-0147', 'Cao Công Sang', '2963550122', 'Sàng lọc cho phụ nữ mang thai', 'Bệnh viện đa khoa khu vực tỉnh An Giang', NULL, '3696f91f-ced0-4ad4-81f2-ded5fd4b6787', NULL, NULL, NULL, NULL, NULL, NULL, NULL, NULL, NULL, NULL, NULL, NULL, NULL, NULL, NULL, NULL, NULL, NULL, NULL, NULL, 147),
	('86e01585-f4a4-4ada-aba8-9b78637f46b9', '2020-05-09 11:14:15', 'admin', 'admin', '2020-08-05 10:12:22', 'a4e18b64-f066-4f58-882d-e49c56fbccd5', NULL, '153 Nguyễn Sinh Sắc, khóm Hòa Khánh, phường 2, Tp Sa Đéc, Đồng Tháp', 'S-0148', 'Nguyễn Quốc Hưng', '907634919', 'Chẩn đoán nhiễm HIV', 'BỆNH VIỆN ĐA KHOA SA ĐÉC', NULL, '3696f91f-ced0-4ad4-81f2-ded5fd4b6787', NULL, NULL, NULL, NULL, NULL, NULL, NULL, NULL, NULL, NULL, NULL, NULL, NULL, NULL, NULL, NULL, NULL, NULL, NULL, NULL, 148),
	('5a40ba2a-3533-4ad0-bbc7-6d0a27e035b4', '2020-05-09 11:15:03', 'admin', 'admin', '2020-08-05 10:12:22', '0329abcc-2630-4cbc-bcc7-4f9492eb735f', NULL, '179, Nguyễn Văn Cừ - phường An Khánh - quận Ninh Kiều - thành phố Cần Thơ', 'S-0149', 'Trần Thị Thu Thảo', '0899161009', 'Xét nghiệm tiền phẫu', 'Bệnh viện Trường ĐHYD Cần Thơ', NULL, '3696f91f-ced0-4ad4-81f2-ded5fd4b6787', NULL, NULL, NULL, NULL, NULL, NULL, NULL, NULL, NULL, NULL, NULL, NULL, NULL, NULL, NULL, NULL, NULL, NULL, NULL, NULL, 149),
	('d4846f80-02fb-4ab5-9581-b5ebddb84569', '2020-05-09 11:17:05', 'admin', 'admin', '2020-08-05 10:12:22', '5c85af0b-4a29-4368-850d-e4e2cc39d018', NULL, NULL, 'S-0150', 'CN.PHAN THỊ HƯƠNG', '982834415', 'Chẩn đoán nhiễm HIV', 'BV.HUYỆN BÌNH CHÁNH', NULL, '3696f91f-ced0-4ad4-81f2-ded5fd4b6787', NULL, NULL, NULL, NULL, NULL, NULL, NULL, NULL, NULL, NULL, NULL, NULL, NULL, NULL, NULL, NULL, NULL, NULL, NULL, NULL, 150),
	('9fb369c9-21b2-4861-9e33-865d7855576d', '2020-05-09 11:17:53', 'admin', 'admin', '2020-08-05 10:12:22', '14f3ae0e-8520-4909-b20d-842505a2b123', NULL, '1307 Tỉnh lộ 7, ấp chợ củ 2, xã an nhơn tây, huyện củ chi, TP.HCM', 'S-0151', 'Nguyễn Thị Ninh Ngọc', '0364977044', 'Sàng lọc cho phụ nữ mang thai', 'BỆNH ViỆN HUYỆN CỦ CHI', NULL, '3696f91f-ced0-4ad4-81f2-ded5fd4b6787', NULL, NULL, NULL, NULL, NULL, NULL, NULL, NULL, NULL, NULL, NULL, NULL, NULL, NULL, NULL, NULL, NULL, NULL, NULL, NULL, 151),
	('f8da065b-c4eb-4590-b867-f2d41e232cf5', '2020-05-09 11:18:34', 'admin', 'admin', '2020-08-05 10:12:22', '8a6f2c6d-91dc-4309-b04c-032458416645', NULL, '90 Trần phú - Buôn ma thuột Đăklăk', 'S-0152', 'nguyễn thị nga', '0914 11 79 83', 'Xét nghiệm tiền phẫu', 'Bệnh viện Mắt Đăklăk', NULL, '3696f91f-ced0-4ad4-81f2-ded5fd4b6787', NULL, NULL, NULL, NULL, NULL, NULL, NULL, NULL, NULL, NULL, NULL, NULL, NULL, NULL, NULL, NULL, NULL, NULL, NULL, NULL, 152),
	('7dd20d78-6822-4e24-a3db-ffa3037e0504', '2020-05-09 11:19:52', 'admin', 'admin', '2020-08-05 10:12:22', 'c736c6d1-6de6-4620-a563-3b0915f9dca4', NULL, '345 đường Nguyễn Văn Cừ, Phường An Bình Quận Ninh Kiều TP Cần Thơ', 'S-0153', 'La Thu Nga', '0917.653.732', 'Chẩn đoán nhiễm HIV', 'Bệnh viện Nhi Đồng Cần Thơ', NULL, '3696f91f-ced0-4ad4-81f2-ded5fd4b6787', NULL, NULL, NULL, NULL, NULL, NULL, NULL, NULL, NULL, NULL, NULL, NULL, NULL, NULL, NULL, NULL, NULL, NULL, NULL, NULL, 153),
	('4fcfa3c6-8f90-4a32-b45c-338ca8ed6f1e', '2020-05-09 11:20:42', 'admin', 'admin', '2020-08-05 10:12:22', 'c9483b27-bec0-4f8d-9e0e-9fd45aad7890', NULL, '111 TCH 21, Phường Tân Chánh Hiệp, Quận 12, TP.Hồ Chí  Minh', 'S-0154', 'Phan Văn Trường', '0909219570', 'Sàng lọc cho phụ nữ mang thai', 'BỆNH VIỆN QUẬN 12', NULL, '3696f91f-ced0-4ad4-81f2-ded5fd4b6787', NULL, NULL, NULL, NULL, NULL, NULL, NULL, NULL, NULL, NULL, NULL, NULL, NULL, NULL, NULL, NULL, NULL, NULL, NULL, NULL, 154),
	('c8c758f4-6f09-46ed-ac9f-d34b2392b683', '2020-05-09 11:21:19', 'admin', 'admin', '2020-08-05 10:12:22', '8109be8d-6411-4848-8726-2d9db1f6b3a2', NULL, '387 ĐƯỜNG LÊ VĂN ViỆT, PHƯỜNG TĂNG NHƠN PHÚ A, QuẬN 9, TP.HCM', 'S-0155', 'VÕ THỊ NGỌC LỆ', '0909336569', 'Chẩn đoán nhiễm HIV', 'BỆNH ViỆN QuẬN 9', NULL, '3696f91f-ced0-4ad4-81f2-ded5fd4b6787', NULL, NULL, NULL, NULL, NULL, NULL, NULL, NULL, NULL, NULL, NULL, NULL, NULL, NULL, NULL, NULL, NULL, NULL, NULL, NULL, 155),
	('0fb44ad2-1320-4d11-873e-f2aa44674a06', '2020-05-09 11:22:17', 'admin', 'admin', '2020-08-05 10:12:22', '752ac201-44d5-45dd-9ae5-d51d77579b19', NULL, '809 Hương lộ 2- Phường BÌNH Trị Đông A- Quận Bình Tân- TPHCM', 'S-0156', 'TRƯƠNG ANH DŨNG', '918971479', 'Chẩn đoán nhiễm HIV', 'BỆNH VIỆN BÌNH TÂN', NULL, '3696f91f-ced0-4ad4-81f2-ded5fd4b6787', NULL, NULL, NULL, NULL, NULL, NULL, NULL, NULL, NULL, NULL, NULL, NULL, NULL, NULL, NULL, NULL, NULL, NULL, NULL, NULL, 156),
	('584fa7db-db6d-492c-b30e-e71229b48b01', '2020-05-09 11:23:03', 'admin', 'admin', '2020-08-05 10:12:22', 'fdb241dd-3150-421b-98c3-6ef59eb7d501', NULL, '605 HOÀNG VĂN THỤ PHƯỜNG 04 QuẬN TÂN BÌNH', 'S-0157', 'NGUYỄN QuỐC HÀO', '091 544 6418', 'Chẩn đoán nhiễm HIV', 'BỆNH ViỆN QuẬN TÂN BÌNH', NULL, '3696f91f-ced0-4ad4-81f2-ded5fd4b6787', NULL, NULL, NULL, NULL, NULL, NULL, NULL, NULL, NULL, NULL, NULL, NULL, NULL, NULL, NULL, NULL, NULL, NULL, NULL, NULL, 157),
	('0d6222d8-7ae0-4c2c-9586-8d5f8ac58e07', '2020-05-09 11:23:46', 'admin', 'admin', '2020-08-05 10:12:22', 'e5650711-bfad-4a4b-9cbd-fd0cff3841c7', NULL, '61 Lê Duẩn-  Tp Buôn Ma Thuột tỉnh Đắk Lắk', 'S-0158', 'Nguyễn Ngọc Thùy Nhung', '905900288', 'Xét nghiệm tiền phẫu', 'Trung Tâm Chăm Sóc Sức Khỏe Sinh Sản tỉnh Đắk Lắk', NULL, '3696f91f-ced0-4ad4-81f2-ded5fd4b6787', NULL, NULL, NULL, NULL, NULL, NULL, NULL, NULL, NULL, NULL, NULL, NULL, NULL, NULL, NULL, NULL, NULL, NULL, NULL, NULL, 158),
	('34695068-4a9b-4646-bed6-8dc79aa44ecd', '2020-05-09 11:24:25', 'admin', 'admin', '2020-08-05 10:12:22', 'db129677-2132-481e-af46-ace948b458bf', NULL, 'Đường số 44 khu dân cư Ngân Thuận- Phường Bình Thủy-Bình Thủy-Thành Phố Cần Thơ', 'S-0159', 'Nguyễn Hoàng Nhân', '907034403', 'Sàng lọc cho phụ nữ mang thai', 'TRUNG TÂM Y TẾ QUẬN BÌNH THỦY', NULL, '3696f91f-ced0-4ad4-81f2-ded5fd4b6787', NULL, NULL, NULL, NULL, NULL, NULL, NULL, NULL, NULL, NULL, NULL, NULL, NULL, NULL, NULL, NULL, NULL, NULL, NULL, NULL, 159),
	('ca26e983-06ee-4ed2-a6d3-4adf66b13e3f', '2020-05-09 11:25:28', 'admin', 'admin', '2020-08-05 10:12:22', 'f1f6cb7f-046a-4012-9a64-dc6a73fb17fc', NULL, '209 Nguyễn Trãi- P. Thới Bình- Q. Ninh Kiều- TPCT', 'S-0160', 'Lê Quốc Thắng', '0945600813', 'Chẩn đoán nhiễm HIV', 'Trung tâm Y tế quận Ninh Kiều', NULL, '3696f91f-ced0-4ad4-81f2-ded5fd4b6787', NULL, NULL, NULL, NULL, NULL, NULL, NULL, NULL, NULL, NULL, NULL, NULL, NULL, NULL, NULL, NULL, NULL, NULL, NULL, NULL, 160),
	('04d6a1b0-33ef-4373-8c60-8345dbd68cd0', '2020-05-09 11:26:34', 'admin', 'admin', '2020-08-05 10:12:22', '11665ec2-01ae-43bc-adff-e4f1f934bed0', NULL, '72A Đường số 5, cx Bình Thới, Phường 8, quận 11.', 'S-0161', 'Nguyễn Tri Khoa', '39650630', 'Sàng lọc cho phụ nữ mang thai', 'Trung tâm Y tế Quận 11', NULL, '3696f91f-ced0-4ad4-81f2-ded5fd4b6787', NULL, NULL, NULL, NULL, NULL, NULL, NULL, NULL, NULL, NULL, NULL, NULL, NULL, NULL, NULL, NULL, NULL, NULL, NULL, NULL, 161),
	('cb21aac3-61d7-413d-866c-638aab49176b', '2020-05-09 11:27:24', 'admin', 'admin', '2020-08-05 10:12:22', '8ebaef00-61d6-4248-8732-61a3f9c848e4', NULL, 'KHU 2 THỊ TRẤN LỘC THẮNG- BẢO LÂM- LÂM ĐỒNG', 'S-0162', 'NGUYỄN THỊ HƯỜNG', '0977821054', 'Sàng lọc cho phụ nữ mang thai', 'TRUNG TÂM Y TẾ BẢO LÂM- LÂM ĐỒNG', NULL, '3696f91f-ced0-4ad4-81f2-ded5fd4b6787', NULL, NULL, NULL, NULL, NULL, NULL, NULL, NULL, NULL, NULL, NULL, NULL, NULL, NULL, NULL, NULL, NULL, NULL, NULL, NULL, 162),
	('a8ea0aa6-d41d-441d-a47b-dc051393e90c', '2020-05-09 11:29:13', 'admin', 'admin', '2020-08-05 10:12:22', '23521fab-e23e-4b89-a1f8-50545675d98e', NULL, '120, Đường Tân Duyệt, Khóm III, Thị Trấn Cái Nước', 'S-0163', 'Nguyễn Quốc Việt', '0919.080.532', 'Sàng lọc', 'Trung tâm Y tế huyện Cái Nước', NULL, '3696f91f-ced0-4ad4-81f2-ded5fd4b6787', NULL, NULL, NULL, NULL, NULL, NULL, NULL, NULL, NULL, NULL, NULL, NULL, NULL, NULL, NULL, NULL, NULL, NULL, NULL, NULL, 163),
	('b896babc-cece-49f9-9d10-b8d2fb38d9ef', '2020-05-09 11:29:55', 'admin', 'admin', '2020-08-05 10:12:22', '781fb719-9e85-4e7e-ab0a-5529c74c036f', NULL, 'Ấp Phước Lộc- Xã Phước Hội- Huyện Đất Đỏ- Tỉnh Bà Rịa Vũng Tàu', 'S-0164', 'Lữ Thị Thiệt', '0908158082', 'Sàng lọc cho phụ nữ mang thai', 'TRUNG TÂM Y TẾ HUYỆN ĐẤT ĐỎ', NULL, '3696f91f-ced0-4ad4-81f2-ded5fd4b6787', NULL, NULL, NULL, NULL, NULL, NULL, NULL, NULL, NULL, NULL, NULL, NULL, NULL, NULL, NULL, NULL, NULL, NULL, NULL, NULL, 164),
	('dc17dbb1-d5af-4993-899d-79c643abd45d', '2020-05-09 11:31:19', 'admin', 'admin', '2020-08-05 10:12:22', '701b72a7-e540-4475-a85f-2b3288d6dbf1', NULL, 'Kp3 tt Phước vĩnh Phú giáo Bình dương', 'S-0165', 'Vũ Hạ Long', '902867828', 'Sàng lọc cho phụ nữ mang thai', 'TTYT Phú giáo', NULL, '3696f91f-ced0-4ad4-81f2-ded5fd4b6787', NULL, NULL, NULL, NULL, NULL, NULL, NULL, NULL, NULL, NULL, NULL, NULL, NULL, NULL, NULL, NULL, NULL, NULL, NULL, NULL, 165),
	('065c87e8-6f19-42e5-8169-6cb31c5abedd', '2020-05-09 11:32:04', 'admin', 'admin', '2020-08-05 10:12:22', '433c4704-0b6b-44c7-beb2-8bd6b620b472', NULL, '123 Hải Thượng Lãn Ông, Thị trấn Phú Mỹ, Huyện Phú Tân, Tỉnh An Giang.', 'S-0166', 'Trần Minh Duy', '914477311', 'Chẩn đoán nhiễm HIV', 'TTYT Huyện Phú Tân', NULL, '3696f91f-ced0-4ad4-81f2-ded5fd4b6787', NULL, NULL, NULL, NULL, NULL, NULL, NULL, NULL, NULL, NULL, NULL, NULL, NULL, NULL, NULL, NULL, NULL, NULL, NULL, NULL, 166),
	('b54acddf-b1b7-43fa-8599-719497401c1c', '2020-05-09 11:33:02', 'admin', 'admin', '2020-08-05 10:12:22', '0dd2edc8-c563-4669-8c83-4eaef254f6cb', NULL, 'Khu phố 7, phường Uyên Hưng, Tx Tân Uyên,Tỉnh Bình Dương', 'S-0167', 'Hồ Văn Cộp', '365415044', 'Sàng lọc cho phụ nữ mang thai', 'Phòng xét nghiệm TTYT Tx Tân Uyên', NULL, '3696f91f-ced0-4ad4-81f2-ded5fd4b6787', NULL, NULL, NULL, NULL, NULL, NULL, NULL, NULL, NULL, NULL, NULL, NULL, NULL, NULL, NULL, NULL, NULL, NULL, NULL, NULL, 167),
	('eb140c2c-baf2-4012-b48c-f8eeca5efdd8', '2020-05-09 11:33:41', 'admin', 'admin', '2020-08-05 10:12:22', 'c2590dd1-eb4b-4b22-b12e-c30e02dd81d1', NULL, 'ẤP XẺO CHÍCH- THỊ TRẤN CHÂU HƯNG-VĨNH LỢI- BẠC LIÊU', 'S-0168', 'HỨA KIỀU DIỄM', '944872606', 'Sàng lọc cho phụ nữ mang thai', 'TRUNG TÂM Y TẾ HUYỆN VĨNH LỢI', NULL, '3696f91f-ced0-4ad4-81f2-ded5fd4b6787', NULL, NULL, NULL, NULL, NULL, NULL, NULL, NULL, NULL, NULL, NULL, NULL, NULL, NULL, NULL, NULL, NULL, NULL, NULL, NULL, 168),
	('365bd026-d0d7-4852-8508-252121d5fd6a', '2020-05-09 11:34:21', 'admin', 'admin', '2020-08-05 10:12:22', 'd4965608-3820-421a-b9fc-3c2c135022a5', NULL, '220,Hùng Vương, KV2, Khóm 2, Năm Căn, Cà Mau', 'S-0169', 'Trần Hữu Hiệp', '0917001031', 'Sàng lọc cho phụ nữ mang thai', 'TRUNG TÂM Y TẾ NĂM CĂN', NULL, '3696f91f-ced0-4ad4-81f2-ded5fd4b6787', NULL, NULL, NULL, NULL, NULL, NULL, NULL, NULL, NULL, NULL, NULL, NULL, NULL, NULL, NULL, NULL, NULL, NULL, NULL, NULL, 169),
	('7f217886-f8c2-4633-9c26-f8c57ac6ef84', '2020-05-09 11:36:07', 'admin', 'admin', '2020-08-05 10:12:22', '3c49b687-9e05-48c5-bad8-6fd4b10030d1', NULL, '57 Nguyễn Thanh Đằng, phường Phước hiệp, tp Bà rịa ,tỉnh Bà rịa Vũng tàu.', 'S-0170', 'Nguyễn Thị Như Ý', '0985583785', 'Chẩn đoán nhiễm HIV', 'Trung tâm y tế tp Bà rịa', NULL, '3696f91f-ced0-4ad4-81f2-ded5fd4b6787', NULL, NULL, NULL, NULL, NULL, NULL, NULL, NULL, NULL, NULL, NULL, NULL, NULL, NULL, NULL, NULL, NULL, NULL, NULL, NULL, 170),
	('044c394e-1898-417d-be61-cf91c597a132', '2020-05-09 11:40:33', 'admin', 'admin', '2020-08-05 10:12:22', '02da6a8c-340d-4edd-a9a9-19cf7e67c7ab', NULL, 'Số 16 Hoàng Diệu, phường 2, TP Cà Mau, Cà Mau', 'S-0171', 'Quách Duy Thái', '0919717607', 'Sàng lọc cho phụ nữ mang thai', 'Trung tâm y Tế TP Cà Mau - Cà Mau', NULL, '3696f91f-ced0-4ad4-81f2-ded5fd4b6787', NULL, NULL, NULL, NULL, NULL, NULL, NULL, NULL, NULL, NULL, NULL, NULL, NULL, NULL, NULL, NULL, NULL, NULL, NULL, NULL, 171),
	('3e3f32f6-13db-4afe-bbc2-2a1ff530ee3d', '2020-05-09 11:41:19', 'admin', 'admin', '2020-08-05 10:12:22', 'ff3efde8-4755-403c-93a9-a006639b487c', NULL, 'Số 3 - đường Văn Công Khai - phường Phú Cường - Thành phố Thủ Dầu Một - tỉnh Bình Dương', 'S-0172', 'Phạm Văn Phí', '0274 3 855342', 'Sàng lọc', 'Trung tâm Y tế Thành phố Thủ Dầu Một', NULL, '3696f91f-ced0-4ad4-81f2-ded5fd4b6787', NULL, NULL, NULL, NULL, NULL, NULL, NULL, NULL, NULL, NULL, NULL, NULL, NULL, NULL, NULL, NULL, NULL, NULL, NULL, NULL, 172),
	('cbf4d508-3773-46f5-8aba-7c1acf5148ce', '2020-05-09 11:41:59', 'admin', 'admin', '2020-08-05 10:12:22', 'd63238e4-9855-4521-b15b-ffe66a8ce3b3', NULL, 'Khóm 6- Thị trấn Càng Long- huyện Càng Long- tỉnh Trà Vinh', 'S-0173', 'Phan Thị Hồng Vân', '0918135558', 'Sàng lọc cho phụ nữ mang thai', 'Trung tâm y tế huyện Càng Long', NULL, '3696f91f-ced0-4ad4-81f2-ded5fd4b6787', NULL, NULL, NULL, NULL, NULL, NULL, NULL, NULL, NULL, NULL, NULL, NULL, NULL, NULL, NULL, NULL, NULL, NULL, NULL, NULL, 173),
	('05841440-9fd7-4786-8604-902b4bbeae1b', '2020-05-09 11:42:37', 'admin', 'admin', '2020-08-05 10:12:22', 'e3789f16-8a1e-4db3-8d68-ba5bc5e03a53', NULL, 'ấp Vĩnh Phú, xã Vĩnh Thạnh trung, huyện Châu Phú, tỉnh An Giang', 'S-0174', 'NNT', '0909056345', 'Sàng lọc cho phụ nữ mang thai', 'Trung tâm y tế huyện Châu Phú', NULL, '3696f91f-ced0-4ad4-81f2-ded5fd4b6787', NULL, NULL, NULL, NULL, NULL, NULL, NULL, NULL, NULL, NULL, NULL, NULL, NULL, NULL, NULL, NULL, NULL, NULL, NULL, NULL, 174),
	('c81ba4b4-f485-44a7-9ef1-fccd29a327b8', '2020-05-09 11:43:20', 'admin', 'admin', '2020-08-05 10:12:22', '39df3a48-775b-40e3-970d-928b0122d330', NULL, 'TDP9-TT Kiến Đức- Huyện Đăk R\'Lấp - Tỉnh Đăk Nông', 'S-0175', 'Đoàn Trung Quân', '0949582567', 'Sàng lọc cho phụ nữ mang thai', 'Trung tâm Y tế huyện Đăk R\'Lấp', NULL, '3696f91f-ced0-4ad4-81f2-ded5fd4b6787', NULL, NULL, NULL, NULL, NULL, NULL, NULL, NULL, NULL, NULL, NULL, NULL, NULL, NULL, NULL, NULL, NULL, NULL, NULL, NULL, 175),
	('060aac4b-ce10-4dd0-ab01-ca54c992f1a9', '2020-05-09 11:43:55', 'admin', 'admin', '2020-08-05 10:12:22', '918b5385-716d-4609-b8d0-5b8a00106497', NULL, 'Ấp 1 xã Tân Tây, huyện Gò Công Đông, tỉnh Tiền Giang', 'S-0176', 'Chung Thị Ngọc Hạnh', ',0978363631', 'Sàng lọc cho phụ nữ mang thai', 'Bệnh viện đa khoa Gò Công Đông', NULL, '3696f91f-ced0-4ad4-81f2-ded5fd4b6787', NULL, NULL, NULL, NULL, NULL, NULL, NULL, NULL, NULL, NULL, NULL, NULL, NULL, NULL, NULL, NULL, NULL, NULL, NULL, NULL, 176),
	('f147e097-2789-4627-846d-b3ce23327f72', '2020-05-09 14:46:37', 'admin', 'admin', '2020-08-05 10:12:22', 'c7e63663-6295-4c6a-98b0-826bef6db418', NULL, '72 Nguyễn Tri Tôn', 'S-0177', 'Nguyễn Thị Xuân Thủy', '914565986', NULL, 'Trung Tâm Y Tế Huyện Tri Tôn', NULL, '3696f91f-ced0-4ad4-81f2-ded5fd4b6787', NULL, NULL, NULL, NULL, NULL, NULL, NULL, NULL, NULL, NULL, NULL, NULL, NULL, NULL, NULL, NULL, NULL, NULL, NULL, NULL, 177),
	('6d1692d6-5023-436e-b2f4-885d946770ce', '2020-05-09 14:47:19', 'admin', 'admin', '2020-08-05 10:12:22', 'd7c76c3a-4c43-4d48-9f5f-acd55f3a6a73', NULL, 'Số 73, Đường Nam Kỳ Khởi Nghĩa, Khóm I, Thị Trấn Vũng Liêm, Huyện Vũng Liêm, Tỉnh Vĩnh Long', 'S-0178', 'Nguyễn Nhật Trường', '0389427424', 'Sàng lọc cho phụ nữ mang thai', 'Trung Tâm Y Tế Nguyễn Văn Thủ, Huyện Vũng Liêm, Tỉnh Vĩnh Long', NULL, '3696f91f-ced0-4ad4-81f2-ded5fd4b6787', NULL, NULL, NULL, NULL, NULL, NULL, NULL, NULL, NULL, NULL, NULL, NULL, NULL, NULL, NULL, NULL, NULL, NULL, NULL, NULL, 178),
	('04965acb-44b4-4543-8716-b9aba526d678', '2020-05-09 14:47:53', 'admin', 'admin', '2020-08-05 10:12:22', '4262dfd3-c7bc-4cdf-a621-31aeca671d0f', NULL, 'Đường Trần Phú,Khóm An Lợi , Phường An Lộc,Thị Xã Hồng Ngự, Tỉnh Đồng Tháp', 'S-0179', 'Nguyễn Văn Tâm', '918858659', 'Sàng lọc cho phụ nữ mang thai', 'Bệnh viện Đa Khoa Khu Vực Hồng Ngự', NULL, '3696f91f-ced0-4ad4-81f2-ded5fd4b6787', NULL, NULL, NULL, NULL, NULL, NULL, NULL, NULL, NULL, NULL, NULL, NULL, NULL, NULL, NULL, NULL, NULL, NULL, NULL, NULL, 179),
	('d22a780e-56fe-47e8-b8e1-74e59615a2ba', '2020-05-09 14:48:28', 'admin', 'admin', '2020-08-05 10:12:22', 'f89a7d6d-d27b-4e6e-961d-d35cc93e8f54', NULL, 'Khóm 7 Thị trấn Trần Văn Thời, huyện Trần Văn Thời, tỉnh Cà mau', 'S-0180', 'Nguyễn Hồng Xuyên', '0918339799', 'Sàng lọc cho phụ nữ mang thai', 'Bệnh Viện Đa Khoa Trần Văn Thời', NULL, '3696f91f-ced0-4ad4-81f2-ded5fd4b6787', NULL, NULL, NULL, NULL, NULL, NULL, NULL, NULL, NULL, NULL, NULL, NULL, NULL, NULL, NULL, NULL, NULL, NULL, NULL, NULL, 180),
	('dc90e404-ee85-4ac0-8b68-21110daad43d', '2020-05-09 14:49:13', 'admin', 'admin', '2020-08-05 10:12:22', '354a3900-d815-4c05-bdc8-5e5d5a04966a', NULL, 'ĐƯỜNG TC3-PHƯỜNG MỸ PHƯỚC-THỊ XÃ BẾN CÁT-TỈNH BÌNH DƯƠNG', 'S-0181', 'LÊ VĂN LỰC', '968684222', 'Xét nghiệm tiền phẫu', 'BỆNH VIỆN ĐA KHOA MỸ PHƯỚC', NULL, '3696f91f-ced0-4ad4-81f2-ded5fd4b6787', NULL, NULL, NULL, NULL, NULL, NULL, NULL, NULL, NULL, NULL, NULL, NULL, NULL, NULL, NULL, NULL, NULL, NULL, NULL, NULL, 181),
	('cd808f9f-9d3c-4879-a8cc-400146b9427b', '2020-05-09 14:49:46', 'admin', 'admin', '2020-08-05 10:12:22', '942e59af-5158-4862-b36f-4440bf82b236', NULL, '62 Nguyễn Đình Chiểu, p Tân Lợi , TP. Buôn Ma Thuột', 'S-0182', 'Nguyễn Thị Bạch Lộc', '976253395', 'Sàng lọc cho phụ nữ mang thai', 'BỆNH ViỆN ĐA KHOA THÀNH PHỐ BUÔN MA THUỘTĐiền vào ô này', NULL, '3696f91f-ced0-4ad4-81f2-ded5fd4b6787', NULL, NULL, NULL, NULL, NULL, NULL, NULL, NULL, NULL, NULL, NULL, NULL, NULL, NULL, NULL, NULL, NULL, NULL, NULL, NULL, 182),
	('fd3feb14-b6ea-4e6c-bb74-32a2efcaef2a', '2020-05-09 14:50:57', 'admin', 'admin', '2020-08-05 10:12:22', '002a4539-ddec-4760-ad2f-2ad5773893d4', NULL, '65 đường cách mạng tháng 8, phường Tô Châu, TP. Hà Tiên', 'S-0183', 'LÊ THỊ DIỆP', '0977 764 883', 'Sàng lọc cho phụ nữ mang thai', 'TRUNG TÂM Y TẾ TP. HÀ TIÊN', NULL, '3696f91f-ced0-4ad4-81f2-ded5fd4b6787', NULL, NULL, NULL, NULL, NULL, NULL, NULL, NULL, NULL, NULL, NULL, NULL, NULL, NULL, NULL, NULL, NULL, NULL, NULL, NULL, 183),
	('ab02d802-3b1d-450a-a710-d356bfd8c29f', '2020-05-09 14:51:37', 'admin', 'admin', '2020-08-05 10:12:22', '7fadf900-bde1-44f7-b74c-325ca888a02f', NULL, 'Số 2 Nguyễn Thông F.6-Q3', 'S-0184', 'Bs.Hà Văn Phước', '904126836', NULL, 'BỆNH VIỆN DA LIỄU TP. HCM', NULL, '3696f91f-ced0-4ad4-81f2-ded5fd4b6787', NULL, NULL, NULL, NULL, NULL, NULL, NULL, NULL, NULL, NULL, NULL, NULL, NULL, NULL, NULL, NULL, NULL, NULL, NULL, NULL, 184),
	('32c97b9e-f71a-4f27-aff4-9f546e9473c4', '2020-05-09 14:52:13', 'admin', 'admin', '2020-08-05 10:12:22', 'c382385d-ad17-45f3-bd55-ed87137c89e4', NULL, 'Ấp Tân Mai II - Xã Phước Tân - Thành Phố Biên Hòa - Tỉnh Đồng Nai', 'S-0185', 'Từ Hải Dương', '964621863', NULL, 'Bệnh viện phổi Đồng Nai', NULL, '3696f91f-ced0-4ad4-81f2-ded5fd4b6787', NULL, NULL, NULL, NULL, NULL, NULL, NULL, NULL, NULL, NULL, NULL, NULL, NULL, NULL, NULL, NULL, NULL, NULL, NULL, NULL, 185),
	('c241f9c5-c282-4766-9ee9-82fe56c763c5', '2020-05-09 14:52:44', 'admin', 'admin', '2020-08-05 10:12:22', '53aa903d-5e2c-4ad9-b354-d8fc4f5cca3a', NULL, 'TỔ 3,ẤP 4, XÃ MỸ THỌ, HUYỆN CAO LÃNH, TỈNH ĐỒNG THÁP', 'S-0186', 'NGUYỄN THỊ THANH THẢO', '0382092183', 'Chẩn đoán nhiễm HIV', 'BỆNH VIỆN PHỔI ĐỒNG THÁP', NULL, '3696f91f-ced0-4ad4-81f2-ded5fd4b6787', NULL, NULL, NULL, NULL, NULL, NULL, NULL, NULL, NULL, NULL, NULL, NULL, NULL, NULL, NULL, NULL, NULL, NULL, NULL, NULL, 186),
	('19759a3e-8450-4b66-bc41-68e71818bca9', '2020-05-09 14:53:14', 'admin', 'admin', '2020-08-05 10:12:22', 'b8087ad0-0316-4fe8-bae3-9af046ff763f', NULL, '153-155B Trần Quốc Thảo , P9 , Quận 3', 'S-0187', 'Nguyễn Diễm Châu', '0903873087', 'Xét nghiệm tiền phẫu', 'BV TAI MŨI HỌNG TP. HCM', NULL, '3696f91f-ced0-4ad4-81f2-ded5fd4b6787', NULL, NULL, NULL, NULL, NULL, NULL, NULL, NULL, NULL, NULL, NULL, NULL, NULL, NULL, NULL, NULL, NULL, NULL, NULL, NULL, 187),
	('bbfc4943-5a49-41da-a516-6ae4a35bcb02', '2020-05-09 14:54:36', 'admin', 'admin', '2020-08-05 10:12:22', '37d2a48b-99c5-4fec-a603-d364c9cfc568', NULL, 'Số 1 Lê Thị Riêng - Phường 1 - TP. Cao Lãnh - Đồng Tháp', 'S-0188', 'Dương Tấn Thân', '938900407', 'Chẩn đoán nhiễm HIV', 'Bệnh Viện Quốc Tế Thái Hòa', NULL, '3696f91f-ced0-4ad4-81f2-ded5fd4b6787', NULL, NULL, NULL, NULL, NULL, NULL, NULL, NULL, NULL, NULL, NULL, NULL, NULL, NULL, NULL, NULL, NULL, NULL, NULL, NULL, 188),
	('b2f88503-327c-43b4-aac3-f3cb496660f9', '2020-05-09 14:55:06', 'admin', 'admin', '2020-08-05 10:12:22', '5ba41a2a-03fe-4a1d-a18b-c1cdd0a227cb', NULL, '04 NGUYỄN LƯƠNG BẰNG, PHƯỜNG TÂN PHÚ, QUẬN 7', 'S-0189', 'HUỲNH QUỐC THẮNG', '0909456417', 'Xét nghiệm tiền phẫu', 'BỆNH VIỆN TIM TÂM ĐỨC', NULL, '3696f91f-ced0-4ad4-81f2-ded5fd4b6787', NULL, NULL, NULL, NULL, NULL, NULL, NULL, NULL, NULL, NULL, NULL, NULL, NULL, NULL, NULL, NULL, NULL, NULL, NULL, NULL, 189),
	('a5ca5aae-d547-4296-9bc2-493d5e5977cb', '2020-05-09 14:55:55', 'admin', 'admin', '2020-08-05 10:12:22', '2e781122-0dff-4db9-9233-53f2a22ed9a1', NULL, '106 Trường Chinh thị xã Phú Mỹ tỉnh BR-VT	', 'S-0190', 'Nguyễn Thị Liên phương', '0905581380	', 'An toàn truyền máu', 'TTYT THỊ XÃ PHÚ MỸ', NULL, '3696f91f-ced0-4ad4-81f2-ded5fd4b6787', NULL, NULL, NULL, NULL, NULL, NULL, NULL, NULL, NULL, NULL, NULL, NULL, NULL, NULL, NULL, NULL, NULL, NULL, NULL, NULL, 190),
	('b3edafa5-cdf7-4277-87aa-66f26dc80afe', '2020-05-09 14:56:38', 'admin', 'admin', '2020-08-05 10:12:22', 'd658d800-fb64-4d17-975e-514034ffc545', NULL, '79 Tôn Đức Thắng - P. Mỹ Bình - TP. Long Xuyên - An Giang', 'S-0191', 'Dương Anh Linh', '0925032149', 'Sàng lọc cho phụ nữ mang thai', 'Trung tâm chăm sóc SKSS An Giang', NULL, '3696f91f-ced0-4ad4-81f2-ded5fd4b6787', NULL, NULL, NULL, NULL, NULL, NULL, NULL, NULL, NULL, NULL, NULL, NULL, NULL, NULL, NULL, NULL, NULL, NULL, NULL, NULL, 191),
	('a9e71d60-cc21-49c3-b7c0-3d09592c9869', '2020-05-09 14:57:44', 'admin', 'admin', '2020-08-05 10:12:22', 'd8d12a3f-07cb-47e0-8269-091d0b902bb3', NULL, 'Số 27 - Hải Thượng Lãn Ông - Phường 6 - TP Cà Mau - Cà Mau', 'S-0192', 'TP', '0943.254.874', 'Trung tâm PCCBXH 	', 'Trung tâm PCCBXH Cà Mau', NULL, '3696f91f-ced0-4ad4-81f2-ded5fd4b6787', NULL, NULL, NULL, NULL, NULL, NULL, NULL, NULL, NULL, NULL, NULL, NULL, NULL, NULL, NULL, NULL, NULL, NULL, NULL, NULL, 192),
	('df71ff1c-9ebf-4053-9466-eb766e4c8931', '2020-05-09 14:58:28', 'admin', 'admin', '2020-08-05 10:12:22', '359852e0-9bbe-4b99-a799-2dca0affab93', NULL, '36 Tô Thị Hùynh phường 1,Trà Vinh	', 'S-0193', 'NTT', '0919165919	', 'An toàn truyền máu', 'Trung tâm kiểm soát bệnh tật tỉnh Trà vinh', NULL, '3696f91f-ced0-4ad4-81f2-ded5fd4b6787', NULL, NULL, NULL, NULL, NULL, NULL, NULL, NULL, NULL, NULL, NULL, NULL, NULL, NULL, NULL, NULL, NULL, NULL, NULL, NULL, 193),
	('b6d6e842-a258-4038-a588-e1937bb9bbcc', '2020-05-09 15:01:41', 'admin', 'admin', '2020-08-05 10:12:22', 'e05ba3f6-cf6d-45f7-8779-0cf3881fa8af', NULL, 'Tổ dân phố 3 - TT Phú Thiện - Huyện Phú Thiện - Tỉnh Gia lai', 'S-0194', 'Tống Thị Huyền', '0702534634', 'Sàng lọc cho phụ nữ mang thai', 'Trung tâm y tế huyện Phú Thiện', NULL, '3696f91f-ced0-4ad4-81f2-ded5fd4b6787', NULL, NULL, NULL, NULL, NULL, NULL, NULL, NULL, NULL, NULL, NULL, NULL, NULL, NULL, NULL, NULL, NULL, NULL, NULL, NULL, 194),
	('77c5dc45-314e-4e0b-a529-095e531d2851', '2020-05-09 15:02:17', 'admin', 'admin', '2020-08-05 10:12:22', '13996d08-8159-44d6-bdca-ab2622d460c5', NULL, 'KP5, TT MỸ PHƯỚC, TX BẾN CÁT, TỈNH BÌNH DƯƠNG', 'S-0195', '	Nguyễn Phương Trang	', '919838554', '		Chẩn đoán nhiễm HIV', 'Trung Tâm Y Tế Thị Xã Bến Cát', NULL, '3696f91f-ced0-4ad4-81f2-ded5fd4b6787', NULL, NULL, NULL, NULL, NULL, NULL, NULL, NULL, NULL, NULL, NULL, NULL, NULL, NULL, NULL, NULL, NULL, NULL, NULL, NULL, 195),
	('5d4ff4ff-ff7c-49d0-81d5-9a026c633010', '2020-05-09 15:02:58', 'admin', 'admin', '2020-08-05 10:12:22', 'fdeb29a1-6d5c-48a3-92a5-1fc441f9e74c', NULL, 'Chẩn đoán nhiễm HIV', 'S-0196', 'Đàm Kim Hằng', '399246284	', ' 	Ấp Thuận Tây- Xã Lợi Thuận - Huyện Bến Cầu - Tỉnh Tây Ninh	 	', 'Trung tâm Y tế Bến Cầu', NULL, '3696f91f-ced0-4ad4-81f2-ded5fd4b6787', NULL, NULL, NULL, NULL, NULL, NULL, NULL, NULL, NULL, NULL, NULL, NULL, NULL, NULL, NULL, NULL, NULL, NULL, NULL, NULL, 196),
	('fe21d8a8-c829-4cb3-9e3d-d1d13918482a', '2020-05-09 15:04:06', 'admin', 'admin', '2020-08-05 10:12:22', '64419296-fa7d-45ad-89dc-13d071866772', NULL, '28,  Nghĩa Sĩ Cần Giuộc -huyện Cần Giuộc - tỉnh Long An		', 'S-0197', 'Đặng Nguyễn Kim Ngân', '774184383', '		', 'TTYT Cần Giuộc - huyện Cần Giuộc - tỉnh Long An', NULL, '3696f91f-ced0-4ad4-81f2-ded5fd4b6787', NULL, NULL, NULL, NULL, NULL, NULL, NULL, NULL, NULL, NULL, NULL, NULL, NULL, NULL, NULL, NULL, NULL, NULL, NULL, NULL, 197),
	('dce11300-9f1d-4393-9892-531dcb64ee9b', '2020-05-09 15:05:33', 'admin', 'admin', '2020-08-05 10:12:22', '07c59326-6d88-4b9f-858c-55495b000dac', NULL, '	335 Lê Hồng Phong, thị trấn Ngãi Giao, huyện Châu Đúc, tỉnh Bà Rịa - Vũng Tàu	 ', 'S-0198', 'Mai Thị Huyền Trang', '	977666449', '	Chẩn đoán nhiễm HIV', 'Trung tâm y tế Chau Đức	', NULL, '3696f91f-ced0-4ad4-81f2-ded5fd4b6787', NULL, NULL, NULL, NULL, NULL, NULL, NULL, NULL, NULL, NULL, NULL, NULL, NULL, NULL, NULL, NULL, NULL, NULL, NULL, NULL, 198),
	('f0a73979-4303-4f04-aac6-f2931a7fd631', '2020-05-09 15:06:16', 'admin', 'admin', '2020-08-05 10:12:22', '93186566-a663-43c9-88f6-9b1a2d2d6f82', NULL, 'KPI. THỊ TRẤN HUYỆN CHÂU THÀNH TỈNH TÂY NINH', 'S-0199', 'TRẦN MINH HẬU', '0906320890', 'Sàng lọc cho phụ nữ mang thai	', 'TRUNG TÂM Y TẾ HUYỆN CHÂU THÀNH TỈNH TN', NULL, '3696f91f-ced0-4ad4-81f2-ded5fd4b6787', NULL, NULL, NULL, NULL, NULL, NULL, NULL, NULL, NULL, NULL, NULL, NULL, NULL, NULL, NULL, NULL, NULL, NULL, NULL, NULL, 199),
	('2fbffd72-fc80-4ff9-9eff-8bda69aced22', '2020-05-09 15:07:00', 'admin', 'admin', '2020-08-05 10:12:22', 'f74c99db-eed3-40e0-a4bf-6b42e3f5af03', NULL, '12 Phan Đình Phùng - KP2 - TT Phú Hoà - Chư păh - Gia Lai', 'S-0200', 'Phạm Khắc Trung', NULL, '	Sàng lọc cho phụ nữ mang thai', 'TTYT Huyện Chư păh', NULL, '3696f91f-ced0-4ad4-81f2-ded5fd4b6787', NULL, NULL, NULL, NULL, NULL, NULL, NULL, NULL, NULL, NULL, NULL, NULL, NULL, NULL, NULL, NULL, NULL, NULL, NULL, NULL, 200),
	('d615744f-a375-4ab7-8ed1-e8f1c4ff856a', '2020-05-09 15:08:31', 'admin', 'admin', '2020-08-05 10:12:22', '917ad889-e554-488e-b261-245be9a603df', NULL, '142 Thống Nhất-Thị trấn Phú Túc-huyện Krông Pa-tỉnh Gia Lai		', 'S-0201', 'Ksor Van', '398755183', 'Sàng lọc cho phụ nữ mang thai', 'Trung tâm Y tế huyện krông Pa	', NULL, '3696f91f-ced0-4ad4-81f2-ded5fd4b6787', NULL, NULL, NULL, NULL, NULL, NULL, NULL, NULL, NULL, NULL, NULL, NULL, NULL, NULL, NULL, NULL, NULL, NULL, NULL, NULL, 201),
	('4e29a7b9-b630-418f-ab03-6869950b5468', '2020-05-09 15:09:32', 'admin', 'admin', '2020-08-05 10:12:22', '53592ee7-adb6-409d-a4f0-836012963106', NULL, 'Ấp An đồng xã An Nhứt huyện Long Điền tỉnh Bà Rịa Vũng Tàu', 'S-0202', '	Trần Tú Huê	', '0907929079', 'Chẩn đoán nhiễm HIV', 'Trung tâm y tế huyện Long Điền', NULL, '3696f91f-ced0-4ad4-81f2-ded5fd4b6787', NULL, NULL, NULL, NULL, NULL, NULL, NULL, NULL, NULL, NULL, NULL, NULL, NULL, NULL, NULL, NULL, NULL, NULL, NULL, NULL, 202),
	('367fb751-3411-445e-a154-d1c97a5c17fc', '2020-05-09 15:10:12', 'admin', 'admin', '2020-08-05 10:12:22', 'e4693f90-0b1e-45c7-8288-0af43155f019', NULL, 'Đường Nguyễn Hữu Cảnh, ấp Xóm Hố, xã Phú Hội, huyện Nhơn Trạch, tỉnh Đồng Nai', 'S-0203', '		Nguyễn Thị Thiện', '	0251.3521. 160', '	Sàng lọc cho phụ nữ mang thai', 'Trung tâm Y tế huyện Nhơn Trạch	', NULL, '3696f91f-ced0-4ad4-81f2-ded5fd4b6787', NULL, NULL, NULL, NULL, NULL, NULL, NULL, NULL, NULL, NULL, NULL, NULL, NULL, NULL, NULL, NULL, NULL, NULL, NULL, NULL, 203),
	('8686b0f6-22c6-464c-b027-1b30562d9484', '2020-05-09 15:10:57', 'admin', 'admin', '2020-08-05 10:12:22', '09cb0a0b-02fa-41e9-921e-36fb3f12efdd', NULL, 'Sàng lọc cho phụ nữ mang thai', 'S-0204', 'Thái Cẩm Loan', '357260720', '		Khu phố I, thị trấn Tân Biên, huyện Tân Biên, tỉnh Tây Ninh	', 'Trung tâm Y tế Tân Biên', NULL, '3696f91f-ced0-4ad4-81f2-ded5fd4b6787', NULL, NULL, NULL, NULL, NULL, NULL, NULL, NULL, NULL, NULL, NULL, NULL, NULL, NULL, NULL, NULL, NULL, NULL, NULL, NULL, 204),
	('e012b13d-12cf-4727-8053-4f639c67e2e2', '2020-05-09 15:11:32', 'admin', 'admin', '2020-08-05 10:12:22', '71d43d7a-01b3-4542-99f7-fe17715a803b', NULL, '		Đường Lê Duẩn,khu Phố 4 Thị Trấn Tân Châu Tỉnh Tây Ninh		', 'S-0205', 'Trần Thị Hồng Thái', '843747834	', 'Sàng lọc cho phụ nữ mang thai', 'TTYT Huyện Tân Châu,Tây Ninh', NULL, '3696f91f-ced0-4ad4-81f2-ded5fd4b6787', NULL, NULL, NULL, NULL, NULL, NULL, NULL, NULL, NULL, NULL, NULL, NULL, NULL, NULL, NULL, NULL, NULL, NULL, NULL, NULL, 205),
	('dfe3dabd-4f40-48a8-9e94-4c31f466b060', '2020-05-09 15:12:32', 'admin', 'admin', '2020-08-05 10:12:22', '44fefb75-2d4d-4a73-b69a-910ec27e6bd9', NULL, '	Ấp Tân Bình, Thị Trấn Tân Trụ, Long An		', 'S-0206', '	Nguyễn Thị Giàu', '374311369', 'Sàng lọc cho phụ nữ mang thai', 'Trung Tâm Y tế huyện Tân Trụ	', NULL, '3696f91f-ced0-4ad4-81f2-ded5fd4b6787', NULL, NULL, NULL, NULL, NULL, NULL, NULL, NULL, NULL, NULL, NULL, NULL, NULL, NULL, NULL, NULL, NULL, NULL, NULL, NULL, 206),
	('d8ec61a0-9b5c-4d0b-a80c-a2052a047a3b', '2020-05-09 15:13:12', 'admin', 'admin', '2020-08-05 10:12:22', 'f137cfd5-bed4-44d2-b11e-a88beeebd8a6', NULL, '	Nguyễn Văn Cừ, khóm 2, thị trấn Mỹ An, huyện Tháp Mười, tỉnh Đồng Tháp 	', 'S-0207', 'Nguyễn Thị Huệ 	', '0939780818', '	Sàng lọc cho phụ nữ mang thai', 'Trung tâm y tế Tháp Mười	', NULL, '3696f91f-ced0-4ad4-81f2-ded5fd4b6787', NULL, NULL, NULL, NULL, NULL, NULL, NULL, NULL, NULL, NULL, NULL, NULL, NULL, NULL, NULL, NULL, NULL, NULL, NULL, NULL, 207),
	('c5ca4aa4-1271-402f-bcdd-4a4da0fa38e9', '2020-05-09 15:14:01', 'admin', 'admin', '2020-08-05 10:12:22', 'b7301253-7646-4cc5-9c97-9570eae2044e', NULL, 'Ấp 3 Nhà Thương- Thị trấn Thủ Thừa-Huyện Thủ Thừa-Tỉnh Long An', 'S-0208', '	Trần Ngọc Phương Ly', '0767578193	', '		Sàng lọc cho phụ nữ mang thai', 'Trung tâm y tế huyện Thủ Thừa', NULL, '3696f91f-ced0-4ad4-81f2-ded5fd4b6787', NULL, NULL, NULL, NULL, NULL, NULL, NULL, NULL, NULL, NULL, NULL, NULL, NULL, NULL, NULL, NULL, NULL, NULL, NULL, NULL, 208),
	('2626321d-29a9-4086-90b4-0a34443fb4f4', '2020-05-09 15:14:54', 'admin', 'admin', '2020-08-05 10:12:22', 'c3792687-0c69-4e04-bbb6-c5fc73c46576', NULL, 'KHÓM SƠN ĐỘNG, THỊ TRẤN NHÀ BÀNG, HUYỆN TỊNH BIÊN, AN GIANG', 'S-0209', 'LỮ HOÀNG ViỆT QUỐC', '908258523	', '				Chẩn đoán nhiễm HIV', 'TRUNG TÂM Y TẾ HUYỆN TỊNH BIÊN', NULL, '3696f91f-ced0-4ad4-81f2-ded5fd4b6787', NULL, NULL, NULL, NULL, NULL, NULL, NULL, NULL, NULL, NULL, NULL, NULL, NULL, NULL, NULL, NULL, NULL, NULL, NULL, NULL, 209),
	('41d78239-0b92-4c84-aa0c-c458488ceb34', '2020-05-09 15:17:05', 'admin', 'admin', '2020-08-05 10:12:22', '267973ae-4c25-49f7-81ab-fda62f47a6d0', NULL, ' KHÓM 1 ,TT TRÀ CÚ ,TRÀ VINH 		', 'S-0210', 'TRƯƠNG HỮU HÒA ', '986859252	', 'Sàng lọc cho phụ nữ mang thai', 'TRUNG TÂM Y TẾ TRÀ CÚ', NULL, '3696f91f-ced0-4ad4-81f2-ded5fd4b6787', NULL, NULL, NULL, NULL, NULL, NULL, NULL, NULL, NULL, NULL, NULL, NULL, NULL, NULL, NULL, NULL, NULL, NULL, NULL, NULL, 210),
	('72a1af13-7ef0-4fbe-a528-fdf5f8de0248', '2020-05-09 15:17:44', 'admin', 'admin', '2020-08-05 10:12:22', '09ffdb35-b5b2-4f42-86ba-85acbae8663f', NULL, 'Tỉnh lộ 831,Ấp Rạch Bùi, thị trấn Vĩnh Hưng, huyện Vĩnh Hưng, tỉnh long An', 'S-0211', 'Nguyễn Hoàng Duy', NULL, 'An toàn truyền máu', 'trung tâm y tế Vĩnh Hưng', NULL, '3696f91f-ced0-4ad4-81f2-ded5fd4b6787', NULL, NULL, NULL, NULL, NULL, NULL, NULL, NULL, NULL, NULL, NULL, NULL, NULL, NULL, NULL, NULL, NULL, NULL, NULL, NULL, 211),
	('d1a93d56-a2c0-45cd-ac1c-a3a9d22c30af', '2020-05-09 15:18:14', 'admin', 'admin', '2020-08-05 10:12:22', '61862442-b77e-4148-9075-fb4208b5aa98', NULL, '	338, Quốc lộ 55, TT Phước Bửu, Huyện Xuyên Mộc, Tỉnh Bà Rịa Vũng Tàu	', 'S-0212', 'Mai Thị Liễu', '0907345041	', '		Chẩn đoán nhiễm HIV', 'Trung tâm y tế huyện Xuyên Mộc', NULL, '3696f91f-ced0-4ad4-81f2-ded5fd4b6787', NULL, NULL, NULL, NULL, NULL, NULL, NULL, NULL, NULL, NULL, NULL, NULL, NULL, NULL, NULL, NULL, NULL, NULL, NULL, NULL, 212),
	('197eac9d-54ba-4740-bb66-c33eeb4d4370', '2020-05-09 15:18:50', 'admin', 'admin', '2020-08-05 10:12:22', 'ad8fe278-ae49-4d92-b241-a4b216ea4c1b', NULL, '	67N - Khóm 2 - Phường 9 - TP. Vĩnh Long	', 'S-0213', 'Nguyễn Chí Thanh', '0917713968	', '	Chẩn đoán nhiễm HIV', 'Trung tâm y tế Thành Phố Vĩnh Long	', NULL, '3696f91f-ced0-4ad4-81f2-ded5fd4b6787', NULL, NULL, NULL, NULL, NULL, NULL, NULL, NULL, NULL, NULL, NULL, NULL, NULL, NULL, NULL, NULL, NULL, NULL, NULL, NULL, 213),
	('e3eb05f1-8f74-40ad-b464-c3132a6a8c53', '2020-05-09 15:19:17', 'admin', 'admin', '2020-08-05 10:12:22', '6bb428d4-1ef6-402c-b4dc-e7933f258489', NULL, '278 Lê Lợi- P7 TP. Vũng Tàu	', 'S-0214', 'Trà Tấn Sơn', '0918003417	', '			Chẩn đoán nhiễm HIV', 'Trung Tâm Y Tế TP. Vũng Tàu', NULL, '3696f91f-ced0-4ad4-81f2-ded5fd4b6787', NULL, NULL, NULL, NULL, NULL, NULL, NULL, NULL, NULL, NULL, NULL, NULL, NULL, NULL, NULL, NULL, NULL, NULL, NULL, NULL, 214),
	('76773d8e-d430-4825-b224-1150adace9e5', '2020-05-09 15:19:58', 'admin', 'admin', '2020-08-05 10:12:22', '8faa916a-91a5-4516-b6db-8ffead14cb5a', NULL, '228,  Đ,30.4.  KV5, P.Lái hiếu TX Ngã bảy,HG', 'S-0215', '	Chiêm Thanh Hải	', '0986267152	', '	Chẩn đoán nhiễm HIV', 'Trung tâm y tế TX-Ngã bảy', NULL, '3696f91f-ced0-4ad4-81f2-ded5fd4b6787', NULL, NULL, NULL, NULL, NULL, NULL, NULL, NULL, NULL, NULL, NULL, NULL, NULL, NULL, NULL, NULL, NULL, NULL, NULL, NULL, 215),
	('ccb5a20c-919f-4ae9-9ff9-7d56c1291f0a', '2020-05-09 15:20:24', 'admin', 'admin', '2020-08-05 10:12:22', '01c0a17b-6da3-4042-a8a3-9248654a3e1a', NULL, '	Ấp Xà Mách, Xã Lai Uyên, Huyện Bàu Bàng, Tỉnh Bình Dương', 'S-0216', 'NGUYỄN THỊ NGỌC HƯỜNG', '0974644818	', '		Chẩn đoán nhiễm HIV', 'TRUNG TÂM Y TẾ HUYỆN BÀU BÀNG	', NULL, '3696f91f-ced0-4ad4-81f2-ded5fd4b6787', NULL, NULL, NULL, NULL, NULL, NULL, NULL, NULL, NULL, NULL, NULL, NULL, NULL, NULL, NULL, NULL, NULL, NULL, NULL, NULL, 216),
	('4c7c813f-e775-4fd6-91b3-8077e3131e72', '2020-05-09 15:20:51', 'admin', 'admin', '2020-08-05 10:12:22', '78dc0e34-ca8e-4c33-b15b-84a6d7987c85', NULL, '455CMT8-PHÚ CƯỜNG, THỦ DẦU MỘT, BÌNH DƯƠNG', 'S-0217', 'HOÀNG ĐỨC HUẤN	', '0919807888	', '			Sàng lọc cho phụ nữ mang thai', 'BỆNH ViỆN PHỤ SẢN NHI BÌNH DƯƠNG', NULL, '3696f91f-ced0-4ad4-81f2-ded5fd4b6787', NULL, NULL, NULL, NULL, NULL, NULL, NULL, NULL, NULL, NULL, NULL, NULL, NULL, NULL, NULL, NULL, NULL, NULL, NULL, NULL, 217),
	('80244d8a-9ef3-4753-9f56-2e8f66bc3d4d', '2020-05-09 15:21:15', 'admin', 'admin', '2020-08-05 10:12:22', 'd90f3fe3-6dda-4368-a9b7-ad07f16dfb32', NULL, '209 Yersin, P. Phú Cường, Tp. Thủ Dầu Một, Bình Dương	', 'S-0218', 'Hồ Thị Bích Ngọc', '	0369797515	', '	Chẩn đoán nhiễm HIV', 'TT Phòng, chống bệnh xã hội Bình Dương	', NULL, '3696f91f-ced0-4ad4-81f2-ded5fd4b6787', NULL, NULL, NULL, NULL, NULL, NULL, NULL, NULL, NULL, NULL, NULL, NULL, NULL, NULL, NULL, NULL, NULL, NULL, NULL, NULL, 218),
	('72ed8043-bcbd-44df-bf92-fd7989261492', '2020-05-09 15:21:39', 'admin', 'admin', '2020-08-05 10:12:22', 'ded9bc0a-d0ee-4372-83ee-0df8e33fba6c', NULL, '	SỐ 36 LÝ THÁI TÔN ,PHƯỜNG 2 , TP. CÀ MAU	', 'S-0219', 'HỒ TuẤN VĂN', '969960321	', '	Sàng lọc cho phụ nữ mang thai', 'BỆNH ViỆN ĐA KHOA THÀNH PHỐ CÀ MAU	', NULL, '3696f91f-ced0-4ad4-81f2-ded5fd4b6787', NULL, NULL, NULL, NULL, NULL, NULL, NULL, NULL, NULL, NULL, NULL, NULL, NULL, NULL, NULL, NULL, NULL, NULL, NULL, NULL, 219),
	('c6f313a2-42b4-4ec9-8296-b52da8249908', '2020-05-09 15:22:14', 'admin', 'admin', '2020-08-05 10:12:22', '2db1db7b-c542-4bf3-bf28-74ccb02b81a0', NULL, 'khóm 7 thị trấn Rạch Gốc - huyện Ngọc Hiển		', 'S-0220', 'Nguyễn Văn Khoa', NULL, '	Sàng lọc cho phụ nữ mang thai', 'Trung Tâm Y Tế Ngọc Hiển', NULL, '3696f91f-ced0-4ad4-81f2-ded5fd4b6787', NULL, NULL, NULL, NULL, NULL, NULL, NULL, NULL, NULL, NULL, NULL, NULL, NULL, NULL, NULL, NULL, NULL, NULL, NULL, NULL, 220),
	('06e8c877-ad23-4669-a8e6-8467ae1c4a13', '2020-05-09 15:23:15', 'admin', 'admin', '2020-08-05 10:12:22', '65d63404-efcf-4d77-a53e-8b20b757e692', NULL, 'Khóm 2, thị trấn Cái Đôi Vàm', 'S-0221', ' Lê Thị Hồng Diễm', '0919604166	', ' Chẩn đoán nhiễm HIV', 'Trung tâm Y tế Phú Tân', NULL, '3696f91f-ced0-4ad4-81f2-ded5fd4b6787', NULL, NULL, NULL, NULL, NULL, NULL, NULL, NULL, NULL, NULL, NULL, NULL, NULL, NULL, NULL, NULL, NULL, NULL, NULL, NULL, 221),
	('61bc8350-c3c4-4b59-961a-dd79f7e7231b', '2020-05-09 15:23:51', 'admin', 'admin', '2020-08-05 10:12:22', '6b95f20f-1bc1-47a3-b5c6-93a66d502aca', NULL, 'Đường Lê Khắc Xương, Khóm 5, Thị Trấn Đầm Dơi, huyện Đầm Dơi, tỉnh Cà Mau.', 'S-0222', 'TRẦN CÔNG THẮNG', '0918562436	', '			Chẩn đoán nhiễm HIV', 'TRUNG TÂM Y TẾ ĐẦM DƠI', NULL, '3696f91f-ced0-4ad4-81f2-ded5fd4b6787', NULL, NULL, NULL, NULL, NULL, NULL, NULL, NULL, NULL, NULL, NULL, NULL, NULL, NULL, NULL, NULL, NULL, NULL, NULL, NULL, 222),
	('36322695-151d-41ff-aef8-2ce5f27d687d', '2020-05-09 15:24:25', 'admin', 'admin', '2020-08-05 10:12:22', '6b01b14a-bb14-4ab2-a96f-aace4a0c13a5', NULL, 'Khu phố 3 -Thị Trấn Vĩnh An-Huyện Vĩnh Cửu-Tỉnh Đồng Nai', 'S-0223', 'Nguyễn Thị Kim	', '907970945', '	Chẩn đoán nhiễm HIV', 'Trung Tâm Y Tế Huyện Vĩnh Cửu', NULL, '3696f91f-ced0-4ad4-81f2-ded5fd4b6787', NULL, NULL, NULL, NULL, NULL, NULL, NULL, NULL, NULL, NULL, NULL, NULL, NULL, NULL, NULL, NULL, NULL, NULL, NULL, NULL, 223),
	('4b6088b0-8377-4243-b515-442caf54cdb4', '2020-05-09 15:25:18', 'admin', 'admin', '2020-08-05 10:12:22', '44c7511f-91eb-4eb4-b31b-3b01071fb319', NULL, '254 Hoà Hảo-P4-Q10-TPHCM	', 'S-0224', 'Nguyễn Bảo Toàn', '918290091', '	', 'Khoa Xét nghiệm-PKĐK-Cty  TNHH Y tế HH', NULL, '3696f91f-ced0-4ad4-81f2-ded5fd4b6787', NULL, NULL, NULL, NULL, NULL, NULL, NULL, NULL, NULL, NULL, NULL, NULL, NULL, NULL, NULL, NULL, NULL, NULL, NULL, NULL, 224),
	('b27b13dc-2122-493d-95af-b6203b08d4b7', '2020-05-09 15:25:50', 'admin', 'admin', '2020-08-05 10:12:22', '004acd9c-c462-4351-8c70-fe30a2e5c491', NULL, '	234 Trần Hưng Đạo, P.Mỹ Thới, TP.Long Xuyên, An Giang		', 'S-0225', 'LÂM MỸ KIM', '09891192321	', 'An toàn truyền máu', 'CTY CPBVĐK HẠNH PHÚC', NULL, '3696f91f-ced0-4ad4-81f2-ded5fd4b6787', NULL, NULL, NULL, NULL, NULL, NULL, NULL, NULL, NULL, NULL, NULL, NULL, NULL, NULL, NULL, NULL, NULL, NULL, NULL, NULL, 225),
	('0f9fd2c9-9420-4e2d-9c7f-d8d2a5e49d9a', '2020-05-09 15:26:30', 'admin', 'admin', '2020-08-05 10:12:22', '7b4051b1-432e-4c01-9992-93065c433356', NULL, '	350 Đường Tân Túc, Thị Trấn Tân Túc, Huyện Bình Chánh	', 'S-0226', '	Phạm Anh Tuấn', '908792067', NULL, 'Khoa Tham Vấn Hỗ Trợ Cộng Đồng Huyện Bình Chánh	', NULL, '3696f91f-ced0-4ad4-81f2-ded5fd4b6787', NULL, NULL, NULL, NULL, NULL, NULL, NULL, NULL, NULL, NULL, NULL, NULL, NULL, NULL, NULL, NULL, NULL, NULL, NULL, NULL, 226),
	('0746bc5a-85b9-440c-9b6f-802799258deb', '2020-05-09 15:26:57', 'admin', 'admin', '2020-08-05 10:12:22', '63cb239f-d013-4b05-b022-412f5ed0ae11', NULL, '106 Cách mạng tháng 8, phường Cái Khế, quận Ninh Kiều, thành phố Cần Thơ', 'S-0227', 'Lê Nhật Tín', '0932884263	', '			Sàng lọc cho phụ nữ mang thai', 'Bệnh viện Phụ sản thành phố Cần Thơ	', NULL, '3696f91f-ced0-4ad4-81f2-ded5fd4b6787', NULL, NULL, NULL, NULL, NULL, NULL, NULL, NULL, NULL, NULL, NULL, NULL, NULL, NULL, NULL, NULL, NULL, NULL, NULL, NULL, 227),
	('77bb3f4e-2994-400d-b31e-a8b252942619', '2020-05-09 15:27:50', 'admin', 'admin', '2020-08-05 10:12:22', '9f69f68d-cbcf-4230-a6b6-e245d2f41057', NULL, '	317 Nguyễn Văn Linh P.An Khánh Q.Ninh Kiều TP.Cần Thơ	', 'S-0228', 'Huỳnh Thị Phương', '907568282	', '	An toàn truyền máu', 'TT Huyết học - Truyền máu Cần Thơ thuộc BV HHTMCT', NULL, '3696f91f-ced0-4ad4-81f2-ded5fd4b6787', NULL, NULL, NULL, NULL, NULL, NULL, NULL, NULL, NULL, NULL, NULL, NULL, NULL, NULL, NULL, NULL, NULL, NULL, NULL, NULL, 228),
	('56daa492-e8ff-40f5-8a99-49628e743c87', '2020-05-09 15:28:37', 'admin', 'admin', '2020-08-05 10:12:22', 'f69712ca-a857-4e9a-b17e-0c547c009a9a', NULL, '	Ấp Thới Phong A Thị Trấn Thới Lai Huyện Thới Lai Thành Phố Cần Thơ	', 'S-0229', 'ĐÀO THANH	', '939393116	', 'Sàng lọc cho phụ nữ mang thai', 'TRUNG TÂM Y TẾ HUYỆN THỚI LAI', NULL, '3696f91f-ced0-4ad4-81f2-ded5fd4b6787', NULL, NULL, NULL, NULL, NULL, NULL, NULL, NULL, NULL, NULL, NULL, NULL, NULL, NULL, NULL, NULL, NULL, NULL, NULL, NULL, 229),
	('379be23a-7a38-4588-8ba1-3cdf42c3b3c5', '2020-05-09 15:29:20', 'admin', 'admin', '2020-08-05 10:12:22', '2290df78-1ec1-4943-b95d-016f279a35ce', NULL, '	số 30, đường Trần Hưng Đạo, khóm IV, trị trấn Cầu Kè, huyện Cầu Kè, tỉnh Trà Vinh		', 'S-0230', 'Nguyễn Thị Lệ chi', '987450114', '	Sàng lọc cho phụ nữ mang thai', 'TRUNG TÂM Y TẾ HUYỆN CẦU KÈ', NULL, '3696f91f-ced0-4ad4-81f2-ded5fd4b6787', NULL, NULL, NULL, NULL, NULL, NULL, NULL, NULL, NULL, NULL, NULL, NULL, NULL, NULL, NULL, NULL, NULL, NULL, NULL, NULL, 230),
	('07d2d6e2-e94c-47fe-bf3f-ac42b22e4135', '2020-05-09 15:29:50', 'admin', 'admin', '2020-08-05 10:12:22', 'fcecfef5-7c9d-436b-b9d5-df2e5706272c', NULL, '	183 BÀ TRIỆU PHƯỜNG 3 TP BẠC LIÊU BẠC LIÊU		', 'S-0231', 'Huỳnh Thảo Linh', '0915995299	', 'Sàng lọc cho phụ nữ mang thai', 'CTY TNHH BVĐK THANH VŨ MEDIC', NULL, '3696f91f-ced0-4ad4-81f2-ded5fd4b6787', NULL, NULL, NULL, NULL, NULL, NULL, NULL, NULL, NULL, NULL, NULL, NULL, NULL, NULL, NULL, NULL, NULL, NULL, NULL, NULL, 231),
	('99817e72-414b-42d7-8a65-eb95871acad6', '2020-05-09 15:30:15', 'admin', 'admin', '2020-08-05 10:12:22', 'dd622289-b2fa-463c-9c29-6197aa8bf694', NULL, '	Khu phố 5 Thị trấn Dầu Tiếng- huyện Dầu Tiếng - tỉnh Bình Dương		', 'S-0232', 'NGUYỄN THỊ DỊU HIỀN', '939759043	', 'Chẩn đoán nhiễm HIV', 'TRUNG TÂM Y TẾ HUYỆN DẦU TIẾNG	', NULL, '3696f91f-ced0-4ad4-81f2-ded5fd4b6787', NULL, NULL, NULL, NULL, NULL, NULL, NULL, NULL, NULL, NULL, NULL, NULL, NULL, NULL, NULL, NULL, NULL, NULL, NULL, NULL, 232),
	('e735fe35-6f56-4f5a-970d-8ea2be0f520f', '2020-05-09 15:30:45', 'admin', 'admin', '2020-08-05 10:12:22', 'e83bea5b-6a13-429e-bc1d-75de7af0dcc5', NULL, 'ĐT 852B, BÌNH HIỆP A, BÌNH THẠNH TRUNG, LẤP VÒ, ĐỒNG THÁP.', 'S-0233', 'Nguyễn Lê Hồng Duy', '	0939 228845', '			Sàng lọc cho phụ nữ mang thai', 'TRUNG TÂM Y TẾ HUYỆN LẤP VÒ', NULL, '3696f91f-ced0-4ad4-81f2-ded5fd4b6787', NULL, NULL, NULL, NULL, NULL, NULL, NULL, NULL, NULL, NULL, NULL, NULL, NULL, NULL, NULL, NULL, NULL, NULL, NULL, NULL, 233),
	('6763dd74-314e-4d0c-8a99-744d55ae1866', '2020-05-09 15:31:12', 'admin', 'admin', '2020-08-05 10:12:22', '8f0ec0c5-92d7-4dc9-928a-b21f9df06a54', NULL, '	Ấp Đầu Giồng - TT. Trần Đề - huyện Trần Đề - tỉnh Sóc Trăng		', 'S-0234', 'Sơn Minh Đan', '972691499	', 'Sàng lọc cho phụ nữ mang thai', 'Trung Tâm Y Tế Huyện Trần Đề	', NULL, '3696f91f-ced0-4ad4-81f2-ded5fd4b6787', NULL, NULL, NULL, NULL, NULL, NULL, NULL, NULL, NULL, NULL, NULL, NULL, NULL, NULL, NULL, NULL, NULL, NULL, NULL, NULL, 234),
	('828058b3-c440-4099-8725-67fabffd1582', '2020-05-09 15:32:12', 'admin', 'admin', '2020-08-05 10:12:22', '73d23143-dc03-4645-8e9e-5fe606725a99', NULL, '167A Nam Kỳ Khởi Nghỉa, P 7, Q 3, TP HCM', 'S-0235', 'Nguyễn thi Ngọc Hà', '0902399073', NULL, 'CHI NHÁNH CÔNG TY TNHH SỨC KHOẺ TRỌN ĐỜI TẠI TP HCM - Phòng Khám Raffles Medical ', NULL, '3696f91f-ced0-4ad4-81f2-ded5fd4b6787', NULL, NULL, NULL, NULL, NULL, NULL, NULL, NULL, NULL, NULL, NULL, NULL, NULL, NULL, NULL, NULL, NULL, NULL, NULL, NULL, 235),
	('4b9b4c1f-75f3-48c3-abcb-66fa8b7bcd48', '2020-05-09 15:32:39', 'admin', 'admin', '2020-08-05 10:12:22', 'd16852e9-3137-4050-bf02-d704e4cba158', NULL, '		18 Đại lộ Bình Dương, huyện Thuận An, tỉnh Bình Dương	', 'S-0236', 'ĐTVT', '918249425	', 'Sàng lọc cho phụ nữ mang thai', 'Bệnh Viện Quốc Tế Hạnh Phúc', NULL, '3696f91f-ced0-4ad4-81f2-ded5fd4b6787', NULL, NULL, NULL, NULL, NULL, NULL, NULL, NULL, NULL, NULL, NULL, NULL, NULL, NULL, NULL, NULL, NULL, NULL, NULL, NULL, 236),
	('3c06af8c-98b0-42ea-9a44-8888f4bb4eab', '2020-05-09 15:33:14', 'admin', 'admin', '2020-08-05 10:12:22', 'd7a31fa0-a0c7-4773-8348-e6b502adca74', NULL, '09 Lạc Long Quân - Âu Cơ, Khóm 5, Phường 07, TP.Cà Mau', 'S-0237', 'NGUYỄN HỒNG HẠT	', '0949643673	', '			Xét nghiệm tiền phẫu', 'BỆNH VIỆN ĐA KHOA HOÀN MỸ MINH HẢI', NULL, '3696f91f-ced0-4ad4-81f2-ded5fd4b6787', NULL, NULL, NULL, NULL, NULL, NULL, NULL, NULL, NULL, NULL, NULL, NULL, NULL, NULL, NULL, NULL, NULL, NULL, NULL, NULL, 237),
	('77573ed1-ff24-44b9-815e-af9f7d6cf08c', '2020-05-09 15:34:06', 'admin', 'admin', '2020-08-05 10:12:22', 'db6f0f2d-4855-4a52-895f-81dba7f1a326', NULL, 'Đường Lê Hồng Phong, Phường Phú Hòa, Tp Thủ Dầu Một, Tỉnh Bình Dương		', 'S-0238', 'Vương Ngọc Tuyền', ' 02743844515	', 'Chẩn đoán nhiễm HIV', 'Trung tâm sức khỏe lao động & môi trường Bình Dương	', NULL, '3696f91f-ced0-4ad4-81f2-ded5fd4b6787', NULL, NULL, NULL, NULL, NULL, NULL, NULL, NULL, NULL, NULL, NULL, NULL, NULL, NULL, NULL, NULL, NULL, NULL, NULL, NULL, 238),
	('5a16ff68-a048-41a5-aa73-7bd0c810e600', '2020-05-09 15:34:40', 'admin', 'admin', '2020-08-05 10:12:22', 'a5635daf-5b22-4902-a07d-237806dea9df', NULL, '	Đường lộ Dây Thép- Khu phố Mỹ An- Phường Nhị Mỹ- Thị xã Cai Lậy- Tỉnh Tiền Giang			', 'S-0239', 'Ngô Thị Phương Nguyên', '037 417 0927', 'Chẩn đoán nhiễm HIV', 'Trung Tâm Y Tế Huyện Cai Lậy	', NULL, '3696f91f-ced0-4ad4-81f2-ded5fd4b6787', NULL, NULL, NULL, NULL, NULL, NULL, NULL, NULL, NULL, NULL, NULL, NULL, NULL, NULL, NULL, NULL, NULL, NULL, NULL, NULL, 239),
	('efa637f1-0d9c-4a65-b1b7-d97ce0e64b85', '2020-05-09 15:35:12', 'admin', 'admin', '2020-08-05 10:12:22', 'aec0b954-7704-4dbf-9cca-b99510103a99', NULL, '	QL 91 Phụng Thạnh I, P Thốt Nốt, Q Thốt Nốt, TP Cần Thơ		', 'S-0240', 'Trần Anh Tuấn	', '0918.147.121', 'Sàng lọc cho phụ nữ mang thai', 'BVĐK Quận Thốt Nốt	', NULL, '3696f91f-ced0-4ad4-81f2-ded5fd4b6787', NULL, NULL, NULL, NULL, NULL, NULL, NULL, NULL, NULL, NULL, NULL, NULL, NULL, NULL, NULL, NULL, NULL, NULL, NULL, NULL, 240),
	('a1b782b7-553d-440b-87bd-baeae500c2bd', '2020-05-09 15:35:50', 'admin', 'admin', '2020-08-05 10:12:22', '253ad68a-66d0-4f87-8917-4e4e299ad207', NULL, '300 Nguyễn Văn Cừ nối dài, P.An Khánh, Q.Ninh Kiều, TP.Cần Thơ', 'S-0241', '	Nguyễn Quốc Khanh	', '0939 199 082', '', 'BỆNH VIỆN QUỐC TẾ PHƯƠNG CHÂU', NULL, '3696f91f-ced0-4ad4-81f2-ded5fd4b6787', NULL, NULL, NULL, NULL, NULL, NULL, NULL, NULL, NULL, NULL, NULL, NULL, NULL, NULL, NULL, NULL, NULL, NULL, NULL, NULL, 241),
	('0124b114-c587-441c-9c58-effaa6564b22', '2020-05-09 15:36:34', 'admin', 'admin', '2020-08-05 10:12:22', 'd6413e61-ba24-40a1-a7af-60bdb7151443', NULL, '79 Nguyễn An Ninh, xã Trường Bình, huyện Cần Giuộc, tỉnh Long An	', 'S-0242', 'Huỳnh Thị Hồng Sương	', '977394768	', 'Sàng lọc cho phụ nữ mang thai', 'Bệnh viện ĐKKV Cần Giuộc', NULL, '3696f91f-ced0-4ad4-81f2-ded5fd4b6787', NULL, 'bvdkkvcangiuoc@gmail.com', NULL, 'Giám đốc', NULL, NULL, NULL, NULL, NULL, NULL, NULL, NULL, 'MST_BVDKKV_Can_Giuoc', 'MSDV_BVDKKV_Can_Giuoc', NULL, NULL, NULL, NULL, NULL, NULL, 242),
	('2597b993-2bc1-4d9f-8fb9-ab4464a41303', '2020-05-09 15:37:12', 'admin', 'admin', '2020-08-05 10:12:22', '4f18f75f-dda4-4a25-85c7-c897c3a387f2', NULL, '	1724 Phạm Thế Hiển - Phường 6 - Quận 8 - TPHCM', 'S-0243', 'Nguyễn Ngọc Hải	Điền', NULL, '	Chẩn đoán nhiễm HIV', 'Khoa tham vấn hỗ trợ cộng đồng - YTDP Quận 8', NULL, '3696f91f-ced0-4ad4-81f2-ded5fd4b6787', NULL, NULL, NULL, NULL, NULL, NULL, NULL, NULL, NULL, NULL, NULL, NULL, NULL, NULL, NULL, NULL, NULL, NULL, NULL, NULL, 243),
	('9f0c2350-a92f-462e-8e38-72f75db3c145', '2020-05-09 15:37:44', 'admin', 'admin', '2020-08-05 10:12:22', '959413b6-98bb-41b3-bf06-c513f51db867', NULL, '	Số 911 đường 21/4, Xã Suối Tre, Thị Xã Long Khánh, Tỉnh Đồng Nai		', 'S-0244', 'Hồ Văn Thúc', '0916668886	', 'An toàn truyền máu', 'Bệnh Viện Đa Khoa Khu Vực Long Khánh', NULL, '3696f91f-ced0-4ad4-81f2-ded5fd4b6787', NULL, NULL, NULL, NULL, NULL, NULL, NULL, NULL, NULL, NULL, NULL, NULL, NULL, NULL, NULL, NULL, NULL, NULL, NULL, NULL, 244),
	('2f2340f2-22b7-4708-ad51-84dc73773678', '2020-05-09 15:38:21', 'admin', 'admin', '2020-08-05 10:12:22', '4d037223-85c8-4d94-b950-4a5b8bd739a4', NULL, '	Quốc lộ 1, Ngã 3 Suối Cát, Xuân Lộc, Đồng Nai	', 'S-0245', '	NQT', '0359.413.512', '	Sàng lọc cho phụ nữ mang thai', 'TTYT Huyện Xuân Lộc', NULL, '3696f91f-ced0-4ad4-81f2-ded5fd4b6787', NULL, NULL, NULL, NULL, NULL, NULL, NULL, NULL, NULL, NULL, NULL, NULL, NULL, NULL, NULL, NULL, NULL, NULL, NULL, NULL, 245),
	('02bd823c-a3be-4570-9c7a-0932dee99e78', '2020-06-15 08:03:42', 'admin', 'admin', '2020-08-05 10:12:22', 'aef3cd52-3c99-4a35-a075-e461a14bde67', NULL, 'số 34, đường Bình An, Thành phố Long An', 'S-0246', 'Nguyễn Văn Bình', '015478563', NULL, 'Đơn vị xét nghiệm tỉnh Long An', NULL, '7f906f59-7d9f-4def-a281-fc904e37c7dd', NULL, 'binh@gmail.com', '458263', 'Cán bộ phòng xét nghiệm', b'1', '2020-03-16 07:47:00', 'Nguyễn Văn Bình', 0, '', '', '', '', '0012563', '00125', NULL, 'a0a75e97-ebf4-4606-a910-5dd7ec647fa3', '2f607ca5-9447-4945-a391-30311fa6682c', 'e2cbe7c6-67e4-4f07-85b0-c5a5c37b3117', '7a434108-8ee6-4535-b70a-4555ac3f5002', 'ed721e08-f79b-43fc-9274-d13aad88956a', 246),
	('171c0985-d467-4075-9b3d-aa13d1c74aa2', '2020-08-14 08:35:21', 'admin', 'admin', '2020-08-14 08:35:21', '4c398363-8968-4204-83f9-be0d0e44d73e', NULL, 'Hà Nội', 'S-0247', 'Nguyễn Hải Đăng', '0363494040', NULL, 'Nguyen Hai Dang', NULL, '02805505-2a5b-4cb6-95ed-d7a36dd2c0e2', NULL, '91.haidang.nguyen@gmail.com', '', 'Chuyên gia HIV', b'1', '2020-08-14 08:34:06', '', NULL, '', '', '', '', '01062589', 'S-009', 'ab98fb24-f36d-4269-a0d1-3977119f01dc', '72086005-8970-4b55-b29c-ecd29233c171', '1b2cd72f-d9c8-4ff5-8de2-feccd7bf9284', '2f607ca5-9447-4945-a391-30311fa6682c', '1b2cd72f-d9c8-4ff5-8de2-feccd7bf9284', '7a434108-8ee6-4535-b70a-4555ac3f5002', 247),
	('f8cb655f-5931-4b50-8ec1-c9855f61c046', '2020-08-14 11:39:06', 'admin', 'admin', '2020-08-14 11:39:06', '8f6019aa-3fe7-4121-ab9d-f37fcfa0ac87', NULL, 'Hà Nội', 'S-0248', 'Nguyễn Hải Đăng', '0363495021', NULL, 'Nguyen Hai Dang', NULL, '02805505-2a5b-4cb6-95ed-d7a36dd2c0e2', NULL, '91.haidang.nguyen@gmail.com', '', 'Giám Đốc', b'1', '2020-08-14 11:38:12', '', NULL, '', '', '', '', '01600023', 'S0001', 'ab98fb24-f36d-4269-a0d1-3977119f01dc', '72086005-8970-4b55-b29c-ecd29233c171', '2f607ca5-9447-4945-a391-30311fa6682c', '2f607ca5-9447-4945-a391-30311fa6682c', '2f607ca5-9447-4945-a391-30311fa6682c', '7a434108-8ee6-4535-b70a-4555ac3f5002', 248),
	('e7ad3d4f-d68e-4bb7-8a3c-157a01558aa9', '2020-08-15 05:36:46', 'admin', NULL, '2020-08-15 05:36:46', 'e966dfd0-02ed-4bff-844d-7074f21f3a3d', NULL, NULL, 'S-0249', 'Nguyễn Hải Đăng', '0363494040', NULL, 'test2@gmail.com', NULL, NULL, NULL, 'test2@gmail.com', NULL, 'Kỹ thuật viên', NULL, NULL, NULL, NULL, NULL, NULL, NULL, NULL, '01600023', '12345', NULL, NULL, NULL, NULL, NULL, NULL, 249);
/*!40000 ALTER TABLE `tbl_eqa_health_org` ENABLE KEYS */;

-- Dumping structure for table eqa.tbl_eqa_health_org_level
CREATE TABLE IF NOT EXISTS `tbl_eqa_health_org_level` (
  `id` varchar(255) NOT NULL,
  `create_date` datetime NOT NULL,
  `created_by` varchar(100) NOT NULL,
  `modified_by` varchar(100) DEFAULT NULL,
  `modify_date` datetime DEFAULT NULL,
  `uuid_key` varchar(255) DEFAULT NULL,
  `voided` bit(1) DEFAULT NULL,
  `code` varchar(255) DEFAULT NULL,
  `description` varchar(255) DEFAULT NULL,
  `name` varchar(255) DEFAULT NULL,
  PRIMARY KEY (`id`)
) ENGINE=MyISAM DEFAULT CHARSET=utf8;

-- Dumping data for table eqa.tbl_eqa_health_org_level: 3 rows
/*!40000 ALTER TABLE `tbl_eqa_health_org_level` DISABLE KEYS */;
INSERT INTO `tbl_eqa_health_org_level` (`id`, `create_date`, `created_by`, `modified_by`, `modify_date`, `uuid_key`, `voided`, `code`, `description`, `name`) VALUES
	('ab98fb24-f36d-4269-a0d1-3977119f01dc', '2020-06-15 08:11:58', 'admin', 'admin', '2020-06-15 08:11:58', '33671d5e-5554-4682-bea1-235cd93878a3', NULL, 'TT PC HIV/AIDS', 'TT PC HIV/AIDS', 'TT PC HIV/AIDS'),
	('babde730-7cf5-4753-a320-783a5ac2217d', '2020-06-02 05:09:01', 'admin', 'admin', '2020-06-02 05:09:01', '59c4e633-6dc0-47f5-9ff4-e5393aaeed31', NULL, 'BVĐK_tinh/TP/khu_vuc', 'BVĐK tỉnh/ TP/ khu vực', 'BVĐK tỉnh/ TP/ khu vực'),
	('d4c46147-af64-4314-a7aa-645c4b6bbe4d', '2020-06-02 05:09:26', 'admin', 'admin', '2020-06-02 05:09:26', 'db71d499-28f6-4e4d-bb36-31a691736363', NULL, 'BVĐK/TTYT_Quan/huyen', 'BVĐK/TTYT Quận/huyện', 'BVĐK/TTYT Quận/huyện');
/*!40000 ALTER TABLE `tbl_eqa_health_org_level` ENABLE KEYS */;

-- Dumping structure for table eqa.tbl_eqa_health_org_type
CREATE TABLE IF NOT EXISTS `tbl_eqa_health_org_type` (
  `id` varchar(255) NOT NULL,
  `create_date` datetime NOT NULL,
  `created_by` varchar(100) NOT NULL,
  `modified_by` varchar(100) DEFAULT NULL,
  `modify_date` datetime DEFAULT NULL,
  `uuid_key` varchar(255) DEFAULT NULL,
  `voided` bit(1) DEFAULT NULL,
  `code` varchar(255) DEFAULT NULL,
  `description` varchar(255) DEFAULT NULL,
  `name` varchar(255) DEFAULT NULL,
  PRIMARY KEY (`id`)
) ENGINE=MyISAM DEFAULT CHARSET=utf8;

-- Dumping data for table eqa.tbl_eqa_health_org_type: 5 rows
/*!40000 ALTER TABLE `tbl_eqa_health_org_type` DISABLE KEYS */;
INSERT INTO `tbl_eqa_health_org_type` (`id`, `create_date`, `created_by`, `modified_by`, `modify_date`, `uuid_key`, `voided`, `code`, `description`, `name`) VALUES
	('3696f91f-ced0-4ad4-81f2-ded5fd4b6787', '2020-05-09 08:52:43', 'deb41bb1-3740-4ffe-a115-76cf80cd2e36', 'deb41bb1-3740-4ffe-a115-76cf80cd2e36', '2020-05-09 08:52:43', '97a72853-6f5f-43d6-b5d6-6cea010094ce', NULL, '001', 'test hệ thống', 'Kiểm Tra'),
	('56aee6ab-4910-494c-8e7f-e58a7e19f407', '2020-05-18 09:09:38', 'deb41bb1-3740-4ffe-a115-76cf80cd2e36', 'deb41bb1-3740-4ffe-a115-76cf80cd2e36', '2020-05-18 09:09:38', '65d5afd8-6921-442a-863a-4d48db2751db', NULL, 'TN', 'Loại đơn vị tư nhân', 'Tư nhân'),
	('7f906f59-7d9f-4def-a281-fc904e37c7dd', '2020-06-15 07:43:59', 'admin', 'admin', '2020-06-15 07:43:59', '771a1d7d-7364-4f54-aa2d-d3f6a6f8a2be', NULL, '003', 'Đơn vị xét nghiệm tư nhân', 'Đơn vị xét nghiệm tư nhân'),
	('02805505-2a5b-4cb6-95ed-d7a36dd2c0e2', '2020-05-18 09:12:53', 'deb41bb1-3740-4ffe-a115-76cf80cd2e36', 'deb41bb1-3740-4ffe-a115-76cf80cd2e36', '2020-05-18 09:12:53', 'eec37532-3afd-46c2-a71a-0bd1663c2d0a', NULL, 'DVN', 'test', 'Đơn vị nhà nước'),
	('c7495b20-1f8f-4d3b-a03a-424d1885a8c2', '2020-08-14 08:18:18', 'admin', 'admin', '2020-08-14 08:18:18', '97ed2489-b7d7-4870-a0c7-c24574cddbbc', NULL, 'PI-SAMPLE-001', NULL, 'PI-SAMPLE-001');
/*!40000 ALTER TABLE `tbl_eqa_health_org_type` ENABLE KEYS */;

-- Dumping structure for table eqa.tbl_eqa_planning
CREATE TABLE IF NOT EXISTS `tbl_eqa_planning` (
  `id` varchar(255) NOT NULL,
  `create_date` datetime NOT NULL,
  `created_by` varchar(100) NOT NULL,
  `modified_by` varchar(100) DEFAULT NULL,
  `modify_date` datetime DEFAULT NULL,
  `uuid_key` varchar(255) DEFAULT NULL,
  `voided` bit(1) DEFAULT NULL,
  `code` varchar(255) DEFAULT NULL,
  `end_date` datetime DEFAULT NULL,
  `fee` double DEFAULT NULL,
  `name` varchar(255) DEFAULT NULL,
  `number_of_round` int(11) DEFAULT NULL,
  `objectives` varchar(255) DEFAULT NULL,
  `start_date` datetime DEFAULT NULL,
  `type` varchar(255) DEFAULT NULL,
  `year` int(11) DEFAULT NULL,
  PRIMARY KEY (`id`)
) ENGINE=MyISAM DEFAULT CHARSET=utf8;

-- Dumping data for table eqa.tbl_eqa_planning: 2 rows
/*!40000 ALTER TABLE `tbl_eqa_planning` DISABLE KEYS */;
INSERT INTO `tbl_eqa_planning` (`id`, `create_date`, `created_by`, `modified_by`, `modify_date`, `uuid_key`, `voided`, `code`, `end_date`, `fee`, `name`, `number_of_round`, `objectives`, `start_date`, `type`, `year`) VALUES
	('04b02165-6c5a-4a6e-aa30-5fc0f14a2a8e', '2020-06-02 05:18:57', 'admin', 'admin', '2020-06-02 05:18:57', 'f6b724f0-ae31-49c7-b8be-ce217409687a', NULL, 'KHNK_T6_2020', '2020-06-30 05:00:00', 1500000, 'Kế hoạch ngoại kiểm tháng 6-2020', 1, 'test', '2020-06-02 05:18:04', '1', 2020),
	('bd3c19dc-2aa9-4b86-9aa5-c203fcc5d07d', '2020-06-15 03:18:19', 'admin', 'admin', '2020-06-15 03:18:19', '60832e8c-8831-43a6-836a-9c7b5d3b0029', NULL, 'KHNK_09/2020', '2020-10-31 03:16:00', 0, 'Kế hoạch ngoại kiểm tháng 9/2020', 1, 'Ngoại kiểm', '2020-09-01 03:16:00', '1', 2020);
/*!40000 ALTER TABLE `tbl_eqa_planning` ENABLE KEYS */;

-- Dumping structure for table eqa.tbl_eqa_qualification
CREATE TABLE IF NOT EXISTS `tbl_eqa_qualification` (
  `id` varchar(255) NOT NULL,
  `create_date` datetime NOT NULL,
  `created_by` varchar(100) NOT NULL,
  `modified_by` varchar(100) DEFAULT NULL,
  `modify_date` datetime DEFAULT NULL,
  `uuid_key` varchar(255) DEFAULT NULL,
  `voided` bit(1) DEFAULT NULL,
  `code` varchar(255) DEFAULT NULL,
  `description` varchar(255) DEFAULT NULL,
  `name` varchar(255) DEFAULT NULL,
  PRIMARY KEY (`id`)
) ENGINE=MyISAM DEFAULT CHARSET=utf8;

-- Dumping data for table eqa.tbl_eqa_qualification: 8 rows
/*!40000 ALTER TABLE `tbl_eqa_qualification` DISABLE KEYS */;
INSERT INTO `tbl_eqa_qualification` (`id`, `create_date`, `created_by`, `modified_by`, `modify_date`, `uuid_key`, `voided`, `code`, `description`, `name`) VALUES
	('778c3741-05a7-4478-b0e8-fd6a7e25db5c', '2020-06-02 05:01:10', 'admin', 'admin', '2020-06-02 05:01:10', '276690f1-bce5-424e-8810-0889a731f086', NULL, 'TĐH', 'Trên đại học', 'Trên đại học'),
	('ea283fa9-7a18-4802-8a94-110f18a60262', '2020-06-02 05:01:27', 'admin', 'admin', '2020-06-02 05:06:13', '01060da8-a87d-4771-9cf9-4635107325c8', NULL, 'BS', 'Bác sĩ', 'Bác sĩ'),
	('2fdc8b7d-8e56-472f-93f0-e41a134082d6', '2020-06-02 05:01:48', 'admin', 'admin', '2020-06-02 05:01:48', 'd24cf584-374a-4a79-8ef1-eb586468bfa3', NULL, 'CNXN', 'Cử nhân xét nghiệm', 'Cử nhân xét nghiệm'),
	('783feb89-e348-400d-a63d-279cbe356069', '2020-06-02 05:06:29', 'admin', 'admin', '2020-06-02 05:06:29', 'e133034e-c847-47bd-80f8-44a9b4f2786b', NULL, 'DS', 'Dược sĩ', 'Dược sĩ'),
	('a8aa71e1-0ac8-47e1-9f0e-0192356666a0', '2020-06-02 05:06:43', 'admin', 'admin', '2020-06-02 05:06:43', '4871145c-eedf-45b0-a50c-36a8135dd097', NULL, 'CNSH', 'Cử nhân sinh học', 'Cử nhân sinh học'),
	('a0a75e97-ebf4-4606-a910-5dd7ec647fa3', '2020-06-02 05:07:03', 'admin', 'admin', '2020-06-02 05:07:03', '5c02393f-775f-4dbc-8ef0-c6a6dd3088cb', NULL, 'KTVXN', 'Kỹ thuật viên xét nghiệm', 'Kỹ thuật viên xét nghiệm'),
	('72086005-8970-4b55-b29c-ecd29233c171', '2020-06-02 05:07:21', 'admin', 'admin', '2020-06-02 05:07:21', '9f6ef5ca-2af1-4be2-9e84-ebbe173fa832', NULL, 'ĐD', 'Điều dưỡng', 'Điều dưỡng'),
	('d05969b5-c618-44cb-b775-643fca883e6a', '2020-06-15 08:10:57', 'admin', 'admin', '2020-06-15 08:10:57', '5778d780-3dbf-45c5-98b6-1f4b2395c3a0', NULL, 'TS', 'Tiến Sĩ', 'Tiến Sĩ');
/*!40000 ALTER TABLE `tbl_eqa_qualification` ENABLE KEYS */;

-- Dumping structure for table eqa.tbl_eqa_reagent
CREATE TABLE IF NOT EXISTS `tbl_eqa_reagent` (
  `id` varchar(255) NOT NULL,
  `create_date` datetime NOT NULL,
  `created_by` varchar(100) NOT NULL,
  `modified_by` varchar(100) DEFAULT NULL,
  `modify_date` datetime DEFAULT NULL,
  `uuid_key` varchar(255) DEFAULT NULL,
  `voided` bit(1) DEFAULT NULL,
  `code` varchar(255) DEFAULT NULL,
  `description` varchar(255) DEFAULT NULL,
  `name` varchar(255) DEFAULT NULL,
  `active_ingredients` varchar(255) DEFAULT NULL,
  `date_of_issue` datetime DEFAULT NULL,
  `dosage_forms` varchar(255) DEFAULT NULL,
  `expiration_date` datetime DEFAULT NULL,
  `packing` varchar(255) DEFAULT NULL,
  `production_facility_name` varchar(255) DEFAULT NULL,
  `registered_facility_name` varchar(255) DEFAULT NULL,
  `registration_number` varchar(255) DEFAULT NULL,
  PRIMARY KEY (`id`)
) ENGINE=MyISAM DEFAULT CHARSET=utf8;

-- Dumping data for table eqa.tbl_eqa_reagent: 3 rows
/*!40000 ALTER TABLE `tbl_eqa_reagent` DISABLE KEYS */;
INSERT INTO `tbl_eqa_reagent` (`id`, `create_date`, `created_by`, `modified_by`, `modify_date`, `uuid_key`, `voided`, `code`, `description`, `name`, `active_ingredients`, `date_of_issue`, `dosage_forms`, `expiration_date`, `packing`, `production_facility_name`, `registered_facility_name`, `registration_number`) VALUES
	('ced28fc3-910c-42bc-8e8e-093bfc590c1d', '2020-06-02 04:43:51', 'admin', 'admin', '2020-06-15 03:15:58', '4a9e2ef8-6455-4089-8cf3-3b30624cd4c7', NULL, 'test_SP1', 'test 1', 'Murex HIV 1.2.0 (định tính kháng nguyên bề mặt viêm gan B (HBsAg) trong huyết thanh hoặc huyết tương người)', 'Định tính phát hiện kháng thể HIV1', '2013-01-23 17:00:00', 'Dạng lỏng', '2018-01-24 04:41:00', 'hộp 96 test', 'DiaSorin S.p.A - US Branch', 'Công ty cổ phần y tế Đức Minh', 'QLSP-0626-13'),
	('6133b686-837d-4b44-8408-5f64270530b6', '2020-06-02 07:51:33', 'admin', 'admin', '2020-06-02 07:51:33', 'de4df481-f055-405f-a698-b2fba704657d', NULL, 'test_SP2', 'test 2', 'Elecsys HIV combi PT(định tính kháng nguyên HIV-1 p24, HIV-1 & HIV-2 trong huyết thanh và huyết tương người)', 'Định tính kháng nguyên HIV-1 p24, HIV-1 & HIV-2 trong huyết thanh và huyết tương người', '2013-01-24 05:00:00', 'Dạng lỏng + đông khô', '2018-01-24 05:00:00', 'Hộp 100 xét nghiệm', 'Roche Diaggnostics GmbH(Sandhofer 11668305, Mannheim, Đức)', 'F.Hoffmann-La Roche Ltd(Grenzacherstrasse, CH-4070, Basel - Thụy sĩ)', 'QLSP-0637-13'),
	('c1bc1066-dd45-449f-8506-a86679babfb7', '2020-06-02 08:09:11', 'admin', 'admin', '2020-06-02 08:29:35', '26ee7a1a-d720-4227-99c0-90f41f9f4212', NULL, 'test_SP3', 'test 3', 'Elecsys HIV Ag Confirmatory Test(định tính kháng nguyên HIV-1 p24 trong huyết thanh và huyết tương người)', '', '2013-06-24 05:00:00', 'Dạng lỏng', '2018-06-24 05:00:00', 'Hộp 2 x 20 tests', 'Roche Diaggnostics GmbH(Sandhofer 11668305, Mannheim, Đức)', 'F.Hoffmann-La Roche Ltd(Grenzacherstrasse, CH-4070, Basel - Thụy sĩ)', 'QLSP-0691-13');
/*!40000 ALTER TABLE `tbl_eqa_reagent` ENABLE KEYS */;

-- Dumping structure for table eqa.tbl_eqa_result_report
CREATE TABLE IF NOT EXISTS `tbl_eqa_result_report` (
  `id` varchar(255) NOT NULL,
  `create_date` datetime NOT NULL,
  `created_by` varchar(100) NOT NULL,
  `modified_by` varchar(100) DEFAULT NULL,
  `modify_date` datetime DEFAULT NULL,
  `uuid_key` varchar(255) DEFAULT NULL,
  `voided` bit(1) DEFAULT NULL,
  `incubation_period` int(11) DEFAULT NULL,
  `incubation_period_with_plus` int(11) DEFAULT NULL,
  `incubation_period_with_substrate` int(11) DEFAULT NULL,
  `incubation_temp` double DEFAULT NULL,
  `incubation_temp_with_plus` double DEFAULT NULL,
  `incubation_temp_with_substrate` double DEFAULT NULL,
  `is_using_c_test` bit(1) DEFAULT NULL,
  `is_using_control_line` bit(1) DEFAULT NULL,
  `is_using_iqc` bit(1) DEFAULT NULL,
  `note` varchar(255) DEFAULT NULL,
  `order_test` int(11) DEFAULT NULL,
  `person_buy_reagent` varchar(255) DEFAULT NULL,
  `reagent_expiry_date` datetime DEFAULT NULL,
  `reagent_lot` varchar(255) DEFAULT NULL,
  `reagent_used_date` datetime DEFAULT NULL,
  `shaking_method` varchar(255) DEFAULT NULL,
  `shaking_number` int(11) DEFAULT NULL,
  `shaking_times` int(11) DEFAULT NULL,
  `supply_of_reagent` varchar(255) DEFAULT NULL,
  `test_date` datetime DEFAULT NULL,
  `time_to_result` int(11) DEFAULT NULL,
  `total_check_value` int(11) DEFAULT NULL,
  `type_method` int(11) DEFAULT NULL,
  `health_org_round_id` varchar(255) DEFAULT NULL,
  `reagent_id` varchar(255) DEFAULT NULL,
  `technician_id` varchar(255) DEFAULT NULL,
  `test_method_id` varchar(255) DEFAULT NULL,
  `test_purpose_id` varchar(255) DEFAULT NULL,
  PRIMARY KEY (`id`),
  KEY `FK3mbjap6bv7flvfhvk1jiw83o6` (`health_org_round_id`),
  KEY `FKiaehd155y2o1gf4myyeyhoapg` (`reagent_id`),
  KEY `FKbp7v0gpav5b3xyct1i3iacdr9` (`technician_id`),
  KEY `FK322v59ko010aet5kpvh783iuc` (`test_method_id`),
  KEY `FK6ec8wagtw5u15dlfcfjkxw6ux` (`test_purpose_id`)
) ENGINE=MyISAM DEFAULT CHARSET=utf8;

-- Dumping data for table eqa.tbl_eqa_result_report: 7 rows
/*!40000 ALTER TABLE `tbl_eqa_result_report` DISABLE KEYS */;
INSERT INTO `tbl_eqa_result_report` (`id`, `create_date`, `created_by`, `modified_by`, `modify_date`, `uuid_key`, `voided`, `incubation_period`, `incubation_period_with_plus`, `incubation_period_with_substrate`, `incubation_temp`, `incubation_temp_with_plus`, `incubation_temp_with_substrate`, `is_using_c_test`, `is_using_control_line`, `is_using_iqc`, `note`, `order_test`, `person_buy_reagent`, `reagent_expiry_date`, `reagent_lot`, `reagent_used_date`, `shaking_method`, `shaking_number`, `shaking_times`, `supply_of_reagent`, `test_date`, `time_to_result`, `total_check_value`, `type_method`, `health_org_round_id`, `reagent_id`, `technician_id`, `test_method_id`, `test_purpose_id`) VALUES
	('00e329d7-79c1-4ce1-bc2b-dcb7bb9eb1fb', '2020-06-13 04:36:57', 'admin', 'admin', '2020-06-13 04:36:57', '52171a5f-0834-4e78-8762-121cac0bfde4', NULL, NULL, NULL, NULL, NULL, NULL, NULL, NULL, b'0', b'0', NULL, 1, 'Nguyễn Văn A', '2020-06-13 04:35:40', 'Solo_0001', NULL, NULL, NULL, NULL, '', '2020-06-13 04:35:40', NULL, NULL, 2, 'e954c0d5-4cfc-4589-834c-33cf4d20ea19', 'c1bc1066-dd45-449f-8506-a86679babfb7', 'ac1878d9-4b3d-4dd4-aa07-74c3387e65a5', NULL, NULL),
	('afa99b40-1b58-47ef-ab54-0e863be2b9a3', '2020-07-21 03:17:22', 'admin', 'admin', '2020-07-21 03:17:22', '7686983d-5e15-4eea-ae84-c77550c7bc85', NULL, 1, 1, 1, 1, 1, 1, NULL, NULL, NULL, NULL, 1, '1', '2020-07-21 03:14:53', '1', NULL, NULL, NULL, NULL, '1', '2020-07-21 03:14:53', NULL, NULL, 1, '15e76501-6d85-451f-85db-1d26be3f581e', '6133b686-837d-4b44-8408-5f64270530b6', '5ea02186-17bd-453a-ab21-503c4b6c5115', NULL, NULL),
	('a40f67c1-50bf-4b43-906a-55e7fd7862b1', '2020-07-22 03:35:57', 'admin', 'admin', '2020-07-22 03:48:13', '05dedaa5-9d12-4e06-bcce-275678f2b9f0', NULL, 2, 2, 2, 2, 2, 2, NULL, NULL, NULL, NULL, 2, '2', '2020-07-22 03:31:38', '2', NULL, NULL, NULL, NULL, '2', '2020-07-22 03:31:38', NULL, NULL, 1, 'e954c0d5-4cfc-4589-834c-33cf4d20ea19', 'ced28fc3-910c-42bc-8e8e-093bfc590c1d', 'b3fca6c6-442b-4dd3-b58b-683555001fa4', NULL, NULL),
	('b9155047-9ce9-47cb-8b17-24eaf6e2320f', '2020-07-22 04:51:29', 'admin', 'admin', '2020-07-22 04:51:29', '5b195e6d-dd2b-46b5-a1f8-cafcf4912f86', NULL, 3, 3, 3, 3, 3, 3, NULL, NULL, NULL, NULL, 3, '3', '2020-07-22 04:49:20', '3', NULL, NULL, NULL, NULL, '3', '2020-07-22 04:49:20', NULL, NULL, 1, '90e9a747-c06e-4886-aaa4-253218f234ba', 'ced28fc3-910c-42bc-8e8e-093bfc590c1d', 'ccc2a89b-7dbf-4e2e-af99-518e41f6b8a6', NULL, NULL),
	('cdbfd69f-1b77-4fd1-a63a-fc6ff3503f9e', '2020-07-22 05:15:28', 'admin', 'admin', '2020-07-22 05:15:28', 'e3289b60-2d56-4cba-8363-bf3534ee5b71', NULL, 4, 4, 4, 4, 4, 4, NULL, NULL, NULL, NULL, 4, '4', '2020-07-22 05:14:27', '4', NULL, NULL, NULL, NULL, '4', '2020-07-22 05:14:27', NULL, NULL, 1, '90e9a747-c06e-4886-aaa4-253218f234ba', '6133b686-837d-4b44-8408-5f64270530b6', '5ea02186-17bd-453a-ab21-503c4b6c5115', NULL, NULL),
	('7e8554a8-d595-475e-9dd1-f2211954868d', '2020-07-22 05:36:59', 'admin', 'admin', '2020-07-22 05:37:00', '0a253af5-ac62-40f4-9422-749c0f4d2a63', NULL, 5, 5, 5, 5, 5, 2, NULL, NULL, NULL, NULL, 5, '5', '2020-07-22 05:35:18', '5', NULL, NULL, NULL, NULL, '5', '2020-07-22 05:35:18', NULL, NULL, 1, '90e9a747-c06e-4886-aaa4-253218f234ba', 'c1bc1066-dd45-449f-8506-a86679babfb7', 'b3fca6c6-442b-4dd3-b58b-683555001fa4', NULL, NULL),
	('ee55d8d6-762f-42ee-b291-a0fd1b379408', '2020-07-22 05:42:47', 'admin', 'admin', '2020-07-22 05:42:47', '93f3383a-c413-40e3-9694-6a486a12cfd6', NULL, 6, 6, 6, 6, 6, 6, NULL, NULL, NULL, NULL, 6, '6', '2020-07-22 05:41:44', '6', NULL, NULL, NULL, NULL, '6', '2020-07-22 05:41:44', NULL, NULL, 1, 'e954c0d5-4cfc-4589-834c-33cf4d20ea19', 'ced28fc3-910c-42bc-8e8e-093bfc590c1d', 'ccc2a89b-7dbf-4e2e-af99-518e41f6b8a6', NULL, NULL);
/*!40000 ALTER TABLE `tbl_eqa_result_report` ENABLE KEYS */;

-- Dumping structure for table eqa.tbl_eqa_result_report_detail
CREATE TABLE IF NOT EXISTS `tbl_eqa_result_report_detail` (
  `id` varchar(255) NOT NULL,
  `create_date` datetime NOT NULL,
  `created_by` varchar(100) NOT NULL,
  `modified_by` varchar(100) DEFAULT NULL,
  `modify_date` datetime DEFAULT NULL,
  `uuid_key` varchar(255) DEFAULT NULL,
  `voided` bit(1) DEFAULT NULL,
  `agglomeration` int(11) DEFAULT NULL,
  `c_line` int(11) DEFAULT NULL,
  `check_value` int(11) DEFAULT NULL,
  `cut_off` double DEFAULT NULL,
  `note` varchar(255) DEFAULT NULL,
  `od_value` double DEFAULT NULL,
  `result` int(11) DEFAULT NULL,
  `s_co_value` double DEFAULT NULL,
  `t_line` int(11) DEFAULT NULL,
  `test_value` int(11) DEFAULT NULL,
  `result_report_id` varchar(255) DEFAULT NULL,
  `sample_tube_id` varchar(255) DEFAULT NULL,
  `ratio_od_and_cut_off` double DEFAULT NULL,
  `order_number` int(11) DEFAULT NULL,
  PRIMARY KEY (`id`),
  KEY `FKw3vclcm3c26k71ms4pc0iuer` (`result_report_id`),
  KEY `FKpu021hrofb216ex47n7juqffq` (`sample_tube_id`)
) ENGINE=MyISAM DEFAULT CHARSET=utf8;

-- Dumping data for table eqa.tbl_eqa_result_report_detail: 56 rows
/*!40000 ALTER TABLE `tbl_eqa_result_report_detail` DISABLE KEYS */;
INSERT INTO `tbl_eqa_result_report_detail` (`id`, `create_date`, `created_by`, `modified_by`, `modify_date`, `uuid_key`, `voided`, `agglomeration`, `c_line`, `check_value`, `cut_off`, `note`, `od_value`, `result`, `s_co_value`, `t_line`, `test_value`, `result_report_id`, `sample_tube_id`, `ratio_od_and_cut_off`, `order_number`) VALUES
	('b0adc01b-34ca-46cb-a4a2-42b6bfbe0b3a', '2020-06-13 04:36:57', 'admin', 'admin', '2020-06-13 04:36:57', 'ed50b2fa-c44e-4553-9330-36839224d23a', NULL, NULL, NULL, NULL, NULL, NULL, NULL, 0, NULL, NULL, NULL, '00e329d7-79c1-4ce1-bc2b-dcb7bb9eb1fb', 'df2e869b-6ec7-4352-a0ab-101dde82e336', NULL, NULL),
	('eb772276-499d-49e9-bfa3-ca62cd79f31f', '2020-06-13 04:36:57', 'admin', 'admin', '2020-06-13 04:36:57', '1d652cba-f680-4911-bcf8-1b89db537d11', NULL, NULL, 1, NULL, NULL, NULL, NULL, 1, NULL, -1, NULL, '00e329d7-79c1-4ce1-bc2b-dcb7bb9eb1fb', '000bef33-a251-4945-bcc0-20b9833ccaad', NULL, NULL),
	('371fd567-ddfc-48bf-85a2-26194ea34390', '2020-06-13 04:36:57', 'admin', 'admin', '2020-06-13 04:36:57', 'acb158d7-1047-44f7-bbc5-bbebb0e52dc1', NULL, NULL, 1, NULL, NULL, NULL, NULL, 1, NULL, 1, NULL, '00e329d7-79c1-4ce1-bc2b-dcb7bb9eb1fb', 'd2b4bd2e-6539-4637-ab5d-10c33cd35650', NULL, NULL),
	('3ec7f237-10b5-4a03-b854-7b508bc5b36a', '2020-06-13 04:36:57', 'admin', 'admin', '2020-06-13 04:36:57', '7159b963-c227-4b51-a6e7-cbcb853be90e', NULL, NULL, 1, NULL, NULL, NULL, NULL, 1, NULL, 1, NULL, '00e329d7-79c1-4ce1-bc2b-dcb7bb9eb1fb', 'eadfdf24-2d85-41ad-b2e3-304bbe29ca42', NULL, NULL),
	('b325bf18-f352-4c3e-9727-5725d1f984ad', '2020-06-13 04:36:57', 'admin', 'admin', '2020-06-13 04:36:57', 'ff6b7e39-ea6d-4c34-b607-acba47f516cd', NULL, NULL, NULL, NULL, NULL, NULL, NULL, 0, NULL, NULL, NULL, '00e329d7-79c1-4ce1-bc2b-dcb7bb9eb1fb', 'e3a463af-ebfb-4a64-a065-39c46fe24843', NULL, NULL),
	('e1ee1c1a-4e4e-4370-a1d1-e73051b58d83', '2020-06-13 04:36:57', 'admin', 'admin', '2020-06-13 04:36:57', 'b699697a-eeae-4e0f-9a17-39b15a082079', NULL, NULL, -1, NULL, NULL, NULL, NULL, -1, NULL, 1, NULL, '00e329d7-79c1-4ce1-bc2b-dcb7bb9eb1fb', 'b8d2e19f-afc4-4245-9ff3-cc10c39fad94', NULL, NULL),
	('ed654613-77f9-48ab-9456-d0725e7671e6', '2020-06-13 04:36:57', 'admin', 'admin', '2020-06-13 04:36:57', '058f6a37-be51-4881-92b6-8438728057d0', NULL, NULL, -1, NULL, NULL, NULL, NULL, -1, NULL, -1, NULL, '00e329d7-79c1-4ce1-bc2b-dcb7bb9eb1fb', 'cce174b7-0c53-4598-8b5f-a314b248f706', NULL, NULL),
	('44607d77-74e5-4485-81d2-77e900ae3404', '2020-06-13 04:36:57', 'admin', 'admin', '2020-06-13 04:36:57', '6ed4d10a-9b26-409e-a847-88b1b796e1ca', NULL, NULL, -1, NULL, NULL, NULL, NULL, -1, NULL, -1, NULL, '00e329d7-79c1-4ce1-bc2b-dcb7bb9eb1fb', '14a49035-4945-4d0c-b88b-1ce264183e82', NULL, NULL),
	('ee59aba1-d857-4b46-aaf1-9598f11fdcf1', '2020-07-21 03:17:22', 'admin', 'admin', '2020-07-21 03:17:22', 'ce06bdad-3e13-479e-aeac-6e486e7ac6ab', NULL, NULL, NULL, NULL, 1, NULL, 100, 1, NULL, NULL, NULL, 'afa99b40-1b58-47ef-ab54-0e863be2b9a3', '31a1cfb8-6f87-4135-b8a0-667ed6bf2694', 100, NULL),
	('543f9621-d11d-4a1d-aa70-ab4535cc706f', '2020-07-21 03:17:22', 'admin', 'admin', '2020-07-21 03:17:22', '2a09d65f-baf6-4375-ac0f-e2edccccd712', NULL, NULL, NULL, NULL, NULL, NULL, NULL, -2, NULL, NULL, NULL, 'afa99b40-1b58-47ef-ab54-0e863be2b9a3', 'dd48902e-66de-4145-a1bb-209f79344cdb', NULL, NULL),
	('59836d53-6db0-4231-88c3-2a6b68bf8816', '2020-07-21 03:17:22', 'admin', 'admin', '2020-07-21 03:17:22', '54d2e04e-e936-4b99-a708-eba01956ffde', NULL, NULL, NULL, NULL, 33, NULL, 33, -1, NULL, NULL, NULL, 'afa99b40-1b58-47ef-ab54-0e863be2b9a3', '1392b9d7-b6a8-4c1f-8298-99edeed06336', 1, NULL),
	('f1ea3d76-eb57-4dfe-9a22-37f611d7a17b', '2020-07-21 03:17:22', 'admin', 'admin', '2020-07-21 03:17:22', '1269e1e1-bffb-4313-9084-0cfb8b3cb647', NULL, NULL, NULL, NULL, 2, NULL, 1, -1, NULL, NULL, NULL, 'afa99b40-1b58-47ef-ab54-0e863be2b9a3', '783390c7-1e66-4c13-b611-1ba075583155', 0.5, NULL),
	('f5009331-95a5-4d88-9ec0-f902bca12305', '2020-07-21 03:17:22', 'admin', 'admin', '2020-07-21 03:17:22', '858b0962-b947-427f-b9e4-b55b7f96dd0c', NULL, NULL, NULL, NULL, 2, NULL, 2, -1, NULL, NULL, NULL, 'afa99b40-1b58-47ef-ab54-0e863be2b9a3', '357ed469-1184-4d00-ab9d-0d692d3ab20f', 1, NULL),
	('cbed9a60-cde2-4182-a183-a0a43e807b00', '2020-07-21 03:17:22', 'admin', 'admin', '2020-07-21 03:17:22', 'aa4f7110-83c8-42e5-a240-f91f85f26f31', NULL, NULL, NULL, NULL, NULL, NULL, NULL, -2, NULL, NULL, NULL, 'afa99b40-1b58-47ef-ab54-0e863be2b9a3', '3be873e9-1f0b-437e-9e1c-d251abb1d90b', NULL, NULL),
	('238a6b3d-7246-40af-8d45-c0c9906a25e9', '2020-07-21 03:17:22', 'admin', 'admin', '2020-07-21 03:17:22', 'ab6294e0-057b-41a1-9271-2dac6175124a', NULL, NULL, NULL, NULL, 0, NULL, 0, 0, NULL, NULL, NULL, 'afa99b40-1b58-47ef-ab54-0e863be2b9a3', '288fe439-5741-4f56-97cc-9a3dc100ab0e', NULL, NULL),
	('fdf7e96e-9fab-40b2-98ad-51cca217ab04', '2020-07-21 03:17:22', 'admin', 'admin', '2020-07-21 03:17:22', '6f50b081-16d3-41ea-a3c7-be3141c14d78', NULL, NULL, NULL, NULL, 2, NULL, 50, 1, NULL, NULL, NULL, 'afa99b40-1b58-47ef-ab54-0e863be2b9a3', 'ec66242b-c8a1-4997-9ff1-6cddfa3f14e0', 25, NULL),
	('0b497b4d-93a2-41c7-9888-1d11161ef254', '2020-07-22 03:35:57', 'admin', 'admin', '2020-07-22 03:35:57', 'd59d8fdd-c1fa-4e2c-a444-b02d0522a43b', NULL, NULL, NULL, NULL, 0, NULL, 0, 0, NULL, NULL, NULL, 'a40f67c1-50bf-4b43-906a-55e7fd7862b1', 'b8d2e19f-afc4-4245-9ff3-cc10c39fad94', NULL, NULL),
	('5fcd5ec5-7b2c-4423-a7f8-95605b671ce1', '2020-07-22 03:35:57', 'admin', 'admin', '2020-07-22 03:35:57', '905293e7-b7da-4e30-bca1-d36b67c7d08e', NULL, NULL, NULL, NULL, 1, NULL, 1, -1, NULL, NULL, NULL, 'a40f67c1-50bf-4b43-906a-55e7fd7862b1', '14a49035-4945-4d0c-b88b-1ce264183e82', 1, NULL),
	('89b9a901-2c25-4613-89b1-778ad4199748', '2020-07-22 03:35:57', 'admin', 'admin', '2020-07-22 03:35:57', 'a1f8b774-f486-4603-89a9-97955af50d2b', NULL, NULL, NULL, NULL, 1, NULL, 50, 1, NULL, NULL, NULL, 'a40f67c1-50bf-4b43-906a-55e7fd7862b1', 'cce174b7-0c53-4598-8b5f-a314b248f706', 50, NULL),
	('d6e9dcbe-1394-47bb-a725-1b8ca6c0382f', '2020-07-22 03:35:57', 'admin', 'admin', '2020-07-22 03:35:57', 'e1462747-418f-4661-824e-1c7ad8ae42cf', NULL, NULL, NULL, NULL, 1, NULL, 2, -1, NULL, NULL, NULL, 'a40f67c1-50bf-4b43-906a-55e7fd7862b1', 'd2b4bd2e-6539-4637-ab5d-10c33cd35650', 2, NULL),
	('8bb69d85-dedd-44dc-95da-30e2264de29a', '2020-07-22 03:35:57', 'admin', 'admin', '2020-07-22 03:35:57', '73f51933-f97a-41d9-a1c7-d710409ee297', NULL, NULL, NULL, NULL, 56, NULL, 1, -1, NULL, NULL, NULL, 'a40f67c1-50bf-4b43-906a-55e7fd7862b1', 'e3a463af-ebfb-4a64-a065-39c46fe24843', 0.02, NULL),
	('9d306de8-d1d6-4732-9b70-2fd00d113153', '2020-07-22 03:35:57', 'admin', 'admin', '2020-07-22 03:35:57', 'c4dee993-3590-4227-9b2e-1f87320b568a', NULL, NULL, NULL, NULL, NULL, NULL, NULL, -2, NULL, NULL, NULL, 'a40f67c1-50bf-4b43-906a-55e7fd7862b1', 'eadfdf24-2d85-41ad-b2e3-304bbe29ca42', NULL, NULL),
	('b8206d4e-ccc3-4b43-baed-298ca469a54e', '2020-07-22 03:35:57', 'admin', 'admin', '2020-07-22 03:35:57', '0d3afa39-a3de-4e0a-85f2-103d7019f1f3', NULL, NULL, NULL, NULL, NULL, NULL, NULL, -2, NULL, NULL, NULL, 'a40f67c1-50bf-4b43-906a-55e7fd7862b1', '000bef33-a251-4945-bcc0-20b9833ccaad', NULL, NULL),
	('f45217e9-5fd8-4c7a-95c6-ec16ea5c5aca', '2020-07-22 03:35:57', 'admin', 'admin', '2020-07-22 03:35:57', 'ce04d903-6a84-411d-88e6-e524d37054ab', NULL, NULL, NULL, NULL, 1, NULL, 100, 1, NULL, NULL, NULL, 'a40f67c1-50bf-4b43-906a-55e7fd7862b1', 'df2e869b-6ec7-4352-a0ab-101dde82e336', 100, NULL),
	('3fa48971-2ae4-44e6-b6b0-a76f88a17c49', '2020-07-22 04:51:29', 'admin', 'admin', '2020-07-22 04:51:29', 'ddf5ab2a-c4cb-485f-93d1-9f9b87420a77', NULL, NULL, NULL, NULL, 3, NULL, 3, -1, NULL, NULL, NULL, 'b9155047-9ce9-47cb-8b17-24eaf6e2320f', 'a5c9cce8-853a-4967-abf4-51000598f2fc', 1, NULL),
	('96b95214-499a-43ec-874b-50b63a767c41', '2020-07-22 04:51:29', 'admin', 'admin', '2020-07-22 04:51:29', '6ab56370-a949-4a2d-bfe1-0341b7b15c04', NULL, NULL, NULL, NULL, 0, NULL, 0, 0, NULL, NULL, NULL, 'b9155047-9ce9-47cb-8b17-24eaf6e2320f', 'dfb4a0bf-c661-432e-bf4a-e60f6aa8d348', NULL, NULL),
	('5f15ee3f-ac16-4346-bf6b-3def9cad6933', '2020-07-22 04:51:29', 'admin', 'admin', '2020-07-22 04:51:29', '07a476dc-2d84-4b14-a3d0-541c7135aed2', NULL, NULL, NULL, NULL, NULL, NULL, NULL, -2, NULL, NULL, NULL, 'b9155047-9ce9-47cb-8b17-24eaf6e2320f', 'def60d66-8d01-438a-baf1-99aff01ed4e1', NULL, NULL),
	('9e4fa833-c305-46ff-bc3b-7b16435b5f22', '2020-07-22 04:51:29', 'admin', 'admin', '2020-07-22 04:51:29', '33c1fde1-b589-4e0d-ab4f-4bb142a363e3', NULL, NULL, NULL, NULL, 2, NULL, 99, 1, NULL, NULL, NULL, 'b9155047-9ce9-47cb-8b17-24eaf6e2320f', '8eac5b57-75ed-4c22-8060-92f4282db655', 49.5, NULL),
	('29c60a1d-21d1-4c8a-8ece-8d88e72299aa', '2020-07-22 04:51:29', 'admin', 'admin', '2020-07-22 04:51:29', '2712fc99-7586-4a2d-9b31-86a26149647d', NULL, NULL, NULL, NULL, NULL, NULL, NULL, -2, NULL, NULL, NULL, 'b9155047-9ce9-47cb-8b17-24eaf6e2320f', '627be880-2b94-49f8-b1ca-df79c6eb37f3', NULL, NULL),
	('521ae6a6-74d1-4f9e-9438-4f3634f61216', '2020-07-22 04:51:29', 'admin', 'admin', '2020-07-22 04:51:29', '9700fa47-0c09-4c95-bb52-898b8eb2223a', NULL, NULL, NULL, NULL, 8, NULL, 4, -1, NULL, NULL, NULL, 'b9155047-9ce9-47cb-8b17-24eaf6e2320f', '7125750b-1549-476c-b64b-7063f802fda6', 0.5, NULL),
	('09744323-d924-477b-af7d-7081f4776f8f', '2020-07-22 04:51:29', 'admin', 'admin', '2020-07-22 04:51:29', '4b2218f5-827b-4764-ac41-504051c20898', NULL, NULL, NULL, NULL, 11, NULL, 66, 1, NULL, NULL, NULL, 'b9155047-9ce9-47cb-8b17-24eaf6e2320f', '17b1398a-545a-4091-a518-1cdcef7c0f07', 6, NULL),
	('7ee688da-b74a-4536-8545-22b9e1d168fc', '2020-07-22 04:51:29', 'admin', 'admin', '2020-07-22 04:51:29', '53d66596-f444-4f18-b395-c9fb268454da', NULL, NULL, NULL, NULL, NULL, NULL, NULL, -2, NULL, NULL, NULL, 'b9155047-9ce9-47cb-8b17-24eaf6e2320f', '6427aec1-eb40-4d8f-a2f6-50c072ebe118', NULL, NULL),
	('0971e4d0-aece-48b3-84e5-df68ef9b9a39', '2020-07-22 05:15:28', 'admin', 'admin', '2020-07-22 05:15:28', '2554fb31-d88b-4994-ad4c-cf4bc2ee3b30', NULL, NULL, NULL, NULL, NULL, NULL, NULL, -2, NULL, NULL, NULL, 'cdbfd69f-1b77-4fd1-a63a-fc6ff3503f9e', '8eac5b57-75ed-4c22-8060-92f4282db655', NULL, 2),
	('e52f019a-b19f-44ee-bdf0-ad6989a79ddd', '2020-07-22 05:15:28', 'admin', 'admin', '2020-07-22 05:15:28', 'd2f2c2b8-0361-4e16-976a-8c46187da6a8', NULL, NULL, NULL, NULL, 4, NULL, 4, -1, NULL, NULL, NULL, 'cdbfd69f-1b77-4fd1-a63a-fc6ff3503f9e', 'a5c9cce8-853a-4967-abf4-51000598f2fc', 1, 1),
	('cb6b2ec7-76d6-42b0-813a-342156fcbb39', '2020-07-22 05:15:28', 'admin', 'admin', '2020-07-22 05:15:28', '57762fa5-139d-4253-b4dc-46495d599caa', NULL, NULL, NULL, NULL, 2, NULL, 45, 1, NULL, NULL, NULL, 'cdbfd69f-1b77-4fd1-a63a-fc6ff3503f9e', '627be880-2b94-49f8-b1ca-df79c6eb37f3', 22.5, 5),
	('4137bc64-b1e6-4cfa-a61f-f666c30f7340', '2020-07-22 05:15:28', 'admin', 'admin', '2020-07-22 05:15:28', 'e1c06596-27cf-4e3e-939e-ef74828fd593', NULL, NULL, NULL, NULL, 1, NULL, 100, 1, NULL, NULL, NULL, 'cdbfd69f-1b77-4fd1-a63a-fc6ff3503f9e', 'dfb4a0bf-c661-432e-bf4a-e60f6aa8d348', 100, 4),
	('1e4b652f-51ca-49cc-9cac-0c34b8c0f9c3', '2020-07-22 05:15:28', 'admin', 'admin', '2020-07-22 05:15:28', 'ea463c50-5b10-4209-9f3b-52d3e431c776', NULL, NULL, NULL, NULL, NULL, NULL, NULL, -2, NULL, NULL, NULL, 'cdbfd69f-1b77-4fd1-a63a-fc6ff3503f9e', '6427aec1-eb40-4d8f-a2f6-50c072ebe118', NULL, 6),
	('12a7a02e-e650-4045-935e-3170ce19060d', '2020-07-22 05:15:28', 'admin', 'admin', '2020-07-22 05:15:28', '1e5d7805-45f2-438f-bc4b-bd2c07e984b6', NULL, NULL, NULL, NULL, NULL, NULL, NULL, -2, NULL, NULL, NULL, 'cdbfd69f-1b77-4fd1-a63a-fc6ff3503f9e', 'def60d66-8d01-438a-baf1-99aff01ed4e1', NULL, 3),
	('e535d14e-453e-43df-be8b-1d130c391ae8', '2020-07-22 05:15:28', 'admin', 'admin', '2020-07-22 05:15:28', '18d2d9d0-27d9-47c1-a1bf-438fae4e69f7', NULL, NULL, NULL, NULL, 1, NULL, 1, -1, NULL, NULL, NULL, 'cdbfd69f-1b77-4fd1-a63a-fc6ff3503f9e', '7125750b-1549-476c-b64b-7063f802fda6', 1, 7),
	('ff23f283-58b7-4cf3-97c7-35241425b0f3', '2020-07-22 05:15:28', 'admin', 'admin', '2020-07-22 05:15:28', '49e57860-b524-4642-8cfd-1782a9f24a3b', NULL, NULL, NULL, NULL, 12, NULL, 5, -1, NULL, NULL, NULL, 'cdbfd69f-1b77-4fd1-a63a-fc6ff3503f9e', '17b1398a-545a-4091-a518-1cdcef7c0f07', 0.42, 8),
	('736fde7e-a1e4-40ca-b747-26f7b3e2290d', '2020-07-22 05:36:59', 'admin', 'admin', '2020-07-22 05:36:59', '9060d756-733e-4b11-93a3-30cb6845fc94', NULL, NULL, NULL, NULL, 5, NULL, 5, -1, NULL, NULL, NULL, '7e8554a8-d595-475e-9dd1-f2211954868d', 'a5c9cce8-853a-4967-abf4-51000598f2fc', 1, 1),
	('0a7afb95-707a-4ed1-b24f-db82febfc716', '2020-07-22 05:36:59', 'admin', 'admin', '2020-07-22 05:36:59', '89d2f515-e658-48a5-9185-2f342f15fbbb', NULL, NULL, NULL, NULL, 8, NULL, 8, -1, NULL, NULL, NULL, '7e8554a8-d595-475e-9dd1-f2211954868d', '6427aec1-eb40-4d8f-a2f6-50c072ebe118', 1, 6),
	('f16000ae-b195-478a-8c52-93fea7607d12', '2020-07-22 05:36:59', 'admin', 'admin', '2020-07-22 05:36:59', '85db062e-9bf6-429a-a762-0663d3357288', NULL, NULL, NULL, NULL, 1, NULL, 61, 1, NULL, NULL, NULL, '7e8554a8-d595-475e-9dd1-f2211954868d', '7125750b-1549-476c-b64b-7063f802fda6', 61, 7),
	('58bad084-a1dd-49c4-a3d0-4be2bfef269a', '2020-07-22 05:36:59', 'admin', 'admin', '2020-07-22 05:36:59', '8cbe67f8-507e-45e9-9953-f6644a7e2f8f', NULL, NULL, NULL, NULL, NULL, NULL, NULL, -2, NULL, NULL, NULL, '7e8554a8-d595-475e-9dd1-f2211954868d', 'dfb4a0bf-c661-432e-bf4a-e60f6aa8d348', NULL, 4),
	('c0417f66-b553-4466-b42e-ea4c372af833', '2020-07-22 05:36:59', 'admin', 'admin', '2020-07-22 05:36:59', '86abfe67-4ae5-4d26-8d80-36db5a0fcac3', NULL, NULL, NULL, NULL, 8, NULL, 2, -1, NULL, NULL, NULL, '7e8554a8-d595-475e-9dd1-f2211954868d', '8eac5b57-75ed-4c22-8060-92f4282db655', 0.25, 2),
	('bf500958-e330-401a-ae04-b5875bd153ff', '2020-07-22 05:36:59', 'admin', 'admin', '2020-07-22 05:36:59', 'e717d929-4f75-4f8f-b033-5bb815923e9f', NULL, NULL, NULL, NULL, 5, NULL, 0, 0, NULL, NULL, NULL, '7e8554a8-d595-475e-9dd1-f2211954868d', 'def60d66-8d01-438a-baf1-99aff01ed4e1', NULL, 3),
	('28292407-f270-4bff-a095-3a71077ef512', '2020-07-22 05:36:59', 'admin', 'admin', '2020-07-22 05:36:59', '7858d3f4-67b3-45f7-b23b-b37df079d846', NULL, NULL, NULL, NULL, 1, NULL, 8, 1, NULL, NULL, NULL, '7e8554a8-d595-475e-9dd1-f2211954868d', '627be880-2b94-49f8-b1ca-df79c6eb37f3', 8, 5),
	('26db2268-d5cb-462b-b189-fd99fbc19178', '2020-07-22 05:36:59', 'admin', 'admin', '2020-07-22 05:36:59', '11640c27-2fb2-4fa0-bb06-0dd78ea5e3ca', NULL, NULL, NULL, NULL, NULL, NULL, NULL, -2, NULL, NULL, NULL, '7e8554a8-d595-475e-9dd1-f2211954868d', '17b1398a-545a-4091-a518-1cdcef7c0f07', NULL, 8),
	('4a0af1e2-ad5e-45dd-880b-427dc1d4d011', '2020-07-22 05:42:47', 'admin', 'admin', '2020-07-22 05:42:47', 'e368984f-6782-4fca-a814-71c42432d388', NULL, NULL, NULL, NULL, NULL, NULL, NULL, -2, NULL, NULL, NULL, 'ee55d8d6-762f-42ee-b291-a0fd1b379408', 'e3a463af-ebfb-4a64-a065-39c46fe24843', NULL, 7),
	('023b1efb-575d-4302-951c-e9c5151d0ecd', '2020-07-22 05:42:47', 'admin', 'admin', '2020-07-22 05:42:47', 'd9388ec4-97c9-4a2e-af18-1f7fc922a7c9', NULL, NULL, NULL, NULL, 2, NULL, 2, 1, NULL, NULL, NULL, 'ee55d8d6-762f-42ee-b291-a0fd1b379408', 'df2e869b-6ec7-4352-a0ab-101dde82e336', 1, 2),
	('48feb124-11cb-46fb-8ca4-3838bf1547ef', '2020-07-22 05:42:47', 'admin', 'admin', '2020-07-22 05:42:47', '8ef5ad6d-a5fa-42d8-935d-91c53895daf1', NULL, NULL, NULL, NULL, 1, NULL, 1, -1, NULL, NULL, NULL, 'ee55d8d6-762f-42ee-b291-a0fd1b379408', '14a49035-4945-4d0c-b88b-1ce264183e82', 1, 1),
	('118b2624-96ba-43fb-8f21-425cde201ce4', '2020-07-22 05:42:47', 'admin', 'admin', '2020-07-22 05:42:47', '19c8f10e-20ef-4811-8578-a304ff782c4c', NULL, NULL, NULL, NULL, 6, NULL, 6, 1, NULL, NULL, NULL, 'ee55d8d6-762f-42ee-b291-a0fd1b379408', '000bef33-a251-4945-bcc0-20b9833ccaad', 1, 6),
	('a8d86ede-4bbd-4491-a7de-a1e1cfe65870', '2020-07-22 05:42:47', 'admin', 'admin', '2020-07-22 05:42:47', '27c4292a-587f-4528-a97d-dfa1efc18ab8', NULL, NULL, NULL, NULL, 5, NULL, 5, 1, NULL, NULL, NULL, 'ee55d8d6-762f-42ee-b291-a0fd1b379408', 'cce174b7-0c53-4598-8b5f-a314b248f706', 1, 5),
	('cdbec3d0-be7b-4b09-8743-0e178b9ec82b', '2020-07-22 05:42:47', 'admin', 'admin', '2020-07-22 05:42:47', '0ad6fbf1-76d6-4049-9040-a2cfba0543f3', NULL, NULL, NULL, NULL, 4, NULL, 4, 1, NULL, NULL, NULL, 'ee55d8d6-762f-42ee-b291-a0fd1b379408', 'b8d2e19f-afc4-4245-9ff3-cc10c39fad94', 1, 4),
	('5844c42c-e2ab-482d-996a-03fb43a55436', '2020-07-22 05:42:47', 'admin', 'admin', '2020-07-22 05:42:47', 'eb73d7fd-c875-47bc-ac13-90ad3552b387', NULL, NULL, NULL, NULL, 3, NULL, 3, 1, NULL, NULL, NULL, 'ee55d8d6-762f-42ee-b291-a0fd1b379408', 'eadfdf24-2d85-41ad-b2e3-304bbe29ca42', 1, 3),
	('0fddede8-af60-4cd5-8b3d-ab2c1f13ad15', '2020-07-22 05:42:47', 'admin', 'admin', '2020-07-22 05:42:47', 'bb3151da-11d8-474c-9340-d288adc7d3f4', NULL, NULL, NULL, NULL, 8, NULL, 8, 1, NULL, NULL, NULL, 'ee55d8d6-762f-42ee-b291-a0fd1b379408', 'd2b4bd2e-6539-4637-ab5d-10c33cd35650', 1, 8);
/*!40000 ALTER TABLE `tbl_eqa_result_report_detail` ENABLE KEYS */;

-- Dumping structure for table eqa.tbl_eqa_result_report_detail_obs
CREATE TABLE IF NOT EXISTS `tbl_eqa_result_report_detail_obs` (
  `id` varchar(255) NOT NULL,
  `result_report_detail_id` varchar(255) DEFAULT NULL,
  PRIMARY KEY (`id`),
  KEY `FKfykexlmm3pbf083r2esi5fvby` (`result_report_detail_id`)
) ENGINE=MyISAM DEFAULT CHARSET=utf8;

-- Dumping data for table eqa.tbl_eqa_result_report_detail_obs: 0 rows
/*!40000 ALTER TABLE `tbl_eqa_result_report_detail_obs` DISABLE KEYS */;
/*!40000 ALTER TABLE `tbl_eqa_result_report_detail_obs` ENABLE KEYS */;

-- Dumping structure for table eqa.tbl_eqa_round
CREATE TABLE IF NOT EXISTS `tbl_eqa_round` (
  `id` varchar(255) NOT NULL,
  `create_date` datetime NOT NULL,
  `created_by` varchar(100) NOT NULL,
  `modified_by` varchar(100) DEFAULT NULL,
  `modify_date` datetime DEFAULT NULL,
  `uuid_key` varchar(255) DEFAULT NULL,
  `voided` bit(1) DEFAULT NULL,
  `code` varchar(255) DEFAULT NULL,
  `end_date` datetime DEFAULT NULL,
  `is_active` bit(1) DEFAULT NULL,
  `name` varchar(255) DEFAULT NULL,
  `start_date` datetime DEFAULT NULL,
  `eqa_planning_id` varchar(255) DEFAULT NULL,
  `registration_expiry_date` datetime DEFAULT NULL,
  `registration_start_date` datetime DEFAULT NULL,
  PRIMARY KEY (`id`),
  KEY `FK63iukg44l1urf423cihegyhh7` (`eqa_planning_id`)
) ENGINE=MyISAM DEFAULT CHARSET=utf8;

-- Dumping data for table eqa.tbl_eqa_round: 2 rows
/*!40000 ALTER TABLE `tbl_eqa_round` DISABLE KEYS */;
INSERT INTO `tbl_eqa_round` (`id`, `create_date`, `created_by`, `modified_by`, `modify_date`, `uuid_key`, `voided`, `code`, `end_date`, `is_active`, `name`, `start_date`, `eqa_planning_id`, `registration_expiry_date`, `registration_start_date`) VALUES
	('0969c811-64e0-4969-be67-0c4a652e8630', '2020-06-02 05:20:28', 'admin', 'admin', '2020-08-14 11:05:52', '5078845f-9430-4bf2-90ee-9a929cfa2e2f', NULL, 'VNK_T6-2020', '2020-09-30 05:00:00', b'1', 'Vòng ngoại kiểm tháng 6-2020', '2020-06-01 23:00:50', '04b02165-6c5a-4a6e-aa30-5fc0f14a2a8e', NULL, NULL),
	('0f1ae636-77ac-4c45-b947-d13e11aeeb6e', '2020-06-15 08:13:27', 'admin', 'admin', '2020-08-14 11:06:05', '54fb8d9d-b9a6-4cbe-8c47-660d94d06b45', NULL, '092020', '2020-09-30 05:00:00', b'1', 'Vòng ngoại kiểm tháng 9/2020', '2020-08-01 05:00:00', 'bd3c19dc-2aa9-4b86-9aa5-c203fcc5d07d', NULL, NULL);
/*!40000 ALTER TABLE `tbl_eqa_round` ENABLE KEYS */;

-- Dumping structure for table eqa.tbl_eqa_sample
CREATE TABLE IF NOT EXISTS `tbl_eqa_sample` (
  `id` varchar(255) NOT NULL,
  `create_date` datetime NOT NULL,
  `created_by` varchar(100) NOT NULL,
  `modified_by` varchar(100) DEFAULT NULL,
  `modify_date` datetime DEFAULT NULL,
  `uuid_key` varchar(255) DEFAULT NULL,
  `voided` bit(1) DEFAULT NULL,
  `additive_thrombin` double DEFAULT NULL,
  `centrifuge_date` datetime DEFAULT NULL,
  `code` varchar(255) DEFAULT NULL,
  `inactive_virus` bit(1) DEFAULT NULL,
  `name` varchar(255) DEFAULT NULL,
  `note` varchar(255) DEFAULT NULL,
  `remove_fibrin_date` datetime DEFAULT NULL,
  `status` int(11) DEFAULT NULL,
  `thrombin_added_date` datetime DEFAULT NULL,
  `volume_after_centrifuge` double DEFAULT NULL,
  `volume_after_remove_fibrin` double DEFAULT NULL,
  `volume_of_proclin_added` double DEFAULT NULL,
  `eqa_serum_bank_id` varchar(255) DEFAULT NULL,
  `dilution` int(11) DEFAULT NULL,
  PRIMARY KEY (`id`),
  KEY `FK3yxnkf06a5gqjfdnfsboacjuh` (`eqa_serum_bank_id`)
) ENGINE=MyISAM DEFAULT CHARSET=utf8;

-- Dumping data for table eqa.tbl_eqa_sample: 10 rows
/*!40000 ALTER TABLE `tbl_eqa_sample` DISABLE KEYS */;
INSERT INTO `tbl_eqa_sample` (`id`, `create_date`, `created_by`, `modified_by`, `modify_date`, `uuid_key`, `voided`, `additive_thrombin`, `centrifuge_date`, `code`, `inactive_virus`, `name`, `note`, `remove_fibrin_date`, `status`, `thrombin_added_date`, `volume_after_centrifuge`, `volume_after_remove_fibrin`, `volume_of_proclin_added`, `eqa_serum_bank_id`, `dilution`) VALUES
	('88b78e50-6c61-4d22-b211-65c4664cd8e6', '2020-06-02 09:37:31', 'admin', 'admin', '2020-06-02 09:37:31', 'b5b7d5ae-46ac-4cfa-b99a-ba72ac3f88b9', NULL, 100, '2020-06-02 09:31:42', 'PI 1.19- 1', b'0', 'PI 1.19- 1', 'test', '2020-06-02 09:31:42', 1, '2020-06-02 09:31:42', 100, 100, 100, NULL, NULL),
	('0c568c9d-d020-4759-9289-2883af8f8547', '2020-06-02 09:38:52', 'admin', 'admin', '2020-06-16 04:07:50', 'b972bedf-bb7a-4a99-861b-fff50f8818a9', NULL, 100, '2020-06-02 09:37:53', 'PI 1.19- 2', NULL, 'PI 1.19- 2', '323', '2020-06-02 09:37:53', -1, '2020-06-02 09:37:53', 100, 100, 100, NULL, NULL),
	('f4e7980c-238d-4579-a6aa-ac22425ff075', '2020-06-02 09:39:33', 'admin', 'admin', '2020-06-02 09:39:33', '4c7901e3-8f71-4266-9b04-79aa012e92be', NULL, 100, '2020-06-02 09:38:45', 'PI 1.19- 3', NULL, 'PI 1.19- 3', NULL, '2020-06-02 09:38:45', -1, '2020-06-02 09:38:45', 100, 100, 100, NULL, NULL),
	('87b049e2-b318-436e-aa03-e6042922af9a', '2020-06-02 09:40:03', 'admin', 'admin', '2020-06-02 09:40:03', '52259b03-17e1-4ddb-b726-c577f84ca2b7', NULL, 100, '2020-06-02 09:39:22', 'PI 1.19- 4', b'1', 'PI 1.19- 4', NULL, '2020-06-02 09:39:22', 1, '2020-06-02 09:39:22', 100, 100, 100, NULL, NULL),
	('8063bc96-3e7d-427f-adbb-fdd0be52487d', '2020-06-02 09:40:50', 'admin', 'admin', '2020-06-02 09:40:50', '328b26b4-7a18-438b-b62d-6d223f926bea', NULL, 100, '2020-06-02 09:39:59', 'PI 1.19- 5', NULL, 'PI 1.19- 5', 'Mẫu pha loãng lập lại ', '2020-06-02 09:39:59', 0, '2020-06-02 09:39:59', 100, 100, 100, NULL, NULL),
	('b1a35a8c-d898-4522-afd7-c6ffc8177710', '2020-06-02 09:41:24', 'admin', 'admin', '2020-06-02 09:41:24', '93b9b4cd-f53a-43d8-9704-c29a2a46f00f', NULL, 100, '2020-06-02 09:40:43', 'PI 1.19- 6', NULL, 'PI 1.19- 6', NULL, '2020-06-02 09:40:43', -1, '2020-06-02 09:40:43', 100, 100, 100, NULL, NULL),
	('760d9e43-75a8-49d9-8447-e1580a5a8627', '2020-06-02 09:41:54', 'admin', 'admin', '2020-06-02 09:41:54', '99b97655-52fd-49a9-977f-8ad76efad379', NULL, 100, '2020-06-02 09:41:15', 'PI 1.19- 7', NULL, 'PI 1.19- 7', NULL, '2020-06-02 09:41:15', -1, '2020-06-02 09:41:15', 100, 100, 100, NULL, NULL),
	('7da70399-f202-4e02-aa72-c5254ee09b83', '2020-06-02 09:42:31', 'admin', 'admin', '2020-06-02 09:42:31', '53c70164-d132-4d9d-adfd-27b9e08894c3', NULL, 100, '2020-06-02 09:41:44', 'PI 1.19- 8', b'1', 'PI 1.19- 8', 'Mẫu pha loãng lập lại ', '2020-06-02 09:41:44', 0, '2020-06-02 09:41:44', 100, 100, 100, NULL, NULL),
	('3fe50dac-961a-4020-8c7c-aec4cfd61021', '2020-06-23 09:51:10', 'admin', 'admin', '2020-06-23 09:51:10', 'b7ef1d6b-7ddb-4454-bc7c-781b139d0b3e', NULL, 3245, '2020-06-20 09:50:00', 'Test', b'1', 'Test', NULL, '2020-06-25 11:50:00', 1, '2020-06-24 11:50:00', 3458, 2347, 32457, NULL, NULL),
	('2efaf8e9-3b8a-4daf-85d2-7d9da766ba74', '2020-08-14 08:18:18', 'admin', 'admin', '2020-08-14 08:18:18', '5f8b3f90-a252-448d-b8b8-22cd2345ce3b', NULL, 0, '2020-08-14 08:13:46', 'PI-SAMPLE-001', b'1', 'PI-SAMPLE-001', NULL, '2020-08-14 08:13:46', 1, '2020-08-14 08:13:00', 0, 0, 0, NULL, NULL);
/*!40000 ALTER TABLE `tbl_eqa_sample` ENABLE KEYS */;

-- Dumping structure for table eqa.tbl_eqa_sample_bottle
CREATE TABLE IF NOT EXISTS `tbl_eqa_sample_bottle` (
  `id` varchar(255) NOT NULL,
  `create_date` datetime NOT NULL,
  `created_by` varchar(100) NOT NULL,
  `modified_by` varchar(100) DEFAULT NULL,
  `modify_date` datetime DEFAULT NULL,
  `uuid_key` varchar(255) DEFAULT NULL,
  `voided` bit(1) DEFAULT NULL,
  `eqa_sample_id` varchar(255) DEFAULT NULL,
  `eqa_serum_bottle_id` varchar(255) DEFAULT NULL,
  `eqa_sample_bottle_id` varchar(255) DEFAULT NULL,
  PRIMARY KEY (`id`),
  KEY `FKsv3q2pvqqhpj5ml2sxp8w4sgs` (`eqa_sample_id`),
  KEY `FK57x6k9b6qf8asj8m3dpfqi6sl` (`eqa_serum_bottle_id`),
  KEY `FKcnug754fyg4hyctaje8axisfc` (`eqa_sample_bottle_id`)
) ENGINE=MyISAM DEFAULT CHARSET=utf8;

-- Dumping data for table eqa.tbl_eqa_sample_bottle: 47 rows
/*!40000 ALTER TABLE `tbl_eqa_sample_bottle` DISABLE KEYS */;
INSERT INTO `tbl_eqa_sample_bottle` (`id`, `create_date`, `created_by`, `modified_by`, `modify_date`, `uuid_key`, `voided`, `eqa_sample_id`, `eqa_serum_bottle_id`, `eqa_sample_bottle_id`) VALUES
	('7a20d333-558e-46d4-9887-a435b24f9a7f', '2020-06-02 09:37:31', 'admin', 'admin', '2020-06-02 09:37:31', 'a4e69ad1-cb96-471f-be8c-83a41d5f746a', NULL, '88b78e50-6c61-4d22-b211-65c4664cd8e6', '43f59a2c-b17d-4683-8e31-abaa388c715a', NULL),
	('dc854070-f82a-4947-a855-97d9073a6b22', '2020-06-02 09:37:31', 'admin', 'admin', '2020-06-02 09:37:31', '7756cb86-e554-4a4d-9cc0-a72c32ab2c6a', NULL, '88b78e50-6c61-4d22-b211-65c4664cd8e6', 'bd7b88ab-07b5-4215-9439-02c4e6b5852d', NULL),
	('3e58b043-7946-487b-901d-14d82bf67746', '2020-06-02 09:37:31', 'admin', 'admin', '2020-06-02 09:37:31', '469f8f04-248a-4a75-82c9-3bad0ffd3784', NULL, '88b78e50-6c61-4d22-b211-65c4664cd8e6', '2d2598f5-48a4-47c0-b5be-dab8c909ad08', NULL),
	('832733b3-51cd-4cc3-aa00-26e0c4b43dd2', '2020-06-02 09:37:31', 'admin', 'admin', '2020-06-02 09:37:31', '6de5728f-a83a-4fc4-a505-3fddf91765dd', NULL, '88b78e50-6c61-4d22-b211-65c4664cd8e6', '1692869a-2f6c-4da2-9293-aa802cab6dce', NULL),
	('89a00988-e981-49b9-bf4e-b5278c5031e3', '2020-06-02 09:37:31', 'admin', 'admin', '2020-06-02 09:37:31', 'e257110e-e85c-4ca4-b7c9-90d5f8872f83', NULL, '88b78e50-6c61-4d22-b211-65c4664cd8e6', '7808bf79-3aa5-4986-aa24-01b609da7fbd', NULL),
	('fbfd5378-49c7-4c2e-8af8-6c2b74daffae', '2020-06-02 09:39:33', 'admin', 'admin', '2020-06-02 09:39:33', '788f3a5e-c1bc-4e7c-96b0-7214954d2c0a', NULL, 'f4e7980c-238d-4579-a6aa-ac22425ff075', '14c7b5ea-d874-4cc8-9f0c-d7bc3beceb42', NULL),
	('b7f4c644-32f4-41c1-873b-14c8b604acc8', '2020-06-02 09:39:33', 'admin', 'admin', '2020-06-02 09:39:33', '00c0a3d7-e437-4a9e-b505-676487598f92', NULL, 'f4e7980c-238d-4579-a6aa-ac22425ff075', '14c7b5ea-d874-4cc8-9f0c-d7bc3beceb42', NULL),
	('e6c4a639-06ba-4c1f-8e31-b5747ff03196', '2020-06-02 09:39:33', 'admin', 'admin', '2020-06-02 09:39:33', '2e138ac3-ac10-48ad-a9ad-c2b8932e3fc9', NULL, 'f4e7980c-238d-4579-a6aa-ac22425ff075', '14c7b5ea-d874-4cc8-9f0c-d7bc3beceb42', NULL),
	('7a073b20-05d3-479d-9afd-fd09b67be938', '2020-06-02 09:39:33', 'admin', 'admin', '2020-06-02 09:39:33', '9d0b6915-557c-4b6d-b3fb-816f3ae30c01', NULL, 'f4e7980c-238d-4579-a6aa-ac22425ff075', '43f59a2c-b17d-4683-8e31-abaa388c715a', NULL),
	('6764862a-ea0c-4dab-9c0f-266e3592cbb3', '2020-06-02 09:39:33', 'admin', 'admin', '2020-06-02 09:39:33', '40905b88-e924-430c-8688-f188cb199df6', NULL, 'f4e7980c-238d-4579-a6aa-ac22425ff075', '14c7b5ea-d874-4cc8-9f0c-d7bc3beceb42', NULL),
	('f7e18d0c-e6dd-405b-9c46-c32bbed64676', '2020-06-02 09:39:33', 'admin', 'admin', '2020-06-02 09:39:33', 'f385727f-71e9-47bd-a227-82c4646fbf56', NULL, 'f4e7980c-238d-4579-a6aa-ac22425ff075', '14c7b5ea-d874-4cc8-9f0c-d7bc3beceb42', NULL),
	('a4152a98-8e98-470a-acb0-a0a03a8f62f5', '2020-06-02 09:40:03', 'admin', 'admin', '2020-06-02 09:40:03', '161c04e4-1fa7-4cff-af7a-dfabf6d5fc82', NULL, '87b049e2-b318-436e-aa03-e6042922af9a', '43f59a2c-b17d-4683-8e31-abaa388c715a', NULL),
	('dd977cb6-6df4-4404-a4df-b4d1a020314f', '2020-06-02 09:40:03', 'admin', 'admin', '2020-06-02 09:40:03', '6df90aab-2e77-49e6-b857-313099e79933', NULL, '87b049e2-b318-436e-aa03-e6042922af9a', '14c7b5ea-d874-4cc8-9f0c-d7bc3beceb42', NULL),
	('a2b58784-9f0c-47fe-8f6d-199337280377', '2020-06-02 09:40:03', 'admin', 'admin', '2020-06-02 09:40:03', '5152aefa-647e-4dbf-b872-d5257803b955', NULL, '87b049e2-b318-436e-aa03-e6042922af9a', '14c7b5ea-d874-4cc8-9f0c-d7bc3beceb42', NULL),
	('3f9f1734-4f1e-40df-9c95-2100d38b16f0', '2020-06-02 09:40:03', 'admin', 'admin', '2020-06-02 09:40:03', 'ba638c13-49bc-4ab7-a996-e885d0e5ddaf', NULL, '87b049e2-b318-436e-aa03-e6042922af9a', '14c7b5ea-d874-4cc8-9f0c-d7bc3beceb42', NULL),
	('55bc74d8-4ae5-4ba8-a23a-431a01eaf170', '2020-06-02 09:40:03', 'admin', 'admin', '2020-06-02 09:40:03', '684749cb-2711-489a-9e37-ca41ad930211', NULL, '87b049e2-b318-436e-aa03-e6042922af9a', '14c7b5ea-d874-4cc8-9f0c-d7bc3beceb42', NULL),
	('75850aac-6a6e-4c0f-b737-a505e070b9b2', '2020-06-02 09:40:03', 'admin', 'admin', '2020-06-02 09:40:03', 'c7c391a3-f1e5-4085-a195-7081dbb3f417', NULL, '87b049e2-b318-436e-aa03-e6042922af9a', '14c7b5ea-d874-4cc8-9f0c-d7bc3beceb42', NULL),
	('4f7ba42f-98b0-4c30-b7ec-400521e59076', '2020-06-02 09:40:50', 'admin', 'admin', '2020-06-02 09:40:50', 'b498820a-ef99-437a-8c12-0d80582e2f93', NULL, '8063bc96-3e7d-427f-adbb-fdd0be52487d', '14c7b5ea-d874-4cc8-9f0c-d7bc3beceb42', NULL),
	('fade4509-6fa4-4355-849c-4555b5e0b519', '2020-06-02 09:40:50', 'admin', 'admin', '2020-06-02 09:40:50', '315311d5-00a9-4975-9603-3c3cb8530918', NULL, '8063bc96-3e7d-427f-adbb-fdd0be52487d', 'd5767114-9423-4ea3-9b67-32ee427eaaa7', NULL),
	('e38ae9a8-7761-4eb7-bd8d-cce1eedc0c12', '2020-06-02 09:40:50', 'admin', 'admin', '2020-06-02 09:40:50', '495d9194-9884-4066-9767-cbf0ee3a3e09', NULL, '8063bc96-3e7d-427f-adbb-fdd0be52487d', '7a567096-c060-471d-b84f-6ba4808bb9f6', NULL),
	('52037371-24b0-43cc-bacd-f1f9db517cc3', '2020-06-02 09:40:50', 'admin', 'admin', '2020-06-02 09:40:50', '9afa5ff9-2a35-45af-8736-dc29338dea3f', NULL, '8063bc96-3e7d-427f-adbb-fdd0be52487d', '59839c5d-2d50-4135-a35f-16e99a31465b', NULL),
	('d5f9ce76-6231-4ecd-ae9a-e228f6562132', '2020-06-02 09:40:50', 'admin', 'admin', '2020-06-02 09:40:50', 'af005802-0089-4081-9a5b-f4ef337107b1', NULL, '8063bc96-3e7d-427f-adbb-fdd0be52487d', '516713d2-6ebe-4250-a4fa-a0fbc0afb0e1', NULL),
	('0f2f9444-ef39-41c6-a41d-ede93ee83454', '2020-06-02 09:40:50', 'admin', 'admin', '2020-06-02 09:40:50', '2b28992c-cea7-46c6-b59b-ea9a39de6a08', NULL, '8063bc96-3e7d-427f-adbb-fdd0be52487d', '49280d17-1472-4318-854c-f4aa42da3390', NULL),
	('f26997d4-d3e4-4a3b-acd5-1e522178859f', '2020-06-02 09:40:50', 'admin', 'admin', '2020-06-02 09:40:50', '58900593-29f8-4ee0-ac23-7e828352ac97', NULL, '8063bc96-3e7d-427f-adbb-fdd0be52487d', '5c8f31f6-c63e-4208-8c3b-a8d7c13c2cdd', NULL),
	('790f972d-bbab-4329-a6fd-06cadd835fc7', '2020-06-02 09:41:24', 'admin', 'admin', '2020-06-02 09:41:24', '44223633-7558-47e2-b7db-5e6a1b5cb5d9', NULL, 'b1a35a8c-d898-4522-afd7-c6ffc8177710', '1692869a-2f6c-4da2-9293-aa802cab6dce', NULL),
	('9432dadd-992f-471a-8c25-4082eaab845a', '2020-06-02 09:41:24', 'admin', 'admin', '2020-06-02 09:41:24', 'e92fcf3c-83dc-40ac-b1e9-660c1b720cb4', NULL, 'b1a35a8c-d898-4522-afd7-c6ffc8177710', '2d2598f5-48a4-47c0-b5be-dab8c909ad08', NULL),
	('b75e1bb3-a6b9-44ff-88be-0fdfc7dc4ec3', '2020-06-02 09:41:24', 'admin', 'admin', '2020-06-02 09:41:24', 'd25b7ab5-a085-40e0-a27a-7200c0661af9', NULL, 'b1a35a8c-d898-4522-afd7-c6ffc8177710', '43f59a2c-b17d-4683-8e31-abaa388c715a', NULL),
	('993bdb5e-74c1-40ef-9c5f-69f9052d232b', '2020-06-02 09:41:24', 'admin', 'admin', '2020-06-02 09:41:24', '4f2849d6-2532-49b3-a5e7-1e2ccecb7059', NULL, 'b1a35a8c-d898-4522-afd7-c6ffc8177710', 'bd7b88ab-07b5-4215-9439-02c4e6b5852d', NULL),
	('67558c8c-efc5-4197-8aea-0331b519cf9f', '2020-06-02 09:41:24', 'admin', 'admin', '2020-06-02 09:41:24', '1ca417a9-01cf-4401-a1d5-5f8486c1be61', NULL, 'b1a35a8c-d898-4522-afd7-c6ffc8177710', '7808bf79-3aa5-4986-aa24-01b609da7fbd', NULL),
	('8ab71f02-d2e8-48c2-9deb-11f21cbcdeda', '2020-06-02 09:41:54', 'admin', 'admin', '2020-06-02 09:41:54', '8c1afaa2-e3e9-4178-85e5-c1e3427c24bc', NULL, '760d9e43-75a8-49d9-8447-e1580a5a8627', '14c7b5ea-d874-4cc8-9f0c-d7bc3beceb42', NULL),
	('d0db4d6f-8068-4368-963b-2c77018293f9', '2020-06-02 09:41:54', 'admin', 'admin', '2020-06-02 09:41:54', '57abe5f5-4bc8-4d90-bef8-eff3a891d7d3', NULL, '760d9e43-75a8-49d9-8447-e1580a5a8627', '14c7b5ea-d874-4cc8-9f0c-d7bc3beceb42', NULL),
	('aea6a15e-771e-4d77-a8cf-6d010e071c38', '2020-06-02 09:41:54', 'admin', 'admin', '2020-06-02 09:41:54', 'ff6b939d-5b98-47e2-b9cf-ad15bd3b37d9', NULL, '760d9e43-75a8-49d9-8447-e1580a5a8627', '14c7b5ea-d874-4cc8-9f0c-d7bc3beceb42', NULL),
	('388bbe51-d81a-43ee-a126-e8266053642f', '2020-06-02 09:41:54', 'admin', 'admin', '2020-06-02 09:41:54', '6fd8cea6-8a2f-4398-b09c-eb9c76bb5935', NULL, '760d9e43-75a8-49d9-8447-e1580a5a8627', '43f59a2c-b17d-4683-8e31-abaa388c715a', NULL),
	('a7e13bd2-ef3a-4baa-ad3a-38b99df632f8', '2020-06-02 09:41:54', 'admin', 'admin', '2020-06-02 09:41:54', '9d82c2d1-c5e1-4af5-9094-0843c4d5a910', NULL, '760d9e43-75a8-49d9-8447-e1580a5a8627', '14c7b5ea-d874-4cc8-9f0c-d7bc3beceb42', NULL),
	('ec198a17-d829-4012-817e-6f4a15477769', '2020-06-02 09:41:54', 'admin', 'admin', '2020-06-02 09:41:54', '234ddba2-6c92-4914-8de0-9a158a4e77ff', NULL, '760d9e43-75a8-49d9-8447-e1580a5a8627', '14c7b5ea-d874-4cc8-9f0c-d7bc3beceb42', NULL),
	('d60a9b31-b163-400c-b5cf-ae39cd283b3b', '2020-06-02 09:42:31', 'admin', 'admin', '2020-06-02 09:42:31', '2af1d607-4f18-4766-b34d-eb5838099312', NULL, '7da70399-f202-4e02-aa72-c5254ee09b83', '43f59a2c-b17d-4683-8e31-abaa388c715a', NULL),
	('c2d8f368-3ac1-44c0-84b0-110e4d2b755b', '2020-06-02 09:42:31', 'admin', 'admin', '2020-06-02 09:42:31', 'faf11a86-a270-4345-99d8-3289d91a9b6d', NULL, '7da70399-f202-4e02-aa72-c5254ee09b83', '7808bf79-3aa5-4986-aa24-01b609da7fbd', NULL),
	('9ff59dc0-23e0-492b-ba9e-650883bd21b9', '2020-06-02 09:42:31', 'admin', 'admin', '2020-06-02 09:42:31', '56c8cb00-09f5-4160-9aef-2ceb25895dee', NULL, '7da70399-f202-4e02-aa72-c5254ee09b83', 'bd7b88ab-07b5-4215-9439-02c4e6b5852d', NULL),
	('d53e5192-48ae-45dd-a277-244c5847445f', '2020-06-02 09:42:31', 'admin', 'admin', '2020-06-02 09:42:31', '456df1a5-f483-4941-826d-ce317136c917', NULL, '7da70399-f202-4e02-aa72-c5254ee09b83', '2d2598f5-48a4-47c0-b5be-dab8c909ad08', NULL),
	('928ad7e1-3322-4e66-9eec-bfd332876a99', '2020-06-02 09:42:31', 'admin', 'admin', '2020-06-02 09:42:31', 'dd927a83-4f5c-4c74-85b6-ba157bb5b8ea', NULL, '7da70399-f202-4e02-aa72-c5254ee09b83', '1692869a-2f6c-4da2-9293-aa802cab6dce', NULL),
	('5534e388-d0f4-4ea6-abe8-26b890d10065', '2020-06-16 04:07:50', 'admin', 'admin', '2020-06-16 04:07:50', '2eb0f0db-b6d5-4168-8458-a9fd9a1f05aa', NULL, '0c568c9d-d020-4759-9289-2883af8f8547', '43f59a2c-b17d-4683-8e31-abaa388c715a', NULL),
	('c279333b-59f2-4022-a24a-8d55f5678d78', '2020-06-16 04:07:50', 'admin', 'admin', '2020-06-16 04:07:50', '65fb1e06-39d3-42ef-8831-916e39209863', NULL, '0c568c9d-d020-4759-9289-2883af8f8547', '14c7b5ea-d874-4cc8-9f0c-d7bc3beceb42', NULL),
	('7e36d5a6-a4d9-42d5-966f-24e829fe5ee0', '2020-06-23 09:51:10', 'admin', 'admin', '2020-06-23 09:51:10', '0c78d01b-023e-4406-8763-9d07e6168783', NULL, '3fe50dac-961a-4020-8c7c-aec4cfd61021', '14c7b5ea-d874-4cc8-9f0c-d7bc3beceb42', NULL),
	('c8856d28-0be5-4fc5-8775-483f701be105', '2020-06-23 09:51:49', 'admin', 'admin', '2020-06-23 09:51:49', 'b5f1f522-3b6b-48af-ba58-bca99ef7c9fb', NULL, '3fe50dac-961a-4020-8c7c-aec4cfd61021', '14c7b5ea-d874-4cc8-9f0c-d7bc3beceb42', NULL),
	('bd85ec52-6a5b-4b4d-9403-344179099dfd', '2020-08-14 08:18:18', 'admin', 'admin', '2020-08-14 08:18:18', '92984eb3-51a7-416e-865e-3bb933b55e67', NULL, '2efaf8e9-3b8a-4daf-85d2-7d9da766ba74', '3ca80916-7248-46a8-a7be-6be9d17831cd', NULL),
	('862b959a-c808-46ac-89ae-12132fd70973', '2020-08-14 08:18:18', 'admin', 'admin', '2020-08-14 08:18:18', 'acaa4221-78af-4d79-b911-58643e082a28', NULL, '2efaf8e9-3b8a-4daf-85d2-7d9da766ba74', 'af522b1d-03c1-47c5-b190-efaa7700def7', NULL),
	('44f02e30-965a-4977-930b-977a0d97040a', '2020-08-14 08:18:18', 'admin', 'admin', '2020-08-14 08:18:18', '06c00134-d5f2-4e98-9938-f24954d2d9b7', NULL, '2efaf8e9-3b8a-4daf-85d2-7d9da766ba74', 'edc4edf9-a946-43ea-a221-a4b1c8d35180', NULL);
/*!40000 ALTER TABLE `tbl_eqa_sample_bottle` ENABLE KEYS */;

-- Dumping structure for table eqa.tbl_eqa_sample_set
CREATE TABLE IF NOT EXISTS `tbl_eqa_sample_set` (
  `id` varchar(255) NOT NULL,
  `create_date` datetime NOT NULL,
  `created_by` varchar(100) NOT NULL,
  `modified_by` varchar(100) DEFAULT NULL,
  `modify_date` datetime DEFAULT NULL,
  `uuid_key` varchar(255) DEFAULT NULL,
  `voided` bit(1) DEFAULT NULL,
  `code` varchar(255) DEFAULT NULL,
  `name` varchar(255) DEFAULT NULL,
  `eqa_round_id` varchar(255) DEFAULT NULL,
  PRIMARY KEY (`id`),
  KEY `FKkgwxoanrx9sh7f4kwkn7dc3xi` (`eqa_round_id`)
) ENGINE=MyISAM DEFAULT CHARSET=utf8;

-- Dumping data for table eqa.tbl_eqa_sample_set: 2 rows
/*!40000 ALTER TABLE `tbl_eqa_sample_set` DISABLE KEYS */;
INSERT INTO `tbl_eqa_sample_set` (`id`, `create_date`, `created_by`, `modified_by`, `modify_date`, `uuid_key`, `voided`, `code`, `name`, `eqa_round_id`) VALUES
	('314dfc7a-5b02-4458-857b-289de3c6e1b8', '2020-06-02 09:44:34', 'admin', 'admin', '2020-06-02 09:44:34', '22674217-3919-40ef-8f55-9be917554f5c', NULL, 'Set 1', 'Dành cho đơn vị có mã số chia hết cho 10', '0969c811-64e0-4969-be67-0c4a652e8630'),
	('0db5b47a-0c4f-492b-9df8-cdd369317a5d', '2020-06-02 09:45:28', 'admin', 'admin', '2020-06-02 09:45:28', '48c4d817-1ebb-48fc-89b1-b2eb91b4132a', NULL, 'Set 2', 'Dành cho đơn vị còn lại', '0969c811-64e0-4969-be67-0c4a652e8630');
/*!40000 ALTER TABLE `tbl_eqa_sample_set` ENABLE KEYS */;

-- Dumping structure for table eqa.tbl_eqa_sample_set_detail
CREATE TABLE IF NOT EXISTS `tbl_eqa_sample_set_detail` (
  `id` varchar(255) NOT NULL,
  `create_date` datetime NOT NULL,
  `created_by` varchar(100) NOT NULL,
  `modified_by` varchar(100) DEFAULT NULL,
  `modify_date` datetime DEFAULT NULL,
  `uuid_key` varchar(255) DEFAULT NULL,
  `voided` bit(1) DEFAULT NULL,
  `code` varchar(255) DEFAULT NULL,
  `name` varchar(255) DEFAULT NULL,
  `order_number` int(11) DEFAULT NULL,
  `eqa_sample_id` varchar(255) DEFAULT NULL,
  `eqa_sample_set_id` varchar(255) DEFAULT NULL,
  PRIMARY KEY (`id`),
  KEY `FKi6i1vrby92f0jtpya1wkmhvlr` (`eqa_sample_id`),
  KEY `FKklatwlelyav6ed5uj2fa4vn5r` (`eqa_sample_set_id`)
) ENGINE=MyISAM DEFAULT CHARSET=utf8;

-- Dumping data for table eqa.tbl_eqa_sample_set_detail: 16 rows
/*!40000 ALTER TABLE `tbl_eqa_sample_set_detail` DISABLE KEYS */;
INSERT INTO `tbl_eqa_sample_set_detail` (`id`, `create_date`, `created_by`, `modified_by`, `modify_date`, `uuid_key`, `voided`, `code`, `name`, `order_number`, `eqa_sample_id`, `eqa_sample_set_id`) VALUES
	('163ea8eb-5b6d-44e8-99b7-9218f86cdac9', '2020-06-02 09:44:34', 'admin', 'admin', '2020-06-02 09:44:34', 'a0f9275e-a6de-41d1-aadb-0c6357ba5330', NULL, NULL, NULL, 7, '760d9e43-75a8-49d9-8447-e1580a5a8627', '314dfc7a-5b02-4458-857b-289de3c6e1b8'),
	('44edcddf-74ee-4243-bc4c-ea53dfda0785', '2020-06-02 09:44:34', 'admin', 'admin', '2020-06-02 09:44:34', '572dfa5a-fd59-4948-ba1b-b3e1691dc557', NULL, NULL, NULL, 2, '0c568c9d-d020-4759-9289-2883af8f8547', '314dfc7a-5b02-4458-857b-289de3c6e1b8'),
	('e60c5af4-3382-4795-8a6c-72ffa3485acf', '2020-06-02 09:44:34', 'admin', 'admin', '2020-06-02 09:44:34', 'dcbe33a5-8967-460e-a33b-daac68687ae4', NULL, NULL, NULL, 4, 'f4e7980c-238d-4579-a6aa-ac22425ff075', '314dfc7a-5b02-4458-857b-289de3c6e1b8'),
	('c90e12f4-7be5-4b18-a8c8-9482d0149b8f', '2020-06-02 09:44:34', 'admin', 'admin', '2020-06-02 09:44:34', '50f4de7a-21ee-4413-bb2c-b11e6f970282', NULL, NULL, NULL, 5, '8063bc96-3e7d-427f-adbb-fdd0be52487d', '314dfc7a-5b02-4458-857b-289de3c6e1b8'),
	('9eadbd99-6d24-41f6-98cc-3f8405c55ed8', '2020-06-02 09:44:34', 'admin', 'admin', '2020-06-02 09:44:34', '2b7d2577-b0dd-43d3-8169-cfd3b6e7d7d8', NULL, NULL, NULL, 3, '87b049e2-b318-436e-aa03-e6042922af9a', '314dfc7a-5b02-4458-857b-289de3c6e1b8'),
	('673dba39-340d-431b-ad5f-5fad776adc06', '2020-06-02 09:44:34', 'admin', 'admin', '2020-06-02 09:44:34', '63d8d65d-abaf-46f7-9049-7448aa7960f5', NULL, NULL, NULL, 6, 'b1a35a8c-d898-4522-afd7-c6ffc8177710', '314dfc7a-5b02-4458-857b-289de3c6e1b8'),
	('a99a3878-1e64-4dc7-bb0b-fa58b39018f6', '2020-06-02 09:44:34', 'admin', 'admin', '2020-06-02 09:44:34', 'fd73d2cb-c0c6-4de8-acd2-c60c34768d2f', NULL, NULL, NULL, 1, '88b78e50-6c61-4d22-b211-65c4664cd8e6', '314dfc7a-5b02-4458-857b-289de3c6e1b8'),
	('0628ab14-94a1-4952-9ee8-75704a8071af', '2020-06-02 09:44:34', 'admin', 'admin', '2020-06-02 09:44:34', '36b3a881-20c1-4c6c-9100-ce537245af4f', NULL, NULL, NULL, 8, '7da70399-f202-4e02-aa72-c5254ee09b83', '314dfc7a-5b02-4458-857b-289de3c6e1b8'),
	('698fc98f-98ab-4a99-8438-6083e543b323', '2020-06-02 09:45:28', 'admin', 'admin', '2020-06-02 09:45:28', 'd91c586b-a741-4959-a2d6-134d006886a8', NULL, NULL, NULL, 2, '0c568c9d-d020-4759-9289-2883af8f8547', '0db5b47a-0c4f-492b-9df8-cdd369317a5d'),
	('15afd949-25f4-4f69-bf45-cf0e3c91c988', '2020-06-02 09:45:28', 'admin', 'admin', '2020-06-02 09:45:28', '101a775a-45c3-44b5-9a64-93424e2ba29d', NULL, NULL, NULL, 5, '8063bc96-3e7d-427f-adbb-fdd0be52487d', '0db5b47a-0c4f-492b-9df8-cdd369317a5d'),
	('816c86fc-9c81-4bd4-9d84-beee8ef148de', '2020-06-02 09:45:28', 'admin', 'admin', '2020-06-02 09:45:28', 'b796ed85-8f43-43d3-8320-73310dcea1da', NULL, NULL, NULL, 8, '7da70399-f202-4e02-aa72-c5254ee09b83', '0db5b47a-0c4f-492b-9df8-cdd369317a5d'),
	('9a5e5ef8-54b6-42c6-8ea3-289b24ad37dc', '2020-06-02 09:45:28', 'admin', 'admin', '2020-06-02 09:45:28', '2bf42170-abbf-4048-bdc9-40d78a2a07cf', NULL, NULL, NULL, 1, '88b78e50-6c61-4d22-b211-65c4664cd8e6', '0db5b47a-0c4f-492b-9df8-cdd369317a5d'),
	('f60ae3be-c749-4855-ab35-abc86c4edd6c', '2020-06-02 09:45:28', 'admin', 'admin', '2020-06-02 09:45:28', 'decce723-c814-4b21-b263-d316e3c261e9', NULL, NULL, NULL, 7, '760d9e43-75a8-49d9-8447-e1580a5a8627', '0db5b47a-0c4f-492b-9df8-cdd369317a5d'),
	('5090534c-0193-45a9-b960-78dbaed9f9d5', '2020-06-02 09:45:28', 'admin', 'admin', '2020-06-02 09:45:28', 'af6ee3c3-8dd0-4414-a9f5-0071e59d22a2', NULL, NULL, NULL, 6, 'b1a35a8c-d898-4522-afd7-c6ffc8177710', '0db5b47a-0c4f-492b-9df8-cdd369317a5d'),
	('9bec582e-81de-46d1-be33-a02d60a57b59', '2020-06-02 09:45:28', 'admin', 'admin', '2020-06-02 09:45:28', '174e350a-3618-4f6f-b21f-2b83e0dc40a0', NULL, NULL, NULL, 3, 'f4e7980c-238d-4579-a6aa-ac22425ff075', '0db5b47a-0c4f-492b-9df8-cdd369317a5d'),
	('29658b4b-1b3d-48b6-a91e-e0f4e9043e44', '2020-06-02 09:45:28', 'admin', 'admin', '2020-06-02 09:45:28', '20f1e3a8-fab2-41d3-8b13-859ec430eef2', NULL, NULL, NULL, 4, '87b049e2-b318-436e-aa03-e6042922af9a', '0db5b47a-0c4f-492b-9df8-cdd369317a5d');
/*!40000 ALTER TABLE `tbl_eqa_sample_set_detail` ENABLE KEYS */;

-- Dumping structure for table eqa.tbl_eqa_sample_tube
CREATE TABLE IF NOT EXISTS `tbl_eqa_sample_tube` (
  `id` varchar(255) NOT NULL,
  `create_date` datetime NOT NULL,
  `created_by` varchar(100) NOT NULL,
  `modified_by` varchar(100) DEFAULT NULL,
  `modify_date` datetime DEFAULT NULL,
  `uuid_key` varchar(255) DEFAULT NULL,
  `voided` bit(1) DEFAULT NULL,
  `code` varchar(255) DEFAULT NULL,
  `last_result_from_lab` int(11) DEFAULT NULL,
  `name` varchar(255) DEFAULT NULL,
  `note` varchar(255) DEFAULT NULL,
  `status` int(11) DEFAULT NULL,
  `type` int(11) DEFAULT NULL,
  `volume` double DEFAULT NULL,
  `eqa_round_id` varchar(255) DEFAULT NULL,
  `eqa_sample_id` varchar(255) DEFAULT NULL,
  `eqa_sample_bottle_id` varchar(255) DEFAULT NULL,
  `health_org_id` varchar(255) DEFAULT NULL,
  `health_org_round_id` varchar(255) DEFAULT NULL,
  `sample_set_detail_id` varchar(255) DEFAULT NULL,
  PRIMARY KEY (`id`),
  KEY `FKemwu2wg09fn7tel0k4x5h8iqc` (`eqa_round_id`),
  KEY `FK3emahxkf8wuk9fcf1rocqibnm` (`eqa_sample_id`),
  KEY `FKtpph95gl4gtd0t1wbet5k3cpw` (`eqa_sample_bottle_id`),
  KEY `FK6hybvev7yas8dd4nnbicch1s2` (`health_org_id`),
  KEY `FKm6dhr8qbftvtboemrwjm6yfmj` (`health_org_round_id`),
  KEY `FKkcu9vcioab8vjq8ilv5dhfx7f` (`sample_set_detail_id`)
) ENGINE=MyISAM DEFAULT CHARSET=utf8;

-- Dumping data for table eqa.tbl_eqa_sample_tube: 440 rows
/*!40000 ALTER TABLE `tbl_eqa_sample_tube` DISABLE KEYS */;
INSERT INTO `tbl_eqa_sample_tube` (`id`, `create_date`, `created_by`, `modified_by`, `modify_date`, `uuid_key`, `voided`, `code`, `last_result_from_lab`, `name`, `note`, `status`, `type`, `volume`, `eqa_round_id`, `eqa_sample_id`, `eqa_sample_bottle_id`, `health_org_id`, `health_org_round_id`, `sample_set_detail_id`) VALUES
	('a9ac2542-5d68-4a95-855a-0a2cf96f3018', '2020-08-13 12:08:55', 'admin', 'admin', '2020-08-13 12:08:55', '1dbb6211-b12a-4c86-a606-d165fc12c115', NULL, NULL, NULL, NULL, NULL, 0, 1, 0, '0969c811-64e0-4969-be67-0c4a652e8630', '0c568c9d-d020-4759-9289-2883af8f8547', NULL, '0124b114-c587-441c-9c58-effaa6564b22', '2060b8ea-0d61-41a3-8339-a8a10647d2c7', '698fc98f-98ab-4a99-8438-6083e543b323'),
	('c9b15dd0-f55e-482c-967e-2a6903dd2ac7', '2020-08-13 12:08:55', 'admin', 'admin', '2020-08-13 12:08:55', '542952ff-9e8b-4680-bb40-1234c5044646', NULL, NULL, NULL, NULL, NULL, 0, 1, 0, '0969c811-64e0-4969-be67-0c4a652e8630', 'f4e7980c-238d-4579-a6aa-ac22425ff075', NULL, '0124b114-c587-441c-9c58-effaa6564b22', '2060b8ea-0d61-41a3-8339-a8a10647d2c7', '9bec582e-81de-46d1-be33-a02d60a57b59'),
	('04689d51-1d97-4282-ae4e-c17b6d4079d8', '2020-08-13 12:08:55', 'admin', 'admin', '2020-08-13 12:08:55', '3e96e1e7-b4e4-412f-9fda-01562713ae36', NULL, NULL, NULL, NULL, NULL, 0, 1, 0, '0969c811-64e0-4969-be67-0c4a652e8630', '760d9e43-75a8-49d9-8447-e1580a5a8627', NULL, '0124b114-c587-441c-9c58-effaa6564b22', '2060b8ea-0d61-41a3-8339-a8a10647d2c7', 'f60ae3be-c749-4855-ab35-abc86c4edd6c'),
	('85bcf0a0-fdbc-478b-8b58-5f04bdad824e', '2020-08-13 12:08:55', 'admin', 'admin', '2020-08-13 12:08:55', 'cc9b4d81-6940-46f6-85f0-bbf20daed4f1', NULL, NULL, NULL, NULL, NULL, 0, 1, 0, '0969c811-64e0-4969-be67-0c4a652e8630', '88b78e50-6c61-4d22-b211-65c4664cd8e6', NULL, '0124b114-c587-441c-9c58-effaa6564b22', '2060b8ea-0d61-41a3-8339-a8a10647d2c7', '9a5e5ef8-54b6-42c6-8ea3-289b24ad37dc'),
	('f1aa54a9-a080-4c8b-a8f7-8e93ea44a27b', '2020-08-13 12:08:55', 'admin', 'admin', '2020-08-13 12:08:55', 'e47b6eb7-3669-43e1-b7d8-93ed7e63e952', NULL, NULL, NULL, NULL, NULL, 0, 1, 0, '0969c811-64e0-4969-be67-0c4a652e8630', 'b1a35a8c-d898-4522-afd7-c6ffc8177710', NULL, '0124b114-c587-441c-9c58-effaa6564b22', '2060b8ea-0d61-41a3-8339-a8a10647d2c7', '5090534c-0193-45a9-b960-78dbaed9f9d5'),
	('71703669-9591-4b1e-9ac0-d5eca2f2d5e8', '2020-08-13 12:08:55', 'admin', 'admin', '2020-08-13 12:08:55', 'e1ea57d9-8ac9-4d86-adf5-8bc6d845625d', NULL, NULL, NULL, NULL, NULL, 0, 1, 0, '0969c811-64e0-4969-be67-0c4a652e8630', '7da70399-f202-4e02-aa72-c5254ee09b83', NULL, '0124b114-c587-441c-9c58-effaa6564b22', '2060b8ea-0d61-41a3-8339-a8a10647d2c7', '816c86fc-9c81-4bd4-9d84-beee8ef148de'),
	('424256ea-d952-49c3-b1e2-4ef277c50b37', '2020-08-13 12:08:55', 'admin', 'admin', '2020-08-13 12:08:55', '5686cc1a-9329-4631-be69-5deac6c899bc', NULL, NULL, NULL, NULL, NULL, 0, 1, 0, '0969c811-64e0-4969-be67-0c4a652e8630', '87b049e2-b318-436e-aa03-e6042922af9a', NULL, '0124b114-c587-441c-9c58-effaa6564b22', '2060b8ea-0d61-41a3-8339-a8a10647d2c7', '29658b4b-1b3d-48b6-a91e-e0f4e9043e44'),
	('a6e560b1-d565-43e9-9822-09abcade1fa3', '2020-08-13 12:08:55', 'admin', 'admin', '2020-08-13 12:08:55', '0cf79cfe-ba35-4a7b-85f7-a9d24a1e4733', NULL, NULL, NULL, NULL, NULL, 0, 1, 0, '0969c811-64e0-4969-be67-0c4a652e8630', '8063bc96-3e7d-427f-adbb-fdd0be52487d', NULL, '0124b114-c587-441c-9c58-effaa6564b22', '2060b8ea-0d61-41a3-8339-a8a10647d2c7', '15afd949-25f4-4f69-bf45-cf0e3c91c988'),
	('6fc89cae-2e3d-4a79-879a-473da782ecf8', '2020-08-13 12:09:37', 'admin', 'admin', '2020-08-13 12:09:37', 'cea78e3b-d6c6-4423-bec7-7a15a80d0e98', NULL, NULL, NULL, NULL, NULL, 0, 1, 0, '0969c811-64e0-4969-be67-0c4a652e8630', '8063bc96-3e7d-427f-adbb-fdd0be52487d', NULL, '10fdee6d-626b-45a5-8e5a-839ee08901e8', '810c76c1-d1c0-4388-8cce-171f227d1b0c', '15afd949-25f4-4f69-bf45-cf0e3c91c988'),
	('dc89495b-1475-4dba-b9a6-38964ea527ce', '2020-08-13 12:09:37', 'admin', 'admin', '2020-08-13 12:09:37', '683db006-5286-4f82-ad81-97d3da6a127c', NULL, NULL, NULL, NULL, NULL, 0, 1, 0, '0969c811-64e0-4969-be67-0c4a652e8630', '88b78e50-6c61-4d22-b211-65c4664cd8e6', NULL, '10fdee6d-626b-45a5-8e5a-839ee08901e8', '810c76c1-d1c0-4388-8cce-171f227d1b0c', '9a5e5ef8-54b6-42c6-8ea3-289b24ad37dc'),
	('6d7f0ada-b489-4a72-854b-f1673238793d', '2020-08-13 12:09:37', 'admin', 'admin', '2020-08-13 12:09:37', 'e1d32088-ce21-4c13-957c-ee694f2a893c', NULL, NULL, NULL, NULL, NULL, 0, 1, 0, '0969c811-64e0-4969-be67-0c4a652e8630', '0c568c9d-d020-4759-9289-2883af8f8547', NULL, '10fdee6d-626b-45a5-8e5a-839ee08901e8', '810c76c1-d1c0-4388-8cce-171f227d1b0c', '698fc98f-98ab-4a99-8438-6083e543b323'),
	('a9f5a428-58a2-4b6c-bb71-6584da641795', '2020-08-13 12:09:37', 'admin', 'admin', '2020-08-13 12:09:37', '68f75527-1355-43d9-840f-d4ab389b5be1', NULL, NULL, NULL, NULL, NULL, 0, 1, 0, '0969c811-64e0-4969-be67-0c4a652e8630', 'f4e7980c-238d-4579-a6aa-ac22425ff075', NULL, '10fdee6d-626b-45a5-8e5a-839ee08901e8', '810c76c1-d1c0-4388-8cce-171f227d1b0c', '9bec582e-81de-46d1-be33-a02d60a57b59'),
	('1c9c1c7d-77dd-4822-a0cf-7f0e9ff45ba3', '2020-08-13 12:09:37', 'admin', 'admin', '2020-08-13 12:09:37', '95260302-7f97-465f-8b3d-1100d09fa861', NULL, NULL, NULL, NULL, NULL, 0, 1, 0, '0969c811-64e0-4969-be67-0c4a652e8630', '87b049e2-b318-436e-aa03-e6042922af9a', NULL, '10fdee6d-626b-45a5-8e5a-839ee08901e8', '810c76c1-d1c0-4388-8cce-171f227d1b0c', '29658b4b-1b3d-48b6-a91e-e0f4e9043e44'),
	('74d2b21c-d0e9-48de-95c9-0241d7fb5aa4', '2020-08-13 12:09:37', 'admin', 'admin', '2020-08-13 12:09:37', 'bc5f3bbe-15c2-4739-98b5-de6cbed33cbf', NULL, NULL, NULL, NULL, NULL, 0, 1, 0, '0969c811-64e0-4969-be67-0c4a652e8630', 'b1a35a8c-d898-4522-afd7-c6ffc8177710', NULL, '10fdee6d-626b-45a5-8e5a-839ee08901e8', '810c76c1-d1c0-4388-8cce-171f227d1b0c', '5090534c-0193-45a9-b960-78dbaed9f9d5'),
	('9f94f58f-67d7-4888-b97e-82a97018ae14', '2020-08-13 12:09:37', 'admin', 'admin', '2020-08-13 12:09:37', '41e6b3cf-4a91-4d39-ae55-59d62ea8371d', NULL, NULL, NULL, NULL, NULL, 0, 1, 0, '0969c811-64e0-4969-be67-0c4a652e8630', '760d9e43-75a8-49d9-8447-e1580a5a8627', NULL, '10fdee6d-626b-45a5-8e5a-839ee08901e8', '810c76c1-d1c0-4388-8cce-171f227d1b0c', 'f60ae3be-c749-4855-ab35-abc86c4edd6c'),
	('eb3fdf0c-14be-400b-93bc-569ddccec1dd', '2020-08-13 12:09:37', 'admin', 'admin', '2020-08-13 12:09:37', '86b3a676-4952-4927-a233-9f8516a0867f', NULL, NULL, NULL, NULL, NULL, 0, 1, 0, '0969c811-64e0-4969-be67-0c4a652e8630', '7da70399-f202-4e02-aa72-c5254ee09b83', NULL, '10fdee6d-626b-45a5-8e5a-839ee08901e8', '810c76c1-d1c0-4388-8cce-171f227d1b0c', '816c86fc-9c81-4bd4-9d84-beee8ef148de'),
	('81e7dfff-fae6-4833-bbaa-f11627aba34e', '2020-08-13 12:10:40', 'admin', 'admin', '2020-08-13 12:10:40', 'c0d1094b-3dc1-4cb0-8de7-fc985b6e438f', NULL, NULL, NULL, NULL, NULL, 0, 1, 0, '0969c811-64e0-4969-be67-0c4a652e8630', 'b1a35a8c-d898-4522-afd7-c6ffc8177710', NULL, '18fdbe4b-f61c-4032-83ed-919eab8f7793', '1a2050b0-562f-4f96-988e-ba2eb3b00599', '673dba39-340d-431b-ad5f-5fad776adc06'),
	('26a89509-b918-4042-8edf-e42d596a8f71', '2020-08-13 12:10:40', 'admin', 'admin', '2020-08-13 12:10:40', '76eb7eda-0c1a-48b4-9e21-03e42208d2ef', NULL, NULL, NULL, NULL, NULL, 0, 1, 0, '0969c811-64e0-4969-be67-0c4a652e8630', '87b049e2-b318-436e-aa03-e6042922af9a', NULL, '18fdbe4b-f61c-4032-83ed-919eab8f7793', '1a2050b0-562f-4f96-988e-ba2eb3b00599', '9eadbd99-6d24-41f6-98cc-3f8405c55ed8'),
	('e90003ca-f9b7-48c6-96af-b1157b0a6f05', '2020-08-13 12:10:40', 'admin', 'admin', '2020-08-13 12:10:40', '3a36031f-86d6-4d2b-81f2-507e40eb8ad6', NULL, NULL, NULL, NULL, NULL, 0, 1, 0, '0969c811-64e0-4969-be67-0c4a652e8630', '0c568c9d-d020-4759-9289-2883af8f8547', NULL, '18fdbe4b-f61c-4032-83ed-919eab8f7793', '1a2050b0-562f-4f96-988e-ba2eb3b00599', '44edcddf-74ee-4243-bc4c-ea53dfda0785'),
	('d2a74337-08c1-451f-ab4a-4dc5932b3efe', '2020-08-13 12:10:40', 'admin', 'admin', '2020-08-13 12:10:40', '46a6511f-7baa-436d-bb4e-d1a1a7076e60', NULL, NULL, NULL, NULL, NULL, 0, 1, 0, '0969c811-64e0-4969-be67-0c4a652e8630', '88b78e50-6c61-4d22-b211-65c4664cd8e6', NULL, '18fdbe4b-f61c-4032-83ed-919eab8f7793', '1a2050b0-562f-4f96-988e-ba2eb3b00599', 'a99a3878-1e64-4dc7-bb0b-fa58b39018f6'),
	('761b41bb-394f-4694-bf66-920945d031f6', '2020-08-13 12:10:40', 'admin', 'admin', '2020-08-13 12:10:40', '9af9d7c8-17e0-4c27-929d-d1b4a148b1ef', NULL, NULL, NULL, NULL, NULL, 0, 1, 0, '0969c811-64e0-4969-be67-0c4a652e8630', '760d9e43-75a8-49d9-8447-e1580a5a8627', NULL, '18fdbe4b-f61c-4032-83ed-919eab8f7793', '1a2050b0-562f-4f96-988e-ba2eb3b00599', '163ea8eb-5b6d-44e8-99b7-9218f86cdac9'),
	('f7e55f8b-5bfd-4139-b726-81019e5dafe2', '2020-08-13 12:10:40', 'admin', 'admin', '2020-08-13 12:10:40', '81577636-ba32-4bce-b08e-4363cdce5a11', NULL, NULL, NULL, NULL, NULL, 0, 1, 0, '0969c811-64e0-4969-be67-0c4a652e8630', '8063bc96-3e7d-427f-adbb-fdd0be52487d', NULL, '18fdbe4b-f61c-4032-83ed-919eab8f7793', '1a2050b0-562f-4f96-988e-ba2eb3b00599', 'c90e12f4-7be5-4b18-a8c8-9482d0149b8f'),
	('2f993bc4-e8bb-4e4a-b714-c6d3c9b9d67b', '2020-08-13 12:10:40', 'admin', 'admin', '2020-08-13 12:10:40', 'b3caa55c-ccde-4df9-9c47-18c6cdd258b5', NULL, NULL, NULL, NULL, NULL, 0, 1, 0, '0969c811-64e0-4969-be67-0c4a652e8630', '7da70399-f202-4e02-aa72-c5254ee09b83', NULL, '18fdbe4b-f61c-4032-83ed-919eab8f7793', '1a2050b0-562f-4f96-988e-ba2eb3b00599', '0628ab14-94a1-4952-9ee8-75704a8071af'),
	('5aa94d67-5f9c-4023-9185-160efd5142a3', '2020-08-13 12:10:40', 'admin', 'admin', '2020-08-13 12:10:40', '614aed2a-6657-44fb-a3df-c8f248c39a28', NULL, NULL, NULL, NULL, NULL, 0, 1, 0, '0969c811-64e0-4969-be67-0c4a652e8630', 'f4e7980c-238d-4579-a6aa-ac22425ff075', NULL, '18fdbe4b-f61c-4032-83ed-919eab8f7793', '1a2050b0-562f-4f96-988e-ba2eb3b00599', 'e60c5af4-3382-4795-8a6c-72ffa3485acf'),
	('8832b126-4892-4314-b5ff-67ed263c0aeb', '2020-08-13 12:09:37', 'admin', 'admin', '2020-08-13 12:09:37', '81ef605a-056a-4203-af8f-b95cb1a8677f', NULL, NULL, NULL, NULL, NULL, 0, 1, 0, '0969c811-64e0-4969-be67-0c4a652e8630', '88b78e50-6c61-4d22-b211-65c4664cd8e6', NULL, '17ca92dc-8355-4ead-ba51-1cd97b9f8236', 'a3aa5d1b-446a-49b7-86f4-9018da6a7028', '9a5e5ef8-54b6-42c6-8ea3-289b24ad37dc'),
	('9a0aadb8-7da1-4b05-b64c-adc6a33e8df5', '2020-08-13 12:09:37', 'admin', 'admin', '2020-08-13 12:09:37', 'b30680b3-b9c8-4264-9746-753b7f2f7608', NULL, NULL, NULL, NULL, NULL, 0, 1, 0, '0969c811-64e0-4969-be67-0c4a652e8630', '7da70399-f202-4e02-aa72-c5254ee09b83', NULL, '17ca92dc-8355-4ead-ba51-1cd97b9f8236', 'a3aa5d1b-446a-49b7-86f4-9018da6a7028', '816c86fc-9c81-4bd4-9d84-beee8ef148de'),
	('a4f6ea79-b5db-4fc1-a6f7-0540cb6e5689', '2020-08-13 12:09:37', 'admin', 'admin', '2020-08-13 12:09:37', 'f5f640a8-e17b-4444-9f31-bffec4dc264c', NULL, NULL, NULL, NULL, NULL, 0, 1, 0, '0969c811-64e0-4969-be67-0c4a652e8630', '8063bc96-3e7d-427f-adbb-fdd0be52487d', NULL, '17ca92dc-8355-4ead-ba51-1cd97b9f8236', 'a3aa5d1b-446a-49b7-86f4-9018da6a7028', '15afd949-25f4-4f69-bf45-cf0e3c91c988'),
	('a5d9ec69-2dc9-455e-8a10-04946995fb62', '2020-08-13 12:09:37', 'admin', 'admin', '2020-08-13 12:09:37', '9c8d1b6e-e8aa-492c-ae1d-803f7dd2e27d', NULL, NULL, NULL, NULL, NULL, 0, 1, 0, '0969c811-64e0-4969-be67-0c4a652e8630', '87b049e2-b318-436e-aa03-e6042922af9a', NULL, '17ca92dc-8355-4ead-ba51-1cd97b9f8236', 'a3aa5d1b-446a-49b7-86f4-9018da6a7028', '29658b4b-1b3d-48b6-a91e-e0f4e9043e44'),
	('7e8960bd-ec43-4ff0-a3fa-1fe3d245620e', '2020-08-13 12:09:37', 'admin', 'admin', '2020-08-13 12:09:37', '1cf64687-78ad-4bf3-bf83-f18ec5746795', NULL, NULL, NULL, NULL, NULL, 0, 1, 0, '0969c811-64e0-4969-be67-0c4a652e8630', '760d9e43-75a8-49d9-8447-e1580a5a8627', NULL, '17ca92dc-8355-4ead-ba51-1cd97b9f8236', 'a3aa5d1b-446a-49b7-86f4-9018da6a7028', 'f60ae3be-c749-4855-ab35-abc86c4edd6c'),
	('07b8e5b4-84a8-481a-ba3f-ed3ea3b1c548', '2020-08-13 12:09:37', 'admin', 'admin', '2020-08-13 12:09:37', 'a7417f40-8339-46b3-bfc9-c3db756cba3c', NULL, NULL, NULL, NULL, NULL, 0, 1, 0, '0969c811-64e0-4969-be67-0c4a652e8630', '0c568c9d-d020-4759-9289-2883af8f8547', NULL, '17ca92dc-8355-4ead-ba51-1cd97b9f8236', 'a3aa5d1b-446a-49b7-86f4-9018da6a7028', '698fc98f-98ab-4a99-8438-6083e543b323'),
	('68044f77-d938-4b48-ad7c-5bb490253f7c', '2020-08-13 12:09:37', 'admin', 'admin', '2020-08-13 12:09:37', 'b9998fe3-47a9-486b-ab6f-3ca1585e4124', NULL, NULL, NULL, NULL, NULL, 0, 1, 0, '0969c811-64e0-4969-be67-0c4a652e8630', 'f4e7980c-238d-4579-a6aa-ac22425ff075', NULL, '17ca92dc-8355-4ead-ba51-1cd97b9f8236', 'a3aa5d1b-446a-49b7-86f4-9018da6a7028', '9bec582e-81de-46d1-be33-a02d60a57b59'),
	('2978ddd3-c785-4cfa-ace5-07f8016c91a8', '2020-08-13 12:09:37', 'admin', 'admin', '2020-08-13 12:09:37', '3e464b92-d442-488e-89fa-b8a038f16b7d', NULL, NULL, NULL, NULL, NULL, 0, 1, 0, '0969c811-64e0-4969-be67-0c4a652e8630', 'b1a35a8c-d898-4522-afd7-c6ffc8177710', NULL, '17ca92dc-8355-4ead-ba51-1cd97b9f8236', 'a3aa5d1b-446a-49b7-86f4-9018da6a7028', '5090534c-0193-45a9-b960-78dbaed9f9d5'),
	('0999b824-bb52-4b02-8fbf-eb79cd59b335', '2020-08-13 12:10:40', 'admin', 'admin', '2020-08-13 12:10:40', '74adf785-a45a-4d89-80e5-6708f71eccc7', NULL, NULL, NULL, NULL, NULL, 0, 1, 0, '0969c811-64e0-4969-be67-0c4a652e8630', 'f4e7980c-238d-4579-a6aa-ac22425ff075', NULL, '19759a3e-8450-4b66-bc41-68e71818bca9', '7a59415c-e319-4d08-812a-07cf08e5b97d', 'e60c5af4-3382-4795-8a6c-72ffa3485acf'),
	('87087c98-a764-4b27-a07a-e2caf4137d72', '2020-08-13 12:10:40', 'admin', 'admin', '2020-08-13 12:10:40', '75383b1a-51e7-4a64-aa4e-7b72ef4fe1e6', NULL, NULL, NULL, NULL, NULL, 0, 1, 0, '0969c811-64e0-4969-be67-0c4a652e8630', '0c568c9d-d020-4759-9289-2883af8f8547', NULL, '19759a3e-8450-4b66-bc41-68e71818bca9', '7a59415c-e319-4d08-812a-07cf08e5b97d', '44edcddf-74ee-4243-bc4c-ea53dfda0785'),
	('f3c9f82d-1add-449d-b689-b503826c4db8', '2020-08-13 12:10:40', 'admin', 'admin', '2020-08-13 12:10:40', '1577e95a-6e08-4e34-8c51-74abbd5e792d', NULL, NULL, NULL, NULL, NULL, 0, 1, 0, '0969c811-64e0-4969-be67-0c4a652e8630', 'b1a35a8c-d898-4522-afd7-c6ffc8177710', NULL, '19759a3e-8450-4b66-bc41-68e71818bca9', '7a59415c-e319-4d08-812a-07cf08e5b97d', '673dba39-340d-431b-ad5f-5fad776adc06'),
	('8ce07098-3a86-46cd-8ce2-0adc8920cfee', '2020-08-13 12:10:40', 'admin', 'admin', '2020-08-13 12:10:40', 'af9d053b-c158-4a2e-8538-7976ea1f64b4', NULL, NULL, NULL, NULL, NULL, 0, 1, 0, '0969c811-64e0-4969-be67-0c4a652e8630', '87b049e2-b318-436e-aa03-e6042922af9a', NULL, '19759a3e-8450-4b66-bc41-68e71818bca9', '7a59415c-e319-4d08-812a-07cf08e5b97d', '9eadbd99-6d24-41f6-98cc-3f8405c55ed8'),
	('0dc3536f-965e-4814-b6e3-5e5ff193d93a', '2020-08-13 12:10:40', 'admin', 'admin', '2020-08-13 12:10:40', 'ba9a6283-8042-475d-a4c3-3a4e067a882f', NULL, NULL, NULL, NULL, NULL, 0, 1, 0, '0969c811-64e0-4969-be67-0c4a652e8630', '8063bc96-3e7d-427f-adbb-fdd0be52487d', NULL, '19759a3e-8450-4b66-bc41-68e71818bca9', '7a59415c-e319-4d08-812a-07cf08e5b97d', 'c90e12f4-7be5-4b18-a8c8-9482d0149b8f'),
	('005110fd-baad-450b-a7d4-49ee803ddeca', '2020-08-13 12:10:40', 'admin', 'admin', '2020-08-13 12:10:40', 'ffda1084-26e5-4769-b300-a30ade051f61', NULL, NULL, NULL, NULL, NULL, 0, 1, 0, '0969c811-64e0-4969-be67-0c4a652e8630', '760d9e43-75a8-49d9-8447-e1580a5a8627', NULL, '19759a3e-8450-4b66-bc41-68e71818bca9', '7a59415c-e319-4d08-812a-07cf08e5b97d', '163ea8eb-5b6d-44e8-99b7-9218f86cdac9'),
	('dfe9962c-d83a-475f-a815-c68d43a3afc2', '2020-08-13 12:10:40', 'admin', 'admin', '2020-08-13 12:10:40', 'e72845f0-dce8-4157-86d6-798824d343f5', NULL, NULL, NULL, NULL, NULL, 0, 1, 0, '0969c811-64e0-4969-be67-0c4a652e8630', '88b78e50-6c61-4d22-b211-65c4664cd8e6', NULL, '19759a3e-8450-4b66-bc41-68e71818bca9', '7a59415c-e319-4d08-812a-07cf08e5b97d', 'a99a3878-1e64-4dc7-bb0b-fa58b39018f6'),
	('abb54608-0f95-49b7-a998-aa951722bf1e', '2020-08-13 12:10:40', 'admin', 'admin', '2020-08-13 12:10:40', '9591b062-1456-42b3-90f6-91f56f712347', NULL, NULL, NULL, NULL, NULL, 0, 1, 0, '0969c811-64e0-4969-be67-0c4a652e8630', '7da70399-f202-4e02-aa72-c5254ee09b83', NULL, '19759a3e-8450-4b66-bc41-68e71818bca9', '7a59415c-e319-4d08-812a-07cf08e5b97d', '0628ab14-94a1-4952-9ee8-75704a8071af'),
	('5bcf2509-4eb3-466b-a226-e53a3881836e', '2020-08-13 12:10:40', 'admin', 'admin', '2020-08-13 12:10:40', '36dc8b0c-1d0c-4c91-9103-774b0d6fea7e', NULL, NULL, NULL, NULL, NULL, 0, 1, 0, '0969c811-64e0-4969-be67-0c4a652e8630', '87b049e2-b318-436e-aa03-e6042922af9a', NULL, '197eac9d-54ba-4740-bb66-c33eeb4d4370', '3dbba7e4-6075-4453-9838-75e1fe349ff4', '9eadbd99-6d24-41f6-98cc-3f8405c55ed8'),
	('64655c82-d509-4ed5-9df1-a464a956ae0b', '2020-08-13 12:10:40', 'admin', 'admin', '2020-08-13 12:10:40', '52da3c62-7142-4570-8990-6a0d2a8f8ef1', NULL, NULL, NULL, NULL, NULL, 0, 1, 0, '0969c811-64e0-4969-be67-0c4a652e8630', '8063bc96-3e7d-427f-adbb-fdd0be52487d', NULL, '197eac9d-54ba-4740-bb66-c33eeb4d4370', '3dbba7e4-6075-4453-9838-75e1fe349ff4', 'c90e12f4-7be5-4b18-a8c8-9482d0149b8f'),
	('a8bf3c56-27fb-4abf-a6e8-004bbc0153c3', '2020-08-13 12:10:40', 'admin', 'admin', '2020-08-13 12:10:40', '40098ed4-8ddc-42f1-a08e-469da8b1ff4d', NULL, NULL, NULL, NULL, NULL, 0, 1, 0, '0969c811-64e0-4969-be67-0c4a652e8630', 'f4e7980c-238d-4579-a6aa-ac22425ff075', NULL, '197eac9d-54ba-4740-bb66-c33eeb4d4370', '3dbba7e4-6075-4453-9838-75e1fe349ff4', 'e60c5af4-3382-4795-8a6c-72ffa3485acf'),
	('5b6cea26-082e-45bd-aca7-73e6bbc6cdfa', '2020-08-13 12:10:40', 'admin', 'admin', '2020-08-13 12:10:40', '56ad9940-6483-4c89-9189-a7b317a29ae0', NULL, NULL, NULL, NULL, NULL, 0, 1, 0, '0969c811-64e0-4969-be67-0c4a652e8630', '7da70399-f202-4e02-aa72-c5254ee09b83', NULL, '197eac9d-54ba-4740-bb66-c33eeb4d4370', '3dbba7e4-6075-4453-9838-75e1fe349ff4', '0628ab14-94a1-4952-9ee8-75704a8071af'),
	('259ed217-228e-4e8e-8adc-a5a3cb64a3c3', '2020-08-13 12:10:40', 'admin', 'admin', '2020-08-13 12:10:40', '6823fefb-1271-432d-b0d3-3d74cbb519fd', NULL, NULL, NULL, NULL, NULL, 0, 1, 0, '0969c811-64e0-4969-be67-0c4a652e8630', '760d9e43-75a8-49d9-8447-e1580a5a8627', NULL, '197eac9d-54ba-4740-bb66-c33eeb4d4370', '3dbba7e4-6075-4453-9838-75e1fe349ff4', '163ea8eb-5b6d-44e8-99b7-9218f86cdac9'),
	('b467c5d1-39b1-49a0-acf6-9302ca379864', '2020-08-13 12:10:40', 'admin', 'admin', '2020-08-13 12:10:40', '9ae57931-b0c5-4106-bbf9-ac52154bc5c3', NULL, NULL, NULL, NULL, NULL, 0, 1, 0, '0969c811-64e0-4969-be67-0c4a652e8630', '88b78e50-6c61-4d22-b211-65c4664cd8e6', NULL, '197eac9d-54ba-4740-bb66-c33eeb4d4370', '3dbba7e4-6075-4453-9838-75e1fe349ff4', 'a99a3878-1e64-4dc7-bb0b-fa58b39018f6'),
	('0cb40690-c105-4662-8ff6-f99733f9a6e6', '2020-08-13 12:10:40', 'admin', 'admin', '2020-08-13 12:10:40', 'ca76f730-2ee4-434e-9ed2-6bedce885735', NULL, NULL, NULL, NULL, NULL, 0, 1, 0, '0969c811-64e0-4969-be67-0c4a652e8630', 'b1a35a8c-d898-4522-afd7-c6ffc8177710', NULL, '197eac9d-54ba-4740-bb66-c33eeb4d4370', '3dbba7e4-6075-4453-9838-75e1fe349ff4', '673dba39-340d-431b-ad5f-5fad776adc06'),
	('0d203032-d86b-4035-bdaa-e32c57624227', '2020-08-13 12:10:40', 'admin', 'admin', '2020-08-13 12:10:40', '016df584-777f-44c7-bd8b-bd97a5271f15', NULL, NULL, NULL, NULL, NULL, 0, 1, 0, '0969c811-64e0-4969-be67-0c4a652e8630', '0c568c9d-d020-4759-9289-2883af8f8547', NULL, '197eac9d-54ba-4740-bb66-c33eeb4d4370', '3dbba7e4-6075-4453-9838-75e1fe349ff4', '44edcddf-74ee-4243-bc4c-ea53dfda0785'),
	('cd0a8a20-e39e-4ae3-bba8-162eb451c633', '2020-08-13 12:10:40', 'admin', 'admin', '2020-08-13 12:10:40', 'dd190af2-12d8-4b11-9575-f8c04cd1a7bf', NULL, NULL, NULL, NULL, NULL, 0, 1, 0, '0969c811-64e0-4969-be67-0c4a652e8630', '87b049e2-b318-436e-aa03-e6042922af9a', NULL, '1bbb75ae-ce22-444c-917e-44557f137e72', '798d5e67-39f7-4fbf-91de-e40ffef734a7', '9eadbd99-6d24-41f6-98cc-3f8405c55ed8'),
	('9a3af55a-6831-4218-bfa6-c65c4b823f7a', '2020-08-13 12:10:40', 'admin', 'admin', '2020-08-13 12:10:40', '44023a5f-299c-446e-8347-085f5e6f6f34', NULL, NULL, NULL, NULL, NULL, 0, 1, 0, '0969c811-64e0-4969-be67-0c4a652e8630', 'f4e7980c-238d-4579-a6aa-ac22425ff075', NULL, '1bbb75ae-ce22-444c-917e-44557f137e72', '798d5e67-39f7-4fbf-91de-e40ffef734a7', 'e60c5af4-3382-4795-8a6c-72ffa3485acf'),
	('3d88011d-a32a-4afc-b5fc-cd43b0af2364', '2020-08-13 12:10:40', 'admin', 'admin', '2020-08-13 12:10:40', 'f549940e-2f89-48ec-a0a5-85c71f953c03', NULL, NULL, NULL, NULL, NULL, 0, 1, 0, '0969c811-64e0-4969-be67-0c4a652e8630', '0c568c9d-d020-4759-9289-2883af8f8547', NULL, '1bbb75ae-ce22-444c-917e-44557f137e72', '798d5e67-39f7-4fbf-91de-e40ffef734a7', '44edcddf-74ee-4243-bc4c-ea53dfda0785'),
	('856aefb4-cd32-4168-8aa5-ed1c0f8975a5', '2020-08-13 12:10:40', 'admin', 'admin', '2020-08-13 12:10:40', '1af6cea0-d916-4897-95f0-8647bb0d7a74', NULL, NULL, NULL, NULL, NULL, 0, 1, 0, '0969c811-64e0-4969-be67-0c4a652e8630', '88b78e50-6c61-4d22-b211-65c4664cd8e6', NULL, '1bbb75ae-ce22-444c-917e-44557f137e72', '798d5e67-39f7-4fbf-91de-e40ffef734a7', 'a99a3878-1e64-4dc7-bb0b-fa58b39018f6'),
	('90043d02-1519-47a7-b252-6dc535b6231a', '2020-08-13 12:10:40', 'admin', 'admin', '2020-08-13 12:10:40', 'cef30b99-19cc-41c4-a661-4363dfb7f2e8', NULL, NULL, NULL, NULL, NULL, 0, 1, 0, '0969c811-64e0-4969-be67-0c4a652e8630', '8063bc96-3e7d-427f-adbb-fdd0be52487d', NULL, '1bbb75ae-ce22-444c-917e-44557f137e72', '798d5e67-39f7-4fbf-91de-e40ffef734a7', 'c90e12f4-7be5-4b18-a8c8-9482d0149b8f'),
	('4e97f20e-926a-459b-bfa2-bafb3a5b10ae', '2020-08-13 12:10:40', 'admin', 'admin', '2020-08-13 12:10:40', 'ed1ccbbf-3943-4fc9-a56a-6e9ec697cb4f', NULL, NULL, NULL, NULL, NULL, 0, 1, 0, '0969c811-64e0-4969-be67-0c4a652e8630', '760d9e43-75a8-49d9-8447-e1580a5a8627', NULL, '1bbb75ae-ce22-444c-917e-44557f137e72', '798d5e67-39f7-4fbf-91de-e40ffef734a7', '163ea8eb-5b6d-44e8-99b7-9218f86cdac9'),
	('0691d437-996c-41ce-a5ab-f75d5cc3613b', '2020-08-13 12:10:40', 'admin', 'admin', '2020-08-13 12:10:40', 'd17c6420-0218-409c-be90-a274d82ebd33', NULL, NULL, NULL, NULL, NULL, 0, 1, 0, '0969c811-64e0-4969-be67-0c4a652e8630', 'b1a35a8c-d898-4522-afd7-c6ffc8177710', NULL, '1bbb75ae-ce22-444c-917e-44557f137e72', '798d5e67-39f7-4fbf-91de-e40ffef734a7', '673dba39-340d-431b-ad5f-5fad776adc06'),
	('685cc371-bbad-4fed-854c-40abc630139c', '2020-08-13 12:10:40', 'admin', 'admin', '2020-08-13 12:10:40', 'f8f45ab6-945a-4f06-a607-1da3fdf9e177', NULL, NULL, NULL, NULL, NULL, 0, 1, 0, '0969c811-64e0-4969-be67-0c4a652e8630', '7da70399-f202-4e02-aa72-c5254ee09b83', NULL, '1bbb75ae-ce22-444c-917e-44557f137e72', '798d5e67-39f7-4fbf-91de-e40ffef734a7', '0628ab14-94a1-4952-9ee8-75704a8071af'),
	('fc217fb1-940e-41bf-9b53-95f46a2d3870', '2020-08-13 12:10:40', 'admin', 'admin', '2020-08-13 12:10:40', '2e999a0d-99c0-461b-b8ad-a431462020bc', NULL, NULL, NULL, NULL, NULL, 0, 1, 0, '0969c811-64e0-4969-be67-0c4a652e8630', 'f4e7980c-238d-4579-a6aa-ac22425ff075', NULL, '220124d0-7c4d-4274-87d2-3d7226a17efa', '63bead89-bafb-45fa-bbed-efd52d334f45', 'e60c5af4-3382-4795-8a6c-72ffa3485acf'),
	('05ba73a8-5de2-4990-b4ba-9d21871b451f', '2020-08-13 12:10:40', 'admin', 'admin', '2020-08-13 12:10:40', '80ba1cb6-9a29-44e9-ab7b-bc924010d77b', NULL, NULL, NULL, NULL, NULL, 0, 1, 0, '0969c811-64e0-4969-be67-0c4a652e8630', '760d9e43-75a8-49d9-8447-e1580a5a8627', NULL, '220124d0-7c4d-4274-87d2-3d7226a17efa', '63bead89-bafb-45fa-bbed-efd52d334f45', '163ea8eb-5b6d-44e8-99b7-9218f86cdac9'),
	('06e4e040-402d-418f-8da8-301c3a8f1bac', '2020-08-13 12:10:40', 'admin', 'admin', '2020-08-13 12:10:40', '5c445d7a-7c6a-4320-9bec-b5f32365e42d', NULL, NULL, NULL, NULL, NULL, 0, 1, 0, '0969c811-64e0-4969-be67-0c4a652e8630', '88b78e50-6c61-4d22-b211-65c4664cd8e6', NULL, '220124d0-7c4d-4274-87d2-3d7226a17efa', '63bead89-bafb-45fa-bbed-efd52d334f45', 'a99a3878-1e64-4dc7-bb0b-fa58b39018f6'),
	('2bc16204-21f7-4e1e-8037-538fd9750e1c', '2020-08-13 12:10:40', 'admin', 'admin', '2020-08-13 12:10:40', '7d5b3033-c6eb-4b19-a727-46d06dbb66cb', NULL, NULL, NULL, NULL, NULL, 0, 1, 0, '0969c811-64e0-4969-be67-0c4a652e8630', '7da70399-f202-4e02-aa72-c5254ee09b83', NULL, '220124d0-7c4d-4274-87d2-3d7226a17efa', '63bead89-bafb-45fa-bbed-efd52d334f45', '0628ab14-94a1-4952-9ee8-75704a8071af'),
	('990ca0f3-45d8-4427-b526-5b11c5c13e98', '2020-08-13 12:10:40', 'admin', 'admin', '2020-08-13 12:10:40', 'b86f07a9-6d55-43a0-a1b3-ce7a084f36e9', NULL, NULL, NULL, NULL, NULL, 0, 1, 0, '0969c811-64e0-4969-be67-0c4a652e8630', '0c568c9d-d020-4759-9289-2883af8f8547', NULL, '220124d0-7c4d-4274-87d2-3d7226a17efa', '63bead89-bafb-45fa-bbed-efd52d334f45', '44edcddf-74ee-4243-bc4c-ea53dfda0785'),
	('dfd9cd8d-be3e-42e4-874f-dc62300dd52a', '2020-08-13 12:10:40', 'admin', 'admin', '2020-08-13 12:10:40', '9f1e9797-5f75-42de-bfed-3623836a7dc7', NULL, NULL, NULL, NULL, NULL, 0, 1, 0, '0969c811-64e0-4969-be67-0c4a652e8630', 'b1a35a8c-d898-4522-afd7-c6ffc8177710', NULL, '220124d0-7c4d-4274-87d2-3d7226a17efa', '63bead89-bafb-45fa-bbed-efd52d334f45', '673dba39-340d-431b-ad5f-5fad776adc06'),
	('937bec9e-1cff-40df-b3b4-9bec3bf33398', '2020-08-13 12:10:40', 'admin', 'admin', '2020-08-13 12:10:40', 'ad9faf15-747e-4297-bcc2-c71f74342bf7', NULL, NULL, NULL, NULL, NULL, 0, 1, 0, '0969c811-64e0-4969-be67-0c4a652e8630', '87b049e2-b318-436e-aa03-e6042922af9a', NULL, '220124d0-7c4d-4274-87d2-3d7226a17efa', '63bead89-bafb-45fa-bbed-efd52d334f45', '9eadbd99-6d24-41f6-98cc-3f8405c55ed8'),
	('729c6654-47b9-4a7b-b13d-df2b6860654f', '2020-08-13 12:10:40', 'admin', 'admin', '2020-08-13 12:10:40', '59be2617-db5d-4be6-a780-5c64fc7fbb36', NULL, NULL, NULL, NULL, NULL, 0, 1, 0, '0969c811-64e0-4969-be67-0c4a652e8630', '8063bc96-3e7d-427f-adbb-fdd0be52487d', NULL, '220124d0-7c4d-4274-87d2-3d7226a17efa', '63bead89-bafb-45fa-bbed-efd52d334f45', 'c90e12f4-7be5-4b18-a8c8-9482d0149b8f'),
	('f391f0b5-ba12-4ede-a46d-57b4cc2c222e', '2020-08-13 12:09:37', 'admin', 'admin', '2020-08-13 12:09:37', '9b9c9916-07e2-4fe9-97b1-79a1fab37565', NULL, NULL, NULL, NULL, NULL, 0, 1, 0, '0969c811-64e0-4969-be67-0c4a652e8630', '0c568c9d-d020-4759-9289-2883af8f8547', NULL, '1cd40996-8557-484e-9ac3-ce169dec9707', '170327fd-a7c8-47cb-bed8-4b554de7de1e', '698fc98f-98ab-4a99-8438-6083e543b323'),
	('cc3b81f2-1f94-41e7-a9aa-0c6946089ca0', '2020-08-13 12:09:37', 'admin', 'admin', '2020-08-13 12:09:37', 'bfef1f3c-6142-4aaf-9cb5-b9f0637b131e', NULL, NULL, NULL, NULL, NULL, 0, 1, 0, '0969c811-64e0-4969-be67-0c4a652e8630', 'b1a35a8c-d898-4522-afd7-c6ffc8177710', NULL, '1cd40996-8557-484e-9ac3-ce169dec9707', '170327fd-a7c8-47cb-bed8-4b554de7de1e', '5090534c-0193-45a9-b960-78dbaed9f9d5'),
	('8d2cd8c5-6da2-4926-aeeb-bbbb56222c9c', '2020-08-13 12:09:37', 'admin', 'admin', '2020-08-13 12:09:37', 'fd098c52-d50f-4944-8d70-172993c51468', NULL, NULL, NULL, NULL, NULL, 0, 1, 0, '0969c811-64e0-4969-be67-0c4a652e8630', '7da70399-f202-4e02-aa72-c5254ee09b83', NULL, '1cd40996-8557-484e-9ac3-ce169dec9707', '170327fd-a7c8-47cb-bed8-4b554de7de1e', '816c86fc-9c81-4bd4-9d84-beee8ef148de'),
	('a78aeb27-192b-4151-a03d-2b9f47752b4b', '2020-08-13 12:09:37', 'admin', 'admin', '2020-08-13 12:09:37', 'e604e4b3-eb41-4844-82d4-c96c51ad720b', NULL, NULL, NULL, NULL, NULL, 0, 1, 0, '0969c811-64e0-4969-be67-0c4a652e8630', '87b049e2-b318-436e-aa03-e6042922af9a', NULL, '1cd40996-8557-484e-9ac3-ce169dec9707', '170327fd-a7c8-47cb-bed8-4b554de7de1e', '29658b4b-1b3d-48b6-a91e-e0f4e9043e44'),
	('8de798f6-f4c0-4561-9950-ffd5114e909f', '2020-08-13 12:09:37', 'admin', 'admin', '2020-08-13 12:09:37', 'b5144d9d-7acb-443e-ac51-45bcec682031', NULL, NULL, NULL, NULL, NULL, 0, 1, 0, '0969c811-64e0-4969-be67-0c4a652e8630', '760d9e43-75a8-49d9-8447-e1580a5a8627', NULL, '1cd40996-8557-484e-9ac3-ce169dec9707', '170327fd-a7c8-47cb-bed8-4b554de7de1e', 'f60ae3be-c749-4855-ab35-abc86c4edd6c'),
	('6e31a5ab-bb2d-4f16-973a-fdaef4d4afb4', '2020-08-13 12:09:37', 'admin', 'admin', '2020-08-13 12:09:37', 'b8a2b634-fba7-4d3c-b40e-0348e48c99b7', NULL, NULL, NULL, NULL, NULL, 0, 1, 0, '0969c811-64e0-4969-be67-0c4a652e8630', '88b78e50-6c61-4d22-b211-65c4664cd8e6', NULL, '1cd40996-8557-484e-9ac3-ce169dec9707', '170327fd-a7c8-47cb-bed8-4b554de7de1e', '9a5e5ef8-54b6-42c6-8ea3-289b24ad37dc'),
	('36611f0e-03cd-4ee8-bee4-1fa9668e9119', '2020-08-13 12:09:37', 'admin', 'admin', '2020-08-13 12:09:37', '21b41ec9-9f59-40f6-b582-8de925f8b3e6', NULL, NULL, NULL, NULL, NULL, 0, 1, 0, '0969c811-64e0-4969-be67-0c4a652e8630', 'f4e7980c-238d-4579-a6aa-ac22425ff075', NULL, '1cd40996-8557-484e-9ac3-ce169dec9707', '170327fd-a7c8-47cb-bed8-4b554de7de1e', '9bec582e-81de-46d1-be33-a02d60a57b59'),
	('c105e8d0-da6b-454c-b6f0-e71046c9cf26', '2020-08-13 12:09:37', 'admin', 'admin', '2020-08-13 12:09:37', '65bc5aac-cfc2-4dbc-9bd1-e29d7689e74c', NULL, NULL, NULL, NULL, NULL, 0, 1, 0, '0969c811-64e0-4969-be67-0c4a652e8630', '8063bc96-3e7d-427f-adbb-fdd0be52487d', NULL, '1cd40996-8557-484e-9ac3-ce169dec9707', '170327fd-a7c8-47cb-bed8-4b554de7de1e', '15afd949-25f4-4f69-bf45-cf0e3c91c988'),
	('bf5a4257-a468-44c8-b807-7ae8a7bdf9d2', '2020-08-13 12:10:40', 'admin', 'admin', '2020-08-13 12:10:40', '8a7fe487-3ac7-4d3a-b18c-6a3b8abc06fd', NULL, NULL, NULL, NULL, NULL, 0, 1, 0, '0969c811-64e0-4969-be67-0c4a652e8630', 'b1a35a8c-d898-4522-afd7-c6ffc8177710', NULL, '2597b993-2bc1-4d9f-8fb9-ab4464a41303', '861f7878-6448-438b-a566-fe5936162371', '673dba39-340d-431b-ad5f-5fad776adc06'),
	('7b43f330-107e-4760-971a-f567598a9791', '2020-08-13 12:10:40', 'admin', 'admin', '2020-08-13 12:10:40', '7d61d9ec-b0bd-4cfb-bb5a-74ea30237be9', NULL, NULL, NULL, NULL, NULL, 0, 1, 0, '0969c811-64e0-4969-be67-0c4a652e8630', '0c568c9d-d020-4759-9289-2883af8f8547', NULL, '2597b993-2bc1-4d9f-8fb9-ab4464a41303', '861f7878-6448-438b-a566-fe5936162371', '44edcddf-74ee-4243-bc4c-ea53dfda0785'),
	('35c0e76d-b205-4a0a-b0bb-19b1df41f81c', '2020-08-13 12:10:40', 'admin', 'admin', '2020-08-13 12:10:40', 'b4900cb4-9813-43bb-b599-54288d2b5c01', NULL, NULL, NULL, NULL, NULL, 0, 1, 0, '0969c811-64e0-4969-be67-0c4a652e8630', '87b049e2-b318-436e-aa03-e6042922af9a', NULL, '2597b993-2bc1-4d9f-8fb9-ab4464a41303', '861f7878-6448-438b-a566-fe5936162371', '9eadbd99-6d24-41f6-98cc-3f8405c55ed8'),
	('7e8c92e9-8082-47a4-82a2-f4951a2ff06e', '2020-08-13 12:10:40', 'admin', 'admin', '2020-08-13 12:10:40', 'b454016a-3e80-42ba-8a9f-030c1812f209', NULL, NULL, NULL, NULL, NULL, 0, 1, 0, '0969c811-64e0-4969-be67-0c4a652e8630', '88b78e50-6c61-4d22-b211-65c4664cd8e6', NULL, '2597b993-2bc1-4d9f-8fb9-ab4464a41303', '861f7878-6448-438b-a566-fe5936162371', 'a99a3878-1e64-4dc7-bb0b-fa58b39018f6'),
	('63f391ac-0fe6-49a1-8612-1354bd9703f7', '2020-08-13 12:10:40', 'admin', 'admin', '2020-08-13 12:10:40', '48f30ca2-7e3a-4fbd-ab15-456c0993d5d9', NULL, NULL, NULL, NULL, NULL, 0, 1, 0, '0969c811-64e0-4969-be67-0c4a652e8630', '8063bc96-3e7d-427f-adbb-fdd0be52487d', NULL, '2597b993-2bc1-4d9f-8fb9-ab4464a41303', '861f7878-6448-438b-a566-fe5936162371', 'c90e12f4-7be5-4b18-a8c8-9482d0149b8f'),
	('3d029adb-3426-4fcf-a5ac-1a16259f8609', '2020-08-13 12:10:40', 'admin', 'admin', '2020-08-13 12:10:40', 'bb85580e-16de-47d4-b790-d0bda18292a1', NULL, NULL, NULL, NULL, NULL, 0, 1, 0, '0969c811-64e0-4969-be67-0c4a652e8630', '7da70399-f202-4e02-aa72-c5254ee09b83', NULL, '2597b993-2bc1-4d9f-8fb9-ab4464a41303', '861f7878-6448-438b-a566-fe5936162371', '0628ab14-94a1-4952-9ee8-75704a8071af'),
	('01f56276-563a-49bd-9a56-cfcd17ef3252', '2020-08-13 12:10:40', 'admin', 'admin', '2020-08-13 12:10:40', '756ec7aa-b90f-4b27-9ee7-0dd069a725ff', NULL, NULL, NULL, NULL, NULL, 0, 1, 0, '0969c811-64e0-4969-be67-0c4a652e8630', '760d9e43-75a8-49d9-8447-e1580a5a8627', NULL, '2597b993-2bc1-4d9f-8fb9-ab4464a41303', '861f7878-6448-438b-a566-fe5936162371', '163ea8eb-5b6d-44e8-99b7-9218f86cdac9'),
	('3d4efcb6-01fe-4aef-8c40-18e96be129fa', '2020-08-13 12:10:40', 'admin', 'admin', '2020-08-13 12:10:40', 'f914edad-0f3a-44bf-a44d-0cd495c24a95', NULL, NULL, NULL, NULL, NULL, 0, 1, 0, '0969c811-64e0-4969-be67-0c4a652e8630', 'f4e7980c-238d-4579-a6aa-ac22425ff075', NULL, '2597b993-2bc1-4d9f-8fb9-ab4464a41303', '861f7878-6448-438b-a566-fe5936162371', 'e60c5af4-3382-4795-8a6c-72ffa3485acf'),
	('b95919ff-fef3-49a4-a9d1-c81449c82f7a', '2020-08-13 12:09:37', 'admin', 'admin', '2020-08-13 12:09:37', '028b39a7-071a-41a0-9b49-e0b41fe3e15d', NULL, NULL, NULL, NULL, NULL, 0, 1, 0, '0969c811-64e0-4969-be67-0c4a652e8630', '0c568c9d-d020-4759-9289-2883af8f8547', NULL, '23c4f358-1ece-4c82-8f33-a7480d39e723', 'd7af4503-be36-41dc-89af-025d1ee382c6', '698fc98f-98ab-4a99-8438-6083e543b323'),
	('5cabe168-f660-49ee-ae2d-5f49dda42c01', '2020-08-13 12:09:37', 'admin', 'admin', '2020-08-13 12:09:37', '65644d8d-0177-4575-a04e-a381e7edf44c', NULL, NULL, NULL, NULL, NULL, 0, 1, 0, '0969c811-64e0-4969-be67-0c4a652e8630', '87b049e2-b318-436e-aa03-e6042922af9a', NULL, '23c4f358-1ece-4c82-8f33-a7480d39e723', 'd7af4503-be36-41dc-89af-025d1ee382c6', '29658b4b-1b3d-48b6-a91e-e0f4e9043e44'),
	('c1b1324e-b663-41a9-b000-5aa265c152a6', '2020-08-13 12:09:37', 'admin', 'admin', '2020-08-13 12:09:37', '5b31e460-91c5-44cd-9794-888f6a96fa9d', NULL, NULL, NULL, NULL, NULL, 0, 1, 0, '0969c811-64e0-4969-be67-0c4a652e8630', 'b1a35a8c-d898-4522-afd7-c6ffc8177710', NULL, '23c4f358-1ece-4c82-8f33-a7480d39e723', 'd7af4503-be36-41dc-89af-025d1ee382c6', '5090534c-0193-45a9-b960-78dbaed9f9d5'),
	('5a6a9ba2-eeaf-4aa9-b817-d246a3aa0fe7', '2020-08-13 12:09:37', 'admin', 'admin', '2020-08-13 12:09:37', 'abf2310a-53b0-484d-ba7c-d894123f52fc', NULL, NULL, NULL, NULL, NULL, 0, 1, 0, '0969c811-64e0-4969-be67-0c4a652e8630', '8063bc96-3e7d-427f-adbb-fdd0be52487d', NULL, '23c4f358-1ece-4c82-8f33-a7480d39e723', 'd7af4503-be36-41dc-89af-025d1ee382c6', '15afd949-25f4-4f69-bf45-cf0e3c91c988'),
	('f0bccd42-90b0-4656-8fbb-d0015f3f605e', '2020-08-13 12:09:37', 'admin', 'admin', '2020-08-13 12:09:37', '76bd93ca-ef9b-479c-8e38-d07ee37d63fd', NULL, NULL, NULL, NULL, NULL, 0, 1, 0, '0969c811-64e0-4969-be67-0c4a652e8630', '7da70399-f202-4e02-aa72-c5254ee09b83', NULL, '23c4f358-1ece-4c82-8f33-a7480d39e723', 'd7af4503-be36-41dc-89af-025d1ee382c6', '816c86fc-9c81-4bd4-9d84-beee8ef148de'),
	('b839132f-8a0c-41ec-9d7b-c05e663c95b6', '2020-08-13 12:09:37', 'admin', 'admin', '2020-08-13 12:09:37', '520653db-240c-4faa-9d75-5597352267a5', NULL, NULL, NULL, NULL, NULL, 0, 1, 0, '0969c811-64e0-4969-be67-0c4a652e8630', 'f4e7980c-238d-4579-a6aa-ac22425ff075', NULL, '23c4f358-1ece-4c82-8f33-a7480d39e723', 'd7af4503-be36-41dc-89af-025d1ee382c6', '9bec582e-81de-46d1-be33-a02d60a57b59'),
	('da58ecc8-76c9-4abf-b7bb-6b114d5ae8fb', '2020-08-13 12:09:37', 'admin', 'admin', '2020-08-13 12:09:37', '572625f6-f1fb-433a-b514-b5c86433f8c7', NULL, NULL, NULL, NULL, NULL, 0, 1, 0, '0969c811-64e0-4969-be67-0c4a652e8630', '88b78e50-6c61-4d22-b211-65c4664cd8e6', NULL, '23c4f358-1ece-4c82-8f33-a7480d39e723', 'd7af4503-be36-41dc-89af-025d1ee382c6', '9a5e5ef8-54b6-42c6-8ea3-289b24ad37dc'),
	('a22f1607-10cd-4849-8a89-3f296c7a93dc', '2020-08-13 12:09:37', 'admin', 'admin', '2020-08-13 12:09:37', 'ae21813b-070e-42e5-824a-04053f2c85ff', NULL, NULL, NULL, NULL, NULL, 0, 1, 0, '0969c811-64e0-4969-be67-0c4a652e8630', '760d9e43-75a8-49d9-8447-e1580a5a8627', NULL, '23c4f358-1ece-4c82-8f33-a7480d39e723', 'd7af4503-be36-41dc-89af-025d1ee382c6', 'f60ae3be-c749-4855-ab35-abc86c4edd6c'),
	('40c6556d-4c29-4b16-a2ea-fdd3d87fc1f3', '2020-08-13 12:10:40', 'admin', 'admin', '2020-08-13 12:10:40', 'bf83d150-265f-4da5-9d47-cd294bc55e5c', NULL, NULL, NULL, NULL, NULL, 0, 1, 0, '0969c811-64e0-4969-be67-0c4a652e8630', 'b1a35a8c-d898-4522-afd7-c6ffc8177710', NULL, '2626321d-29a9-4086-90b4-0a34443fb4f4', 'e5d28d3d-07d2-42a6-aa4d-cdf1e32ad7d4', '673dba39-340d-431b-ad5f-5fad776adc06'),
	('ebdbb343-9bad-4bc8-8cf6-f396d730aae2', '2020-08-13 12:10:40', 'admin', 'admin', '2020-08-13 12:10:40', '300fb78b-8ffe-450e-a56b-b89e010202a3', NULL, NULL, NULL, NULL, NULL, 0, 1, 0, '0969c811-64e0-4969-be67-0c4a652e8630', '0c568c9d-d020-4759-9289-2883af8f8547', NULL, '2626321d-29a9-4086-90b4-0a34443fb4f4', 'e5d28d3d-07d2-42a6-aa4d-cdf1e32ad7d4', '44edcddf-74ee-4243-bc4c-ea53dfda0785'),
	('c2e437a9-0ab5-4c6b-8e7f-0104d7c7cc17', '2020-08-13 12:10:40', 'admin', 'admin', '2020-08-13 12:10:40', '11687868-69e8-4930-94ad-dc7be11fab50', NULL, NULL, NULL, NULL, NULL, 0, 1, 0, '0969c811-64e0-4969-be67-0c4a652e8630', '7da70399-f202-4e02-aa72-c5254ee09b83', NULL, '2626321d-29a9-4086-90b4-0a34443fb4f4', 'e5d28d3d-07d2-42a6-aa4d-cdf1e32ad7d4', '0628ab14-94a1-4952-9ee8-75704a8071af'),
	('259c498b-3518-4769-9a82-82dcabd8bde7', '2020-08-13 12:10:40', 'admin', 'admin', '2020-08-13 12:10:40', '2a6645c8-7055-4e7a-a69f-8d00d030f86d', NULL, NULL, NULL, NULL, NULL, 0, 1, 0, '0969c811-64e0-4969-be67-0c4a652e8630', 'f4e7980c-238d-4579-a6aa-ac22425ff075', NULL, '2626321d-29a9-4086-90b4-0a34443fb4f4', 'e5d28d3d-07d2-42a6-aa4d-cdf1e32ad7d4', 'e60c5af4-3382-4795-8a6c-72ffa3485acf'),
	('498c0c53-d2d7-4b8b-896b-b7c9bf70512a', '2020-08-13 12:10:40', 'admin', 'admin', '2020-08-13 12:10:40', 'fbfc363e-6c7c-4855-99f0-d9edc2d4951c', NULL, NULL, NULL, NULL, NULL, 0, 1, 0, '0969c811-64e0-4969-be67-0c4a652e8630', '8063bc96-3e7d-427f-adbb-fdd0be52487d', NULL, '2626321d-29a9-4086-90b4-0a34443fb4f4', 'e5d28d3d-07d2-42a6-aa4d-cdf1e32ad7d4', 'c90e12f4-7be5-4b18-a8c8-9482d0149b8f'),
	('f1514724-675b-4080-aeca-45c09a01ee4a', '2020-08-13 12:10:40', 'admin', 'admin', '2020-08-13 12:10:40', 'e7bf993d-0342-4d51-8120-7501007c475b', NULL, NULL, NULL, NULL, NULL, 0, 1, 0, '0969c811-64e0-4969-be67-0c4a652e8630', '760d9e43-75a8-49d9-8447-e1580a5a8627', NULL, '2626321d-29a9-4086-90b4-0a34443fb4f4', 'e5d28d3d-07d2-42a6-aa4d-cdf1e32ad7d4', '163ea8eb-5b6d-44e8-99b7-9218f86cdac9'),
	('93a0d516-f07d-4c4b-a12c-6ce9c2a56b69', '2020-08-13 12:10:40', 'admin', 'admin', '2020-08-13 12:10:40', '333cbe4f-feee-4a05-9107-3467f8de4c4e', NULL, NULL, NULL, NULL, NULL, 0, 1, 0, '0969c811-64e0-4969-be67-0c4a652e8630', '88b78e50-6c61-4d22-b211-65c4664cd8e6', NULL, '2626321d-29a9-4086-90b4-0a34443fb4f4', 'e5d28d3d-07d2-42a6-aa4d-cdf1e32ad7d4', 'a99a3878-1e64-4dc7-bb0b-fa58b39018f6'),
	('0178cf12-1475-44d0-8c66-0bd52bcf1a0e', '2020-08-13 12:10:40', 'admin', 'admin', '2020-08-13 12:10:40', 'e1661510-2f9b-4c40-b9ef-e68c4d03e29d', NULL, NULL, NULL, NULL, NULL, 0, 1, 0, '0969c811-64e0-4969-be67-0c4a652e8630', '87b049e2-b318-436e-aa03-e6042922af9a', NULL, '2626321d-29a9-4086-90b4-0a34443fb4f4', 'e5d28d3d-07d2-42a6-aa4d-cdf1e32ad7d4', '9eadbd99-6d24-41f6-98cc-3f8405c55ed8'),
	('1fdbffac-c667-4633-a6fc-6381726527a0', '2020-08-13 12:10:40', 'admin', 'admin', '2020-08-13 12:10:40', '07def896-590c-4495-be59-370cbb0506ec', NULL, NULL, NULL, NULL, NULL, 0, 1, 0, '0969c811-64e0-4969-be67-0c4a652e8630', '760d9e43-75a8-49d9-8447-e1580a5a8627', NULL, '27e8204d-068a-4259-9a27-d2b7b677b0ea', '57878831-34c0-4d12-80ba-2588963be8c6', '163ea8eb-5b6d-44e8-99b7-9218f86cdac9'),
	('33f31441-d797-4444-9e14-02490ad8de00', '2020-08-13 12:10:40', 'admin', 'admin', '2020-08-13 12:10:40', '047fd085-3a0d-467c-ad74-6307bf55fbea', NULL, NULL, NULL, NULL, NULL, 0, 1, 0, '0969c811-64e0-4969-be67-0c4a652e8630', '87b049e2-b318-436e-aa03-e6042922af9a', NULL, '27e8204d-068a-4259-9a27-d2b7b677b0ea', '57878831-34c0-4d12-80ba-2588963be8c6', '9eadbd99-6d24-41f6-98cc-3f8405c55ed8'),
	('c3fa712e-45dd-447a-9ceb-289b4e3bbad1', '2020-08-13 12:10:40', 'admin', 'admin', '2020-08-13 12:10:40', '134ad108-dc8f-4c87-ab46-36deb4cd96f5', NULL, NULL, NULL, NULL, NULL, 0, 1, 0, '0969c811-64e0-4969-be67-0c4a652e8630', '88b78e50-6c61-4d22-b211-65c4664cd8e6', NULL, '27e8204d-068a-4259-9a27-d2b7b677b0ea', '57878831-34c0-4d12-80ba-2588963be8c6', 'a99a3878-1e64-4dc7-bb0b-fa58b39018f6'),
	('8c6b9066-3305-4196-b76c-2279fd7ce6d4', '2020-08-13 12:10:40', 'admin', 'admin', '2020-08-13 12:10:40', '6a7b5927-01a9-4ccf-b2f1-2ebe738af06b', NULL, NULL, NULL, NULL, NULL, 0, 1, 0, '0969c811-64e0-4969-be67-0c4a652e8630', '0c568c9d-d020-4759-9289-2883af8f8547', NULL, '27e8204d-068a-4259-9a27-d2b7b677b0ea', '57878831-34c0-4d12-80ba-2588963be8c6', '44edcddf-74ee-4243-bc4c-ea53dfda0785'),
	('4ae895ea-aaf5-4de0-aef1-6fab393d0b16', '2020-08-13 12:10:40', 'admin', 'admin', '2020-08-13 12:10:40', '6eeaa642-e2ef-4ad9-a472-dde542ec6459', NULL, NULL, NULL, NULL, NULL, 0, 1, 0, '0969c811-64e0-4969-be67-0c4a652e8630', 'b1a35a8c-d898-4522-afd7-c6ffc8177710', NULL, '27e8204d-068a-4259-9a27-d2b7b677b0ea', '57878831-34c0-4d12-80ba-2588963be8c6', '673dba39-340d-431b-ad5f-5fad776adc06'),
	('4c284d1b-7d30-4b00-94fe-efa7f5b7481f', '2020-08-13 12:10:40', 'admin', 'admin', '2020-08-13 12:10:40', '9399e28b-7bcc-4dbd-8006-57b1a011e4d4', NULL, NULL, NULL, NULL, NULL, 0, 1, 0, '0969c811-64e0-4969-be67-0c4a652e8630', 'f4e7980c-238d-4579-a6aa-ac22425ff075', NULL, '27e8204d-068a-4259-9a27-d2b7b677b0ea', '57878831-34c0-4d12-80ba-2588963be8c6', 'e60c5af4-3382-4795-8a6c-72ffa3485acf'),
	('78196171-f7a2-4b2b-bfeb-6cadb4b1f66b', '2020-08-13 12:10:40', 'admin', 'admin', '2020-08-13 12:10:40', '9ecf5aad-57d9-4bec-81e8-837875bc49cb', NULL, NULL, NULL, NULL, NULL, 0, 1, 0, '0969c811-64e0-4969-be67-0c4a652e8630', '7da70399-f202-4e02-aa72-c5254ee09b83', NULL, '27e8204d-068a-4259-9a27-d2b7b677b0ea', '57878831-34c0-4d12-80ba-2588963be8c6', '0628ab14-94a1-4952-9ee8-75704a8071af'),
	('03080438-54dd-46e0-a5bf-79e80cb23e9a', '2020-08-13 12:10:40', 'admin', 'admin', '2020-08-13 12:10:40', 'abc46236-4112-4baf-b14a-ddfe4c8342b9', NULL, NULL, NULL, NULL, NULL, 0, 1, 0, '0969c811-64e0-4969-be67-0c4a652e8630', '8063bc96-3e7d-427f-adbb-fdd0be52487d', NULL, '27e8204d-068a-4259-9a27-d2b7b677b0ea', '57878831-34c0-4d12-80ba-2588963be8c6', 'c90e12f4-7be5-4b18-a8c8-9482d0149b8f'),
	('67404c19-e4f3-4a91-b14a-a0f29dabd3ec', '2020-08-13 12:10:40', 'admin', 'admin', '2020-08-13 12:10:40', '38d7d18f-1db2-4378-9b6c-e4e0225c902c', NULL, NULL, NULL, NULL, NULL, 0, 1, 0, '0969c811-64e0-4969-be67-0c4a652e8630', 'b1a35a8c-d898-4522-afd7-c6ffc8177710', NULL, '2867c5df-3048-4423-94e4-d5ebb4d5b75f', 'cf8746b1-f6b5-4b23-944e-6aff54102586', '673dba39-340d-431b-ad5f-5fad776adc06'),
	('3bf136a9-1202-4836-b859-a6e11b5bd86b', '2020-08-13 12:10:40', 'admin', 'admin', '2020-08-13 12:10:40', 'a21b0b46-737c-4c1e-a2af-e3ebb089330a', NULL, NULL, NULL, NULL, NULL, 0, 1, 0, '0969c811-64e0-4969-be67-0c4a652e8630', '87b049e2-b318-436e-aa03-e6042922af9a', NULL, '2867c5df-3048-4423-94e4-d5ebb4d5b75f', 'cf8746b1-f6b5-4b23-944e-6aff54102586', '9eadbd99-6d24-41f6-98cc-3f8405c55ed8'),
	('fb012153-c94d-4bfd-bfd7-bb634bb26d2b', '2020-08-13 12:10:40', 'admin', 'admin', '2020-08-13 12:10:40', 'a208855c-0cb9-4455-be53-f39dcea1ca84', NULL, NULL, NULL, NULL, NULL, 0, 1, 0, '0969c811-64e0-4969-be67-0c4a652e8630', '760d9e43-75a8-49d9-8447-e1580a5a8627', NULL, '2867c5df-3048-4423-94e4-d5ebb4d5b75f', 'cf8746b1-f6b5-4b23-944e-6aff54102586', '163ea8eb-5b6d-44e8-99b7-9218f86cdac9'),
	('18453126-9211-4a55-9dab-75dd319423ed', '2020-08-13 12:10:40', 'admin', 'admin', '2020-08-13 12:10:40', 'f29b8f9b-537c-40f2-8e2a-7d896eff9ea2', NULL, NULL, NULL, NULL, NULL, 0, 1, 0, '0969c811-64e0-4969-be67-0c4a652e8630', '8063bc96-3e7d-427f-adbb-fdd0be52487d', NULL, '2867c5df-3048-4423-94e4-d5ebb4d5b75f', 'cf8746b1-f6b5-4b23-944e-6aff54102586', 'c90e12f4-7be5-4b18-a8c8-9482d0149b8f'),
	('76fe5568-f59c-475b-abd9-a2e57954bd09', '2020-08-13 12:10:40', 'admin', 'admin', '2020-08-13 12:10:40', 'dcd7e6e5-da9b-43ec-81b4-9d8933e35473', NULL, NULL, NULL, NULL, NULL, 0, 1, 0, '0969c811-64e0-4969-be67-0c4a652e8630', '7da70399-f202-4e02-aa72-c5254ee09b83', NULL, '2867c5df-3048-4423-94e4-d5ebb4d5b75f', 'cf8746b1-f6b5-4b23-944e-6aff54102586', '0628ab14-94a1-4952-9ee8-75704a8071af'),
	('c3610d1d-108e-41f8-abc4-67f3060357b6', '2020-08-13 12:10:40', 'admin', 'admin', '2020-08-13 12:10:40', '6b2dc6d3-3d2e-45e0-9e0b-d4e6f4f6509d', NULL, NULL, NULL, NULL, NULL, 0, 1, 0, '0969c811-64e0-4969-be67-0c4a652e8630', '0c568c9d-d020-4759-9289-2883af8f8547', NULL, '2867c5df-3048-4423-94e4-d5ebb4d5b75f', 'cf8746b1-f6b5-4b23-944e-6aff54102586', '44edcddf-74ee-4243-bc4c-ea53dfda0785'),
	('a0e72ea5-d6ea-40ee-a92a-76f09698ce5d', '2020-08-13 12:10:40', 'admin', 'admin', '2020-08-13 12:10:40', '8db977e9-d15e-4a35-ae04-cfd796a0e35c', NULL, NULL, NULL, NULL, NULL, 0, 1, 0, '0969c811-64e0-4969-be67-0c4a652e8630', 'f4e7980c-238d-4579-a6aa-ac22425ff075', NULL, '2867c5df-3048-4423-94e4-d5ebb4d5b75f', 'cf8746b1-f6b5-4b23-944e-6aff54102586', 'e60c5af4-3382-4795-8a6c-72ffa3485acf'),
	('118f6366-3481-4caa-a833-5635856b63d5', '2020-08-13 12:10:40', 'admin', 'admin', '2020-08-13 12:10:40', 'bfafd752-0e0f-42db-b1e6-6b5a4ebb2d02', NULL, NULL, NULL, NULL, NULL, 0, 1, 0, '0969c811-64e0-4969-be67-0c4a652e8630', '88b78e50-6c61-4d22-b211-65c4664cd8e6', NULL, '2867c5df-3048-4423-94e4-d5ebb4d5b75f', 'cf8746b1-f6b5-4b23-944e-6aff54102586', 'a99a3878-1e64-4dc7-bb0b-fa58b39018f6'),
	('f1af5088-36a6-46ea-9ffe-78040ebf391b', '2020-08-13 12:10:40', 'admin', 'admin', '2020-08-13 12:10:40', 'c637a724-0a50-4153-ba46-34c2eaacd855', NULL, NULL, NULL, NULL, NULL, 0, 1, 0, '0969c811-64e0-4969-be67-0c4a652e8630', '87b049e2-b318-436e-aa03-e6042922af9a', NULL, '29ce94d3-04f4-4a6b-a628-391f24417812', '682c3bf5-b2e7-4243-8cfe-789b8b16d59a', '9eadbd99-6d24-41f6-98cc-3f8405c55ed8'),
	('4ac82a7a-7117-440b-a802-1635cceed796', '2020-08-13 12:10:40', 'admin', 'admin', '2020-08-13 12:10:40', 'e647029d-911c-4dd1-9a7b-ce6bf4020859', NULL, NULL, NULL, NULL, NULL, 0, 1, 0, '0969c811-64e0-4969-be67-0c4a652e8630', 'f4e7980c-238d-4579-a6aa-ac22425ff075', NULL, '29ce94d3-04f4-4a6b-a628-391f24417812', '682c3bf5-b2e7-4243-8cfe-789b8b16d59a', 'e60c5af4-3382-4795-8a6c-72ffa3485acf'),
	('e7a5b7b1-edde-4150-8ddd-b35f1426e697', '2020-08-13 12:10:40', 'admin', 'admin', '2020-08-13 12:10:40', 'c8f37aa1-dfdf-4413-aaf4-b8bbd6c9447a', NULL, NULL, NULL, NULL, NULL, 0, 1, 0, '0969c811-64e0-4969-be67-0c4a652e8630', '0c568c9d-d020-4759-9289-2883af8f8547', NULL, '29ce94d3-04f4-4a6b-a628-391f24417812', '682c3bf5-b2e7-4243-8cfe-789b8b16d59a', '44edcddf-74ee-4243-bc4c-ea53dfda0785'),
	('0c290d3c-fbac-4fae-afa6-4783ab85eaa8', '2020-08-13 12:10:40', 'admin', 'admin', '2020-08-13 12:10:40', '22358255-22d2-4df1-9175-5b1757c063fa', NULL, NULL, NULL, NULL, NULL, 0, 1, 0, '0969c811-64e0-4969-be67-0c4a652e8630', '760d9e43-75a8-49d9-8447-e1580a5a8627', NULL, '29ce94d3-04f4-4a6b-a628-391f24417812', '682c3bf5-b2e7-4243-8cfe-789b8b16d59a', '163ea8eb-5b6d-44e8-99b7-9218f86cdac9'),
	('4cfac38e-109e-452b-8078-e9a69b8298ff', '2020-08-13 12:10:40', 'admin', 'admin', '2020-08-13 12:10:40', '23d05607-ac1b-4f76-839a-fb967386cdce', NULL, NULL, NULL, NULL, NULL, 0, 1, 0, '0969c811-64e0-4969-be67-0c4a652e8630', '7da70399-f202-4e02-aa72-c5254ee09b83', NULL, '29ce94d3-04f4-4a6b-a628-391f24417812', '682c3bf5-b2e7-4243-8cfe-789b8b16d59a', '0628ab14-94a1-4952-9ee8-75704a8071af'),
	('bfb917ae-169b-42c5-8dc8-359966ecb9fc', '2020-08-13 12:10:40', 'admin', 'admin', '2020-08-13 12:10:40', 'f1bbc4df-4d3e-4a07-a23d-6e038775b3d3', NULL, NULL, NULL, NULL, NULL, 0, 1, 0, '0969c811-64e0-4969-be67-0c4a652e8630', 'b1a35a8c-d898-4522-afd7-c6ffc8177710', NULL, '29ce94d3-04f4-4a6b-a628-391f24417812', '682c3bf5-b2e7-4243-8cfe-789b8b16d59a', '673dba39-340d-431b-ad5f-5fad776adc06'),
	('9f87ea12-6100-4619-8308-9d4430eab2e4', '2020-08-13 12:10:40', 'admin', 'admin', '2020-08-13 12:10:40', '142b6582-259e-4fa7-9e1c-de43317c92fe', NULL, NULL, NULL, NULL, NULL, 0, 1, 0, '0969c811-64e0-4969-be67-0c4a652e8630', '88b78e50-6c61-4d22-b211-65c4664cd8e6', NULL, '29ce94d3-04f4-4a6b-a628-391f24417812', '682c3bf5-b2e7-4243-8cfe-789b8b16d59a', 'a99a3878-1e64-4dc7-bb0b-fa58b39018f6'),
	('870949cf-c71c-483a-b226-3070593fcd04', '2020-08-13 12:10:40', 'admin', 'admin', '2020-08-13 12:10:40', '2820c088-543b-4080-bca3-1b63c45661be', NULL, NULL, NULL, NULL, NULL, 0, 1, 0, '0969c811-64e0-4969-be67-0c4a652e8630', '8063bc96-3e7d-427f-adbb-fdd0be52487d', NULL, '29ce94d3-04f4-4a6b-a628-391f24417812', '682c3bf5-b2e7-4243-8cfe-789b8b16d59a', 'c90e12f4-7be5-4b18-a8c8-9482d0149b8f'),
	('51a987a4-c759-4168-a77a-95baca359aa0', '2020-08-13 12:10:40', 'admin', 'admin', '2020-08-13 12:10:40', 'a6c886de-96cb-47c6-82c2-e46ee3923536', NULL, NULL, NULL, NULL, NULL, 0, 1, 0, '0969c811-64e0-4969-be67-0c4a652e8630', '8063bc96-3e7d-427f-adbb-fdd0be52487d', NULL, '29e411c1-0ccb-4eb0-8cfd-f28e3649bd1c', '18441b11-af3c-4feb-9afa-ffcbaf5c263e', 'c90e12f4-7be5-4b18-a8c8-9482d0149b8f'),
	('6b6beca7-91f4-4252-9dee-98b096a12365', '2020-08-13 12:10:40', 'admin', 'admin', '2020-08-13 12:10:40', 'ce5f1797-4501-4daf-a51f-8e8c069e1faf', NULL, NULL, NULL, NULL, NULL, 0, 1, 0, '0969c811-64e0-4969-be67-0c4a652e8630', 'b1a35a8c-d898-4522-afd7-c6ffc8177710', NULL, '29e411c1-0ccb-4eb0-8cfd-f28e3649bd1c', '18441b11-af3c-4feb-9afa-ffcbaf5c263e', '673dba39-340d-431b-ad5f-5fad776adc06'),
	('57e376f0-1d82-482b-965a-9444e3f91a4b', '2020-08-13 12:10:40', 'admin', 'admin', '2020-08-13 12:10:40', 'c07c803b-6f27-4a18-9b5c-2d32a257a02e', NULL, NULL, NULL, NULL, NULL, 0, 1, 0, '0969c811-64e0-4969-be67-0c4a652e8630', 'f4e7980c-238d-4579-a6aa-ac22425ff075', NULL, '29e411c1-0ccb-4eb0-8cfd-f28e3649bd1c', '18441b11-af3c-4feb-9afa-ffcbaf5c263e', 'e60c5af4-3382-4795-8a6c-72ffa3485acf'),
	('bf3b16fd-1e1f-4e6b-a7e2-4f8f9f882a1b', '2020-08-13 12:10:40', 'admin', 'admin', '2020-08-13 12:10:40', '6b58e68b-4a7c-418e-96c1-54c1492df4d2', NULL, NULL, NULL, NULL, NULL, 0, 1, 0, '0969c811-64e0-4969-be67-0c4a652e8630', '760d9e43-75a8-49d9-8447-e1580a5a8627', NULL, '29e411c1-0ccb-4eb0-8cfd-f28e3649bd1c', '18441b11-af3c-4feb-9afa-ffcbaf5c263e', '163ea8eb-5b6d-44e8-99b7-9218f86cdac9'),
	('c8506828-9982-4338-ba35-a8cd616b1f51', '2020-08-13 12:10:40', 'admin', 'admin', '2020-08-13 12:10:40', '0aa42818-291b-446a-b714-490fb87f1a95', NULL, NULL, NULL, NULL, NULL, 0, 1, 0, '0969c811-64e0-4969-be67-0c4a652e8630', '0c568c9d-d020-4759-9289-2883af8f8547', NULL, '29e411c1-0ccb-4eb0-8cfd-f28e3649bd1c', '18441b11-af3c-4feb-9afa-ffcbaf5c263e', '44edcddf-74ee-4243-bc4c-ea53dfda0785'),
	('9f0ba098-928e-4d2c-b87f-478d580dbab9', '2020-08-13 12:10:40', 'admin', 'admin', '2020-08-13 12:10:40', 'f757acaf-473b-410f-b41a-16663c1453db', NULL, NULL, NULL, NULL, NULL, 0, 1, 0, '0969c811-64e0-4969-be67-0c4a652e8630', '7da70399-f202-4e02-aa72-c5254ee09b83', NULL, '29e411c1-0ccb-4eb0-8cfd-f28e3649bd1c', '18441b11-af3c-4feb-9afa-ffcbaf5c263e', '0628ab14-94a1-4952-9ee8-75704a8071af'),
	('7efed0ce-0f58-434f-be05-ae6674f2be28', '2020-08-13 12:10:40', 'admin', 'admin', '2020-08-13 12:10:40', '4c21d662-8203-4c75-88f8-dfe4dd7de26d', NULL, NULL, NULL, NULL, NULL, 0, 1, 0, '0969c811-64e0-4969-be67-0c4a652e8630', '87b049e2-b318-436e-aa03-e6042922af9a', NULL, '29e411c1-0ccb-4eb0-8cfd-f28e3649bd1c', '18441b11-af3c-4feb-9afa-ffcbaf5c263e', '9eadbd99-6d24-41f6-98cc-3f8405c55ed8'),
	('2681a8dc-2e42-4625-9beb-53b3acf1f079', '2020-08-13 12:10:40', 'admin', 'admin', '2020-08-13 12:10:40', 'e7e9d913-17f4-4b7d-ad84-69dd0e0d48bc', NULL, NULL, NULL, NULL, NULL, 0, 1, 0, '0969c811-64e0-4969-be67-0c4a652e8630', '88b78e50-6c61-4d22-b211-65c4664cd8e6', NULL, '29e411c1-0ccb-4eb0-8cfd-f28e3649bd1c', '18441b11-af3c-4feb-9afa-ffcbaf5c263e', 'a99a3878-1e64-4dc7-bb0b-fa58b39018f6'),
	('6cb4f923-5181-45e6-9d6c-ab42df0311d3', '2020-08-13 12:10:40', 'admin', 'admin', '2020-08-13 12:10:40', 'a2c5fbca-0a97-4735-81ea-35119ba2c313', NULL, NULL, NULL, NULL, NULL, 0, 1, 0, '0969c811-64e0-4969-be67-0c4a652e8630', '87b049e2-b318-436e-aa03-e6042922af9a', NULL, '2ef04019-a096-4bb1-8439-240819e17967', 'c9cf3748-b3ab-49a7-ba2e-9b0900e6643d', '9eadbd99-6d24-41f6-98cc-3f8405c55ed8'),
	('1cbc6053-d941-4cb6-bd85-4213cbc77524', '2020-08-13 12:10:40', 'admin', 'admin', '2020-08-13 12:10:40', '61d30b25-9534-436e-9535-e9fc2f4a53dd', NULL, NULL, NULL, NULL, NULL, 0, 1, 0, '0969c811-64e0-4969-be67-0c4a652e8630', '760d9e43-75a8-49d9-8447-e1580a5a8627', NULL, '2ef04019-a096-4bb1-8439-240819e17967', 'c9cf3748-b3ab-49a7-ba2e-9b0900e6643d', '163ea8eb-5b6d-44e8-99b7-9218f86cdac9'),
	('24b4bd39-0a36-4b97-bd4c-3bfa034c178a', '2020-08-13 12:10:40', 'admin', 'admin', '2020-08-13 12:10:40', '3a2590e0-7209-490e-aa2d-ab5e702f9f41', NULL, NULL, NULL, NULL, NULL, 0, 1, 0, '0969c811-64e0-4969-be67-0c4a652e8630', '88b78e50-6c61-4d22-b211-65c4664cd8e6', NULL, '2ef04019-a096-4bb1-8439-240819e17967', 'c9cf3748-b3ab-49a7-ba2e-9b0900e6643d', 'a99a3878-1e64-4dc7-bb0b-fa58b39018f6'),
	('8f145f50-e017-46f0-bb04-b6af30779764', '2020-08-13 12:10:40', 'admin', 'admin', '2020-08-13 12:10:40', '4e0f94a1-037c-4259-b328-befb77a696a4', NULL, NULL, NULL, NULL, NULL, 0, 1, 0, '0969c811-64e0-4969-be67-0c4a652e8630', 'b1a35a8c-d898-4522-afd7-c6ffc8177710', NULL, '2ef04019-a096-4bb1-8439-240819e17967', 'c9cf3748-b3ab-49a7-ba2e-9b0900e6643d', '673dba39-340d-431b-ad5f-5fad776adc06'),
	('640c1a4b-84db-4cbe-b9a4-b0f62557153e', '2020-08-13 12:10:40', 'admin', 'admin', '2020-08-13 12:10:40', '5de25963-c599-4926-bee3-1a222188a13f', NULL, NULL, NULL, NULL, NULL, 0, 1, 0, '0969c811-64e0-4969-be67-0c4a652e8630', 'f4e7980c-238d-4579-a6aa-ac22425ff075', NULL, '2ef04019-a096-4bb1-8439-240819e17967', 'c9cf3748-b3ab-49a7-ba2e-9b0900e6643d', 'e60c5af4-3382-4795-8a6c-72ffa3485acf'),
	('1815a208-d1bd-433b-b181-adad9b198d7f', '2020-08-13 12:10:40', 'admin', 'admin', '2020-08-13 12:10:40', '0c2ed54d-3896-4810-a69b-3d9a38abbbdb', NULL, NULL, NULL, NULL, NULL, 0, 1, 0, '0969c811-64e0-4969-be67-0c4a652e8630', '0c568c9d-d020-4759-9289-2883af8f8547', NULL, '2ef04019-a096-4bb1-8439-240819e17967', 'c9cf3748-b3ab-49a7-ba2e-9b0900e6643d', '44edcddf-74ee-4243-bc4c-ea53dfda0785'),
	('408fbaf5-164f-4ae8-a14a-b5a43f0f0d2c', '2020-08-13 12:10:40', 'admin', 'admin', '2020-08-13 12:10:40', 'e60985ef-b80e-4d8a-8ab1-c0103066072e', NULL, NULL, NULL, NULL, NULL, 0, 1, 0, '0969c811-64e0-4969-be67-0c4a652e8630', '7da70399-f202-4e02-aa72-c5254ee09b83', NULL, '2ef04019-a096-4bb1-8439-240819e17967', 'c9cf3748-b3ab-49a7-ba2e-9b0900e6643d', '0628ab14-94a1-4952-9ee8-75704a8071af'),
	('dc10b449-f734-4c59-a4ae-0983ccdb355e', '2020-08-13 12:10:40', 'admin', 'admin', '2020-08-13 12:10:40', 'd03ff111-5af9-46b9-85ea-17e8abb188ad', NULL, NULL, NULL, NULL, NULL, 0, 1, 0, '0969c811-64e0-4969-be67-0c4a652e8630', '8063bc96-3e7d-427f-adbb-fdd0be52487d', NULL, '2ef04019-a096-4bb1-8439-240819e17967', 'c9cf3748-b3ab-49a7-ba2e-9b0900e6643d', 'c90e12f4-7be5-4b18-a8c8-9482d0149b8f'),
	('5590451a-6d3a-4333-8feb-7ff3d6e40708', '2020-08-13 12:09:38', 'admin', 'admin', '2020-08-13 12:09:38', 'd45f25da-cbec-4c54-afb6-7263a675b37c', NULL, NULL, NULL, NULL, NULL, 0, 1, 0, '0969c811-64e0-4969-be67-0c4a652e8630', '760d9e43-75a8-49d9-8447-e1580a5a8627', NULL, '2b4ce269-3d1f-4db6-887c-8e990b4a49c9', '1860a66c-432f-4d13-8bfa-c94f63d182e5', 'f60ae3be-c749-4855-ab35-abc86c4edd6c'),
	('22152e22-d43f-47d2-a5e7-96b2eb023844', '2020-08-13 12:09:38', 'admin', 'admin', '2020-08-13 12:09:38', '030d86a1-5cf0-403e-b4ea-9f21a2601189', NULL, NULL, NULL, NULL, NULL, 0, 1, 0, '0969c811-64e0-4969-be67-0c4a652e8630', '87b049e2-b318-436e-aa03-e6042922af9a', NULL, '2b4ce269-3d1f-4db6-887c-8e990b4a49c9', '1860a66c-432f-4d13-8bfa-c94f63d182e5', '29658b4b-1b3d-48b6-a91e-e0f4e9043e44'),
	('5548f7fe-e28c-471d-bf00-13315e70b693', '2020-08-13 12:09:38', 'admin', 'admin', '2020-08-13 12:09:38', 'cf778afa-0fee-4ff9-83ce-b5e181b72c82', NULL, NULL, NULL, NULL, NULL, 0, 1, 0, '0969c811-64e0-4969-be67-0c4a652e8630', '88b78e50-6c61-4d22-b211-65c4664cd8e6', NULL, '2b4ce269-3d1f-4db6-887c-8e990b4a49c9', '1860a66c-432f-4d13-8bfa-c94f63d182e5', '9a5e5ef8-54b6-42c6-8ea3-289b24ad37dc'),
	('f39e4d8b-d268-47c4-b44b-2a94fb0b6ea0', '2020-08-13 12:09:38', 'admin', 'admin', '2020-08-13 12:09:38', 'e330e93e-40aa-4a29-a2da-e59c7ca5b5ba', NULL, NULL, NULL, NULL, NULL, 0, 1, 0, '0969c811-64e0-4969-be67-0c4a652e8630', '0c568c9d-d020-4759-9289-2883af8f8547', NULL, '2b4ce269-3d1f-4db6-887c-8e990b4a49c9', '1860a66c-432f-4d13-8bfa-c94f63d182e5', '698fc98f-98ab-4a99-8438-6083e543b323'),
	('ea95d576-01b0-44a4-b898-0c2416c449b4', '2020-08-13 12:09:38', 'admin', 'admin', '2020-08-13 12:09:38', '8f218f39-28a6-4af5-a5b8-0dd606809403', NULL, NULL, NULL, NULL, NULL, 0, 1, 0, '0969c811-64e0-4969-be67-0c4a652e8630', 'b1a35a8c-d898-4522-afd7-c6ffc8177710', NULL, '2b4ce269-3d1f-4db6-887c-8e990b4a49c9', '1860a66c-432f-4d13-8bfa-c94f63d182e5', '5090534c-0193-45a9-b960-78dbaed9f9d5'),
	('4ca845ba-7551-45cb-8b28-3b88525cd1f9', '2020-08-13 12:09:38', 'admin', 'admin', '2020-08-13 12:09:38', '915e8836-26f1-4bd8-99cc-24bfbbaa56e1', NULL, NULL, NULL, NULL, NULL, 0, 1, 0, '0969c811-64e0-4969-be67-0c4a652e8630', 'f4e7980c-238d-4579-a6aa-ac22425ff075', NULL, '2b4ce269-3d1f-4db6-887c-8e990b4a49c9', '1860a66c-432f-4d13-8bfa-c94f63d182e5', '9bec582e-81de-46d1-be33-a02d60a57b59'),
	('3a4fe026-70df-4bf0-852e-9e41435858ba', '2020-08-13 12:09:38', 'admin', 'admin', '2020-08-13 12:09:38', 'f517b053-96b4-4e34-99a6-2d1d90ea3f79', NULL, NULL, NULL, NULL, NULL, 0, 1, 0, '0969c811-64e0-4969-be67-0c4a652e8630', '7da70399-f202-4e02-aa72-c5254ee09b83', NULL, '2b4ce269-3d1f-4db6-887c-8e990b4a49c9', '1860a66c-432f-4d13-8bfa-c94f63d182e5', '816c86fc-9c81-4bd4-9d84-beee8ef148de'),
	('6a6eb194-ddb5-4fb7-b1e5-03fd9eda5602', '2020-08-13 12:09:38', 'admin', 'admin', '2020-08-13 12:09:38', '81b6046f-a077-41b2-8355-e1ae3bfae47f', NULL, NULL, NULL, NULL, NULL, 0, 1, 0, '0969c811-64e0-4969-be67-0c4a652e8630', '8063bc96-3e7d-427f-adbb-fdd0be52487d', NULL, '2b4ce269-3d1f-4db6-887c-8e990b4a49c9', '1860a66c-432f-4d13-8bfa-c94f63d182e5', '15afd949-25f4-4f69-bf45-cf0e3c91c988'),
	('33424ff1-cfe2-4e22-9971-ba1f2417f2c7', '2020-08-13 12:09:38', 'admin', 'admin', '2020-08-13 12:09:38', '5d977d90-d33e-450f-b86c-2ad0fba70c05', NULL, NULL, NULL, NULL, NULL, 0, 1, 0, '0969c811-64e0-4969-be67-0c4a652e8630', '760d9e43-75a8-49d9-8447-e1580a5a8627', NULL, '2c4af76d-4951-44eb-9865-a0dc77941b3f', 'eafe3903-d6bf-4770-b34a-30d8765e73fe', 'f60ae3be-c749-4855-ab35-abc86c4edd6c'),
	('34f0ba41-902f-4993-845d-cceb9f5eb196', '2020-08-13 12:09:38', 'admin', 'admin', '2020-08-13 12:09:38', '6cf5bbd5-2e6a-4f52-b65b-9f186f99b477', NULL, NULL, NULL, NULL, NULL, 0, 1, 0, '0969c811-64e0-4969-be67-0c4a652e8630', '8063bc96-3e7d-427f-adbb-fdd0be52487d', NULL, '2c4af76d-4951-44eb-9865-a0dc77941b3f', 'eafe3903-d6bf-4770-b34a-30d8765e73fe', '15afd949-25f4-4f69-bf45-cf0e3c91c988'),
	('78a40771-3a9e-4309-8549-6842ad26d2e5', '2020-08-13 12:09:38', 'admin', 'admin', '2020-08-13 12:09:38', 'f265a42a-ae32-45e2-9d58-6aa5034121cd', NULL, NULL, NULL, NULL, NULL, 0, 1, 0, '0969c811-64e0-4969-be67-0c4a652e8630', '7da70399-f202-4e02-aa72-c5254ee09b83', NULL, '2c4af76d-4951-44eb-9865-a0dc77941b3f', 'eafe3903-d6bf-4770-b34a-30d8765e73fe', '816c86fc-9c81-4bd4-9d84-beee8ef148de'),
	('cbaa5ea3-95d2-40f9-b852-935531aede54', '2020-08-13 12:09:38', 'admin', 'admin', '2020-08-13 12:09:38', '61a980a6-c91a-4cdc-9363-768f7d6bfad2', NULL, NULL, NULL, NULL, NULL, 0, 1, 0, '0969c811-64e0-4969-be67-0c4a652e8630', '88b78e50-6c61-4d22-b211-65c4664cd8e6', NULL, '2c4af76d-4951-44eb-9865-a0dc77941b3f', 'eafe3903-d6bf-4770-b34a-30d8765e73fe', '9a5e5ef8-54b6-42c6-8ea3-289b24ad37dc'),
	('bd15b666-896c-4577-b9e5-c36dd45830b7', '2020-08-13 12:09:38', 'admin', 'admin', '2020-08-13 12:09:38', '70d117cc-f22a-4820-86d1-152a64526b25', NULL, NULL, NULL, NULL, NULL, 0, 1, 0, '0969c811-64e0-4969-be67-0c4a652e8630', '87b049e2-b318-436e-aa03-e6042922af9a', NULL, '2c4af76d-4951-44eb-9865-a0dc77941b3f', 'eafe3903-d6bf-4770-b34a-30d8765e73fe', '29658b4b-1b3d-48b6-a91e-e0f4e9043e44'),
	('81db79fb-352b-4c6d-8f33-60cc247a7b90', '2020-08-13 12:09:38', 'admin', 'admin', '2020-08-13 12:09:38', 'aefb7827-cfd3-4b9a-8dec-f55a02de4db2', NULL, NULL, NULL, NULL, NULL, 0, 1, 0, '0969c811-64e0-4969-be67-0c4a652e8630', '0c568c9d-d020-4759-9289-2883af8f8547', NULL, '2c4af76d-4951-44eb-9865-a0dc77941b3f', 'eafe3903-d6bf-4770-b34a-30d8765e73fe', '698fc98f-98ab-4a99-8438-6083e543b323'),
	('4aa4602f-2e8b-4173-849e-3fed159d33aa', '2020-08-13 12:09:38', 'admin', 'admin', '2020-08-13 12:09:38', 'a06b9d11-746b-4a29-b740-7e9740aa42b1', NULL, NULL, NULL, NULL, NULL, 0, 1, 0, '0969c811-64e0-4969-be67-0c4a652e8630', 'f4e7980c-238d-4579-a6aa-ac22425ff075', NULL, '2c4af76d-4951-44eb-9865-a0dc77941b3f', 'eafe3903-d6bf-4770-b34a-30d8765e73fe', '9bec582e-81de-46d1-be33-a02d60a57b59'),
	('f1db40cc-d1d6-4843-9251-f1848ea0b2ac', '2020-08-13 12:09:38', 'admin', 'admin', '2020-08-13 12:09:38', '04871a8f-3aeb-4226-8a61-447548cf11ad', NULL, NULL, NULL, NULL, NULL, 0, 1, 0, '0969c811-64e0-4969-be67-0c4a652e8630', 'b1a35a8c-d898-4522-afd7-c6ffc8177710', NULL, '2c4af76d-4951-44eb-9865-a0dc77941b3f', 'eafe3903-d6bf-4770-b34a-30d8765e73fe', '5090534c-0193-45a9-b960-78dbaed9f9d5'),
	('6cfd496d-3b23-48bd-a679-7526a9a22477', '2020-08-13 12:09:38', 'admin', 'admin', '2020-08-13 12:09:38', 'edcfdb45-18b1-4a33-b43d-1fbf6d298d9f', NULL, NULL, NULL, NULL, NULL, 0, 1, 0, '0969c811-64e0-4969-be67-0c4a652e8630', 'b1a35a8c-d898-4522-afd7-c6ffc8177710', NULL, '2c66959d-ec9c-4a0e-ad57-726df1ad8534', '1c4d2b5e-b068-452a-a3d8-f304ebee2627', '5090534c-0193-45a9-b960-78dbaed9f9d5'),
	('392fd4cd-379d-49d6-b913-0ac276fab5c8', '2020-08-13 12:09:38', 'admin', 'admin', '2020-08-13 12:09:38', 'f3062259-c05e-4430-9da5-9b39c4023770', NULL, NULL, NULL, NULL, NULL, 0, 1, 0, '0969c811-64e0-4969-be67-0c4a652e8630', '88b78e50-6c61-4d22-b211-65c4664cd8e6', NULL, '2c66959d-ec9c-4a0e-ad57-726df1ad8534', '1c4d2b5e-b068-452a-a3d8-f304ebee2627', '9a5e5ef8-54b6-42c6-8ea3-289b24ad37dc'),
	('1328c943-1e3a-4928-8de1-0b8ab7abecc6', '2020-08-13 12:09:38', 'admin', 'admin', '2020-08-13 12:09:38', '414dae57-d33f-458f-9956-37749fa094d6', NULL, NULL, NULL, NULL, NULL, 0, 1, 0, '0969c811-64e0-4969-be67-0c4a652e8630', '0c568c9d-d020-4759-9289-2883af8f8547', NULL, '2c66959d-ec9c-4a0e-ad57-726df1ad8534', '1c4d2b5e-b068-452a-a3d8-f304ebee2627', '698fc98f-98ab-4a99-8438-6083e543b323'),
	('dca0dfd2-eedf-4c19-97fc-b6ad9a8a2bcc', '2020-08-13 12:09:38', 'admin', 'admin', '2020-08-13 12:09:38', 'fbc81782-7b7f-4c38-9784-32914d3becaa', NULL, NULL, NULL, NULL, NULL, 0, 1, 0, '0969c811-64e0-4969-be67-0c4a652e8630', '87b049e2-b318-436e-aa03-e6042922af9a', NULL, '2c66959d-ec9c-4a0e-ad57-726df1ad8534', '1c4d2b5e-b068-452a-a3d8-f304ebee2627', '29658b4b-1b3d-48b6-a91e-e0f4e9043e44'),
	('01469ea7-393d-4213-ad46-fcdc09a75eb9', '2020-08-13 12:09:38', 'admin', 'admin', '2020-08-13 12:09:38', '55b3ad38-9e3a-4838-b987-328448de9f63', NULL, NULL, NULL, NULL, NULL, 0, 1, 0, '0969c811-64e0-4969-be67-0c4a652e8630', '7da70399-f202-4e02-aa72-c5254ee09b83', NULL, '2c66959d-ec9c-4a0e-ad57-726df1ad8534', '1c4d2b5e-b068-452a-a3d8-f304ebee2627', '816c86fc-9c81-4bd4-9d84-beee8ef148de'),
	('643e044a-43d7-4d87-bc6d-ae5847ae0c39', '2020-08-13 12:09:38', 'admin', 'admin', '2020-08-13 12:09:38', '090ddf4f-da39-4af2-90f8-d87f614f2874', NULL, NULL, NULL, NULL, NULL, 0, 1, 0, '0969c811-64e0-4969-be67-0c4a652e8630', 'f4e7980c-238d-4579-a6aa-ac22425ff075', NULL, '2c66959d-ec9c-4a0e-ad57-726df1ad8534', '1c4d2b5e-b068-452a-a3d8-f304ebee2627', '9bec582e-81de-46d1-be33-a02d60a57b59'),
	('ee84658b-02d9-4576-8c1c-ecf96b76330f', '2020-08-13 12:09:38', 'admin', 'admin', '2020-08-13 12:09:38', 'd0469aa7-a3a4-423f-90cf-1b9ddca91784', NULL, NULL, NULL, NULL, NULL, 0, 1, 0, '0969c811-64e0-4969-be67-0c4a652e8630', '8063bc96-3e7d-427f-adbb-fdd0be52487d', NULL, '2c66959d-ec9c-4a0e-ad57-726df1ad8534', '1c4d2b5e-b068-452a-a3d8-f304ebee2627', '15afd949-25f4-4f69-bf45-cf0e3c91c988'),
	('68c1ce86-9496-49a2-944a-0d996309d052', '2020-08-13 12:09:38', 'admin', 'admin', '2020-08-13 12:09:38', '21102d9b-cee4-46cd-954f-25f4465e9091', NULL, NULL, NULL, NULL, NULL, 0, 1, 0, '0969c811-64e0-4969-be67-0c4a652e8630', '760d9e43-75a8-49d9-8447-e1580a5a8627', NULL, '2c66959d-ec9c-4a0e-ad57-726df1ad8534', '1c4d2b5e-b068-452a-a3d8-f304ebee2627', 'f60ae3be-c749-4855-ab35-abc86c4edd6c'),
	('ab1cac44-9fe8-4f47-88ea-a12313bf2341', '2020-08-13 12:09:38', 'admin', 'admin', '2020-08-13 12:09:38', 'fdba1411-6a37-4e03-8dd4-72fa2886ab02', NULL, NULL, NULL, NULL, NULL, 0, 1, 0, '0969c811-64e0-4969-be67-0c4a652e8630', '8063bc96-3e7d-427f-adbb-fdd0be52487d', NULL, '2df59d9b-c1c7-4ea7-942c-5373dbc1e5cb', 'eb5a061f-c404-4e5b-b75c-f20717c1d5e3', '15afd949-25f4-4f69-bf45-cf0e3c91c988'),
	('b1fc219f-42da-44ed-9165-1c9993272aae', '2020-08-13 12:09:38', 'admin', 'admin', '2020-08-13 12:09:38', '519a07bb-1a89-4dc8-9e5c-c4b55df553df', NULL, NULL, NULL, NULL, NULL, 0, 1, 0, '0969c811-64e0-4969-be67-0c4a652e8630', '760d9e43-75a8-49d9-8447-e1580a5a8627', NULL, '2df59d9b-c1c7-4ea7-942c-5373dbc1e5cb', 'eb5a061f-c404-4e5b-b75c-f20717c1d5e3', 'f60ae3be-c749-4855-ab35-abc86c4edd6c'),
	('c5b4f484-8899-4a53-a836-368992612699', '2020-08-13 12:09:38', 'admin', 'admin', '2020-08-13 12:09:38', '3d534992-23a8-4551-b6a3-06515cc94dc3', NULL, NULL, NULL, NULL, NULL, 0, 1, 0, '0969c811-64e0-4969-be67-0c4a652e8630', '0c568c9d-d020-4759-9289-2883af8f8547', NULL, '2df59d9b-c1c7-4ea7-942c-5373dbc1e5cb', 'eb5a061f-c404-4e5b-b75c-f20717c1d5e3', '698fc98f-98ab-4a99-8438-6083e543b323'),
	('c196e27d-ed08-4903-9b71-1c8b2966dd7c', '2020-08-13 12:09:38', 'admin', 'admin', '2020-08-13 12:09:38', '682d6c62-3171-4b38-a3d2-7e70f9267566', NULL, NULL, NULL, NULL, NULL, 0, 1, 0, '0969c811-64e0-4969-be67-0c4a652e8630', 'b1a35a8c-d898-4522-afd7-c6ffc8177710', NULL, '2df59d9b-c1c7-4ea7-942c-5373dbc1e5cb', 'eb5a061f-c404-4e5b-b75c-f20717c1d5e3', '5090534c-0193-45a9-b960-78dbaed9f9d5'),
	('dac16582-d9a7-46da-bd6c-7501be79ee41', '2020-08-13 12:09:38', 'admin', 'admin', '2020-08-13 12:09:38', '32bd0267-9ec8-46a5-83a6-c07ad2d1d45e', NULL, NULL, NULL, NULL, NULL, 0, 1, 0, '0969c811-64e0-4969-be67-0c4a652e8630', '88b78e50-6c61-4d22-b211-65c4664cd8e6', NULL, '2df59d9b-c1c7-4ea7-942c-5373dbc1e5cb', 'eb5a061f-c404-4e5b-b75c-f20717c1d5e3', '9a5e5ef8-54b6-42c6-8ea3-289b24ad37dc'),
	('8169c9e2-4d13-4e88-8c0b-84faf8f82f6c', '2020-08-13 12:09:38', 'admin', 'admin', '2020-08-13 12:09:38', '98e165e9-697d-4c5a-aa17-e9ed50dc44f5', NULL, NULL, NULL, NULL, NULL, 0, 1, 0, '0969c811-64e0-4969-be67-0c4a652e8630', 'f4e7980c-238d-4579-a6aa-ac22425ff075', NULL, '2df59d9b-c1c7-4ea7-942c-5373dbc1e5cb', 'eb5a061f-c404-4e5b-b75c-f20717c1d5e3', '9bec582e-81de-46d1-be33-a02d60a57b59'),
	('be1b28ee-ba1c-4c35-b5ad-6fb4f6158698', '2020-08-13 12:09:38', 'admin', 'admin', '2020-08-13 12:09:38', 'c6e42339-f227-4e05-a919-aa86b6c3debd', NULL, NULL, NULL, NULL, NULL, 0, 1, 0, '0969c811-64e0-4969-be67-0c4a652e8630', '87b049e2-b318-436e-aa03-e6042922af9a', NULL, '2df59d9b-c1c7-4ea7-942c-5373dbc1e5cb', 'eb5a061f-c404-4e5b-b75c-f20717c1d5e3', '29658b4b-1b3d-48b6-a91e-e0f4e9043e44'),
	('95b2e4d2-42a6-4412-99cc-0320bda925c4', '2020-08-13 12:09:38', 'admin', 'admin', '2020-08-13 12:09:38', '739c0806-25b8-4abf-8ebd-93ad75addcc3', NULL, NULL, NULL, NULL, NULL, 0, 1, 0, '0969c811-64e0-4969-be67-0c4a652e8630', '7da70399-f202-4e02-aa72-c5254ee09b83', NULL, '2df59d9b-c1c7-4ea7-942c-5373dbc1e5cb', 'eb5a061f-c404-4e5b-b75c-f20717c1d5e3', '816c86fc-9c81-4bd4-9d84-beee8ef148de'),
	('508bc070-e5c9-4585-9584-6ee5b762a8df', '2020-08-13 12:09:38', 'admin', 'admin', '2020-08-13 12:09:38', '239647c5-2637-411f-bad8-56caba61eef4', NULL, NULL, NULL, NULL, NULL, 0, 1, 0, '0969c811-64e0-4969-be67-0c4a652e8630', 'f4e7980c-238d-4579-a6aa-ac22425ff075', NULL, '2e7f0420-4ede-46c6-9bb0-e35f62071c98', '7b971fbf-f31f-4041-b19c-6d3163cd8584', '9bec582e-81de-46d1-be33-a02d60a57b59'),
	('8d67513a-30c7-40f2-925e-e678f67a05da', '2020-08-13 12:09:38', 'admin', 'admin', '2020-08-13 12:09:38', '4c817fe3-b8ab-4c7f-8f92-b95cc90b7893', NULL, NULL, NULL, NULL, NULL, 0, 1, 0, '0969c811-64e0-4969-be67-0c4a652e8630', '88b78e50-6c61-4d22-b211-65c4664cd8e6', NULL, '2e7f0420-4ede-46c6-9bb0-e35f62071c98', '7b971fbf-f31f-4041-b19c-6d3163cd8584', '9a5e5ef8-54b6-42c6-8ea3-289b24ad37dc'),
	('b2f611af-055e-4629-b077-621cba9c67ee', '2020-08-13 12:09:38', 'admin', 'admin', '2020-08-13 12:09:38', '4a867bb5-9238-4d42-9e8e-9a21474bc463', NULL, NULL, NULL, NULL, NULL, 0, 1, 0, '0969c811-64e0-4969-be67-0c4a652e8630', '760d9e43-75a8-49d9-8447-e1580a5a8627', NULL, '2e7f0420-4ede-46c6-9bb0-e35f62071c98', '7b971fbf-f31f-4041-b19c-6d3163cd8584', 'f60ae3be-c749-4855-ab35-abc86c4edd6c'),
	('e674bc95-efe7-4fc0-bf46-84bca0b12ac0', '2020-08-13 12:09:38', 'admin', 'admin', '2020-08-13 12:09:38', '07f4a10b-4d3d-4315-b1d9-412686f7138f', NULL, NULL, NULL, NULL, NULL, 0, 1, 0, '0969c811-64e0-4969-be67-0c4a652e8630', '87b049e2-b318-436e-aa03-e6042922af9a', NULL, '2e7f0420-4ede-46c6-9bb0-e35f62071c98', '7b971fbf-f31f-4041-b19c-6d3163cd8584', '29658b4b-1b3d-48b6-a91e-e0f4e9043e44'),
	('dd9b53d9-840a-4bf0-9dcd-b7f38f7b47ca', '2020-08-13 12:09:38', 'admin', 'admin', '2020-08-13 12:09:38', '5924e5ff-2d29-41e1-a159-33128f3fbfd5', NULL, NULL, NULL, NULL, NULL, 0, 1, 0, '0969c811-64e0-4969-be67-0c4a652e8630', 'b1a35a8c-d898-4522-afd7-c6ffc8177710', NULL, '2e7f0420-4ede-46c6-9bb0-e35f62071c98', '7b971fbf-f31f-4041-b19c-6d3163cd8584', '5090534c-0193-45a9-b960-78dbaed9f9d5'),
	('723d76ee-826a-4c74-883e-be7e8a93f41f', '2020-08-13 12:09:38', 'admin', 'admin', '2020-08-13 12:09:38', '31b5c88b-ac4d-43ee-86cf-f5280e715d7e', NULL, NULL, NULL, NULL, NULL, 0, 1, 0, '0969c811-64e0-4969-be67-0c4a652e8630', '8063bc96-3e7d-427f-adbb-fdd0be52487d', NULL, '2e7f0420-4ede-46c6-9bb0-e35f62071c98', '7b971fbf-f31f-4041-b19c-6d3163cd8584', '15afd949-25f4-4f69-bf45-cf0e3c91c988'),
	('db912afe-9c14-49b2-86e2-f278e70c7c92', '2020-08-13 12:09:38', 'admin', 'admin', '2020-08-13 12:09:38', '7ecc0e8e-ed56-4fb8-822c-813b6a6300c5', NULL, NULL, NULL, NULL, NULL, 0, 1, 0, '0969c811-64e0-4969-be67-0c4a652e8630', '0c568c9d-d020-4759-9289-2883af8f8547', NULL, '2e7f0420-4ede-46c6-9bb0-e35f62071c98', '7b971fbf-f31f-4041-b19c-6d3163cd8584', '698fc98f-98ab-4a99-8438-6083e543b323'),
	('63fc832d-1806-4bbb-8989-3d9ff605e0bd', '2020-08-13 12:09:38', 'admin', 'admin', '2020-08-13 12:09:38', '7ea485af-def6-4c06-b955-3092ae55d6e2', NULL, NULL, NULL, NULL, NULL, 0, 1, 0, '0969c811-64e0-4969-be67-0c4a652e8630', '7da70399-f202-4e02-aa72-c5254ee09b83', NULL, '2e7f0420-4ede-46c6-9bb0-e35f62071c98', '7b971fbf-f31f-4041-b19c-6d3163cd8584', '816c86fc-9c81-4bd4-9d84-beee8ef148de'),
	('a86b83a3-dfd6-482a-a267-4ad5ca3bac44', '2020-08-13 12:09:38', 'admin', 'admin', '2020-08-13 12:09:38', 'c46a50e3-6b39-4b42-a69b-2625dba03bc9', NULL, NULL, NULL, NULL, NULL, 0, 1, 0, '0969c811-64e0-4969-be67-0c4a652e8630', '87b049e2-b318-436e-aa03-e6042922af9a', NULL, '2eebcfb5-15aa-48ac-a4b6-9f91c151973d', 'c8215fea-e8bd-4ef4-9b0c-92f8fef91a74', '29658b4b-1b3d-48b6-a91e-e0f4e9043e44'),
	('1315f265-7f5b-4221-b35b-5315cb7c00bd', '2020-08-13 12:09:38', 'admin', 'admin', '2020-08-13 12:09:38', '962f3f5f-1191-423a-a188-43fb56fdbbad', NULL, NULL, NULL, NULL, NULL, 0, 1, 0, '0969c811-64e0-4969-be67-0c4a652e8630', '8063bc96-3e7d-427f-adbb-fdd0be52487d', NULL, '2eebcfb5-15aa-48ac-a4b6-9f91c151973d', 'c8215fea-e8bd-4ef4-9b0c-92f8fef91a74', '15afd949-25f4-4f69-bf45-cf0e3c91c988'),
	('4ff0e740-cc79-4eff-a5fd-438a81dc4ec9', '2020-08-13 12:09:38', 'admin', 'admin', '2020-08-13 12:09:38', 'e97f5ee1-c379-43dc-8580-3aec12495e6f', NULL, NULL, NULL, NULL, NULL, 0, 1, 0, '0969c811-64e0-4969-be67-0c4a652e8630', 'b1a35a8c-d898-4522-afd7-c6ffc8177710', NULL, '2eebcfb5-15aa-48ac-a4b6-9f91c151973d', 'c8215fea-e8bd-4ef4-9b0c-92f8fef91a74', '5090534c-0193-45a9-b960-78dbaed9f9d5'),
	('f5a82f1e-5557-4572-a08f-4aae61fb7333', '2020-08-13 12:09:38', 'admin', 'admin', '2020-08-13 12:09:38', 'c6dbc87b-1de4-4836-ad43-3aaec4c5e816', NULL, NULL, NULL, NULL, NULL, 0, 1, 0, '0969c811-64e0-4969-be67-0c4a652e8630', '0c568c9d-d020-4759-9289-2883af8f8547', NULL, '2eebcfb5-15aa-48ac-a4b6-9f91c151973d', 'c8215fea-e8bd-4ef4-9b0c-92f8fef91a74', '698fc98f-98ab-4a99-8438-6083e543b323'),
	('6d44cc2a-72e7-4b00-8a4d-343b48f1c6b3', '2020-08-13 12:09:38', 'admin', 'admin', '2020-08-13 12:09:38', '903b4ea4-04dd-4d36-ac2f-aa1a17eb18d9', NULL, NULL, NULL, NULL, NULL, 0, 1, 0, '0969c811-64e0-4969-be67-0c4a652e8630', '760d9e43-75a8-49d9-8447-e1580a5a8627', NULL, '2eebcfb5-15aa-48ac-a4b6-9f91c151973d', 'c8215fea-e8bd-4ef4-9b0c-92f8fef91a74', 'f60ae3be-c749-4855-ab35-abc86c4edd6c'),
	('4c035c85-c7db-4a78-86ec-9dc074586058', '2020-08-13 12:09:38', 'admin', 'admin', '2020-08-13 12:09:38', '1237d8c7-054c-44a1-b9ca-612ba1cc171c', NULL, NULL, NULL, NULL, NULL, 0, 1, 0, '0969c811-64e0-4969-be67-0c4a652e8630', 'f4e7980c-238d-4579-a6aa-ac22425ff075', NULL, '2eebcfb5-15aa-48ac-a4b6-9f91c151973d', 'c8215fea-e8bd-4ef4-9b0c-92f8fef91a74', '9bec582e-81de-46d1-be33-a02d60a57b59'),
	('51f8dcf1-6f7a-4756-87aa-eb66d36a5cf2', '2020-08-13 12:09:38', 'admin', 'admin', '2020-08-13 12:09:38', 'f17fbed7-cb5a-4377-ba09-fec7ab52e7be', NULL, NULL, NULL, NULL, NULL, 0, 1, 0, '0969c811-64e0-4969-be67-0c4a652e8630', '7da70399-f202-4e02-aa72-c5254ee09b83', NULL, '2eebcfb5-15aa-48ac-a4b6-9f91c151973d', 'c8215fea-e8bd-4ef4-9b0c-92f8fef91a74', '816c86fc-9c81-4bd4-9d84-beee8ef148de'),
	('7798d565-57b9-44e6-82c1-5265371a3be5', '2020-08-13 12:09:38', 'admin', 'admin', '2020-08-13 12:09:38', '1a6d28e3-e4c6-4460-a1ee-8f0c43c60298', NULL, NULL, NULL, NULL, NULL, 0, 1, 0, '0969c811-64e0-4969-be67-0c4a652e8630', '88b78e50-6c61-4d22-b211-65c4664cd8e6', NULL, '2eebcfb5-15aa-48ac-a4b6-9f91c151973d', 'c8215fea-e8bd-4ef4-9b0c-92f8fef91a74', '9a5e5ef8-54b6-42c6-8ea3-289b24ad37dc'),
	('20ba9fab-e27b-4d0e-bd36-c44db8716845', '2020-08-13 12:10:40', 'admin', 'admin', '2020-08-13 12:10:40', '58cbd9e7-49d4-464e-8bfd-887d20204f78', NULL, NULL, NULL, NULL, NULL, 0, 1, 0, '0969c811-64e0-4969-be67-0c4a652e8630', 'b1a35a8c-d898-4522-afd7-c6ffc8177710', NULL, '2f2340f2-22b7-4708-ad51-84dc73773678', '41b6dec0-bd75-4b1b-98c2-5b0a86a6fd0a', '673dba39-340d-431b-ad5f-5fad776adc06'),
	('1ba2be41-a316-466b-8d90-79796e84a28a', '2020-08-13 12:10:40', 'admin', 'admin', '2020-08-13 12:10:40', 'c2d14283-f1ee-4fc8-897c-f1c0c8609760', NULL, NULL, NULL, NULL, NULL, 0, 1, 0, '0969c811-64e0-4969-be67-0c4a652e8630', '8063bc96-3e7d-427f-adbb-fdd0be52487d', NULL, '2f2340f2-22b7-4708-ad51-84dc73773678', '41b6dec0-bd75-4b1b-98c2-5b0a86a6fd0a', 'c90e12f4-7be5-4b18-a8c8-9482d0149b8f'),
	('08bed326-609d-4bdb-973d-96648b29f57c', '2020-08-13 12:10:40', 'admin', 'admin', '2020-08-13 12:10:40', 'd1aaeee6-af65-48ab-b46f-e282185513d4', NULL, NULL, NULL, NULL, NULL, 0, 1, 0, '0969c811-64e0-4969-be67-0c4a652e8630', 'f4e7980c-238d-4579-a6aa-ac22425ff075', NULL, '2f2340f2-22b7-4708-ad51-84dc73773678', '41b6dec0-bd75-4b1b-98c2-5b0a86a6fd0a', 'e60c5af4-3382-4795-8a6c-72ffa3485acf'),
	('8a947a09-a54c-4914-bed9-d5089320d85c', '2020-08-13 12:10:40', 'admin', 'admin', '2020-08-13 12:10:40', 'bec7d47f-17b4-4df2-a982-15aafbf1ac34', NULL, NULL, NULL, NULL, NULL, 0, 1, 0, '0969c811-64e0-4969-be67-0c4a652e8630', '760d9e43-75a8-49d9-8447-e1580a5a8627', NULL, '2f2340f2-22b7-4708-ad51-84dc73773678', '41b6dec0-bd75-4b1b-98c2-5b0a86a6fd0a', '163ea8eb-5b6d-44e8-99b7-9218f86cdac9'),
	('6065fa17-d855-4eb5-bf67-64240cf78a65', '2020-08-13 12:10:40', 'admin', 'admin', '2020-08-13 12:10:40', '8d16367b-925f-4ba2-96ff-a5365a02de0a', NULL, NULL, NULL, NULL, NULL, 0, 1, 0, '0969c811-64e0-4969-be67-0c4a652e8630', '88b78e50-6c61-4d22-b211-65c4664cd8e6', NULL, '2f2340f2-22b7-4708-ad51-84dc73773678', '41b6dec0-bd75-4b1b-98c2-5b0a86a6fd0a', 'a99a3878-1e64-4dc7-bb0b-fa58b39018f6'),
	('e2d6fa8c-3dc0-453e-912c-f3d0423fdebd', '2020-08-13 12:10:40', 'admin', 'admin', '2020-08-13 12:10:40', '10192e7e-9bcf-41ad-b946-13a66a8139fd', NULL, NULL, NULL, NULL, NULL, 0, 1, 0, '0969c811-64e0-4969-be67-0c4a652e8630', '0c568c9d-d020-4759-9289-2883af8f8547', NULL, '2f2340f2-22b7-4708-ad51-84dc73773678', '41b6dec0-bd75-4b1b-98c2-5b0a86a6fd0a', '44edcddf-74ee-4243-bc4c-ea53dfda0785'),
	('e4284c73-1a4d-48d1-b316-73ab35a0628e', '2020-08-13 12:10:40', 'admin', 'admin', '2020-08-13 12:10:40', '65ce55b8-31a9-4725-ba89-db2021ba466d', NULL, NULL, NULL, NULL, NULL, 0, 1, 0, '0969c811-64e0-4969-be67-0c4a652e8630', '87b049e2-b318-436e-aa03-e6042922af9a', NULL, '2f2340f2-22b7-4708-ad51-84dc73773678', '41b6dec0-bd75-4b1b-98c2-5b0a86a6fd0a', '9eadbd99-6d24-41f6-98cc-3f8405c55ed8'),
	('33187327-9621-412b-92a3-774d451b9f7e', '2020-08-13 12:10:40', 'admin', 'admin', '2020-08-13 12:10:40', '2db0bd7b-fd7c-494a-b7d7-26e067ac2e88', NULL, NULL, NULL, NULL, NULL, 0, 1, 0, '0969c811-64e0-4969-be67-0c4a652e8630', '7da70399-f202-4e02-aa72-c5254ee09b83', NULL, '2f2340f2-22b7-4708-ad51-84dc73773678', '41b6dec0-bd75-4b1b-98c2-5b0a86a6fd0a', '0628ab14-94a1-4952-9ee8-75704a8071af'),
	('184dbee6-91ca-42ec-8cf5-f6a0276f236c', '2020-08-13 12:10:40', 'admin', 'admin', '2020-08-13 12:10:40', 'ac768bc5-e0a2-471d-88fb-7fbf9bfa4c3d', NULL, NULL, NULL, NULL, NULL, 0, 1, 0, '0969c811-64e0-4969-be67-0c4a652e8630', '88b78e50-6c61-4d22-b211-65c4664cd8e6', NULL, '2f657658-a934-4580-8c74-d5e48300d978', '56a72650-d45b-43dd-b842-adf942d4f6b7', 'a99a3878-1e64-4dc7-bb0b-fa58b39018f6'),
	('5af6d46b-4a54-497b-8a33-0a5be8b35594', '2020-08-13 12:10:40', 'admin', 'admin', '2020-08-13 12:10:40', '5fa78d4e-29f5-4103-bae2-0e6456ddf964', NULL, NULL, NULL, NULL, NULL, 0, 1, 0, '0969c811-64e0-4969-be67-0c4a652e8630', '8063bc96-3e7d-427f-adbb-fdd0be52487d', NULL, '2f657658-a934-4580-8c74-d5e48300d978', '56a72650-d45b-43dd-b842-adf942d4f6b7', 'c90e12f4-7be5-4b18-a8c8-9482d0149b8f'),
	('213fbcec-4f56-4c2d-bf43-3faa76c771a1', '2020-08-13 12:10:40', 'admin', 'admin', '2020-08-13 12:10:40', '36be9a82-180f-4240-97de-ae9cfef891b2', NULL, NULL, NULL, NULL, NULL, 0, 1, 0, '0969c811-64e0-4969-be67-0c4a652e8630', 'b1a35a8c-d898-4522-afd7-c6ffc8177710', NULL, '2f657658-a934-4580-8c74-d5e48300d978', '56a72650-d45b-43dd-b842-adf942d4f6b7', '673dba39-340d-431b-ad5f-5fad776adc06'),
	('a3720aa3-5c52-4de6-998c-e6b5cd53a679', '2020-08-13 12:10:40', 'admin', 'admin', '2020-08-13 12:10:40', '1a42515a-44f4-47c6-9e33-b102b8864447', NULL, NULL, NULL, NULL, NULL, 0, 1, 0, '0969c811-64e0-4969-be67-0c4a652e8630', 'f4e7980c-238d-4579-a6aa-ac22425ff075', NULL, '2f657658-a934-4580-8c74-d5e48300d978', '56a72650-d45b-43dd-b842-adf942d4f6b7', 'e60c5af4-3382-4795-8a6c-72ffa3485acf'),
	('96294c82-a9d0-4c6c-894a-08cbd4afb2a7', '2020-08-13 12:10:40', 'admin', 'admin', '2020-08-13 12:10:40', '16168526-107c-40fe-ba5d-2757111276c5', NULL, NULL, NULL, NULL, NULL, 0, 1, 0, '0969c811-64e0-4969-be67-0c4a652e8630', '0c568c9d-d020-4759-9289-2883af8f8547', NULL, '2f657658-a934-4580-8c74-d5e48300d978', '56a72650-d45b-43dd-b842-adf942d4f6b7', '44edcddf-74ee-4243-bc4c-ea53dfda0785'),
	('09107de3-0fae-466b-b1dc-f7f98e49ca14', '2020-08-13 12:10:40', 'admin', 'admin', '2020-08-13 12:10:40', '4ca89ce5-3ad5-425e-b20b-5c7793a83265', NULL, NULL, NULL, NULL, NULL, 0, 1, 0, '0969c811-64e0-4969-be67-0c4a652e8630', '7da70399-f202-4e02-aa72-c5254ee09b83', NULL, '2f657658-a934-4580-8c74-d5e48300d978', '56a72650-d45b-43dd-b842-adf942d4f6b7', '0628ab14-94a1-4952-9ee8-75704a8071af'),
	('f23f2d1a-666d-4855-bfdd-d89093986340', '2020-08-13 12:10:40', 'admin', 'admin', '2020-08-13 12:10:40', 'f0f5b141-2397-47ed-a9e3-9d8bc5de8b85', NULL, NULL, NULL, NULL, NULL, 0, 1, 0, '0969c811-64e0-4969-be67-0c4a652e8630', '760d9e43-75a8-49d9-8447-e1580a5a8627', NULL, '2f657658-a934-4580-8c74-d5e48300d978', '56a72650-d45b-43dd-b842-adf942d4f6b7', '163ea8eb-5b6d-44e8-99b7-9218f86cdac9'),
	('a842cf72-834d-48af-94f9-67fd8e0f3050', '2020-08-13 12:10:40', 'admin', 'admin', '2020-08-13 12:10:40', 'b7e0c12a-9622-431a-b4e4-2d998bcd8112', NULL, NULL, NULL, NULL, NULL, 0, 1, 0, '0969c811-64e0-4969-be67-0c4a652e8630', '87b049e2-b318-436e-aa03-e6042922af9a', NULL, '2f657658-a934-4580-8c74-d5e48300d978', '56a72650-d45b-43dd-b842-adf942d4f6b7', '9eadbd99-6d24-41f6-98cc-3f8405c55ed8'),
	('45ab5818-b96b-46ae-9a91-72e389a603e3', '2020-08-13 12:10:40', 'admin', 'admin', '2020-08-13 12:10:40', 'd9220d5e-5ca6-4ce5-b125-ddd7137fd062', NULL, NULL, NULL, NULL, NULL, 0, 1, 0, '0969c811-64e0-4969-be67-0c4a652e8630', 'b1a35a8c-d898-4522-afd7-c6ffc8177710', NULL, '166647b7-da8c-4a86-a42b-2c9e4356a7f7', '87c078ab-1756-42dc-8120-97b48c17ddab', '673dba39-340d-431b-ad5f-5fad776adc06'),
	('b5ce1da6-0bad-4890-be81-76b27a521838', '2020-08-13 12:10:40', 'admin', 'admin', '2020-08-13 12:10:40', 'f63d7b05-135a-452a-b54f-de230219ea92', NULL, NULL, NULL, NULL, NULL, 0, 1, 0, '0969c811-64e0-4969-be67-0c4a652e8630', 'f4e7980c-238d-4579-a6aa-ac22425ff075', NULL, '166647b7-da8c-4a86-a42b-2c9e4356a7f7', '87c078ab-1756-42dc-8120-97b48c17ddab', 'e60c5af4-3382-4795-8a6c-72ffa3485acf'),
	('ff1240e1-889a-473c-8102-53dec4ca9392', '2020-08-13 12:10:40', 'admin', 'admin', '2020-08-13 12:10:40', 'e8b2ba41-ac7f-4806-94fc-72b995392d53', NULL, NULL, NULL, NULL, NULL, 0, 1, 0, '0969c811-64e0-4969-be67-0c4a652e8630', '87b049e2-b318-436e-aa03-e6042922af9a', NULL, '166647b7-da8c-4a86-a42b-2c9e4356a7f7', '87c078ab-1756-42dc-8120-97b48c17ddab', '9eadbd99-6d24-41f6-98cc-3f8405c55ed8'),
	('bc702441-12b3-496e-befd-721218583cb5', '2020-08-13 12:10:40', 'admin', 'admin', '2020-08-13 12:10:40', 'eb6675fc-584e-48d2-899d-88f4ef35ba83', NULL, NULL, NULL, NULL, NULL, 0, 1, 0, '0969c811-64e0-4969-be67-0c4a652e8630', '8063bc96-3e7d-427f-adbb-fdd0be52487d', NULL, '166647b7-da8c-4a86-a42b-2c9e4356a7f7', '87c078ab-1756-42dc-8120-97b48c17ddab', 'c90e12f4-7be5-4b18-a8c8-9482d0149b8f'),
	('c2017289-601f-426f-8133-e16ee9c3310b', '2020-08-13 12:10:40', 'admin', 'admin', '2020-08-13 12:10:40', '40078c9f-fff1-4567-ab80-df092bb883db', NULL, NULL, NULL, NULL, NULL, 0, 1, 0, '0969c811-64e0-4969-be67-0c4a652e8630', '88b78e50-6c61-4d22-b211-65c4664cd8e6', NULL, '166647b7-da8c-4a86-a42b-2c9e4356a7f7', '87c078ab-1756-42dc-8120-97b48c17ddab', 'a99a3878-1e64-4dc7-bb0b-fa58b39018f6'),
	('74424aa5-7691-4fe7-9792-d6ca02fdf298', '2020-08-13 12:10:40', 'admin', 'admin', '2020-08-13 12:10:40', 'ca869ea0-459f-4aa1-8ae8-ae37ffbfe449', NULL, NULL, NULL, NULL, NULL, 0, 1, 0, '0969c811-64e0-4969-be67-0c4a652e8630', '0c568c9d-d020-4759-9289-2883af8f8547', NULL, '166647b7-da8c-4a86-a42b-2c9e4356a7f7', '87c078ab-1756-42dc-8120-97b48c17ddab', '44edcddf-74ee-4243-bc4c-ea53dfda0785'),
	('994d5e30-6b2d-4fc6-be2e-314602542ff9', '2020-08-13 12:10:40', 'admin', 'admin', '2020-08-13 12:10:40', '888aca07-7a48-464c-b1dd-70d06147d1c5', NULL, NULL, NULL, NULL, NULL, 0, 1, 0, '0969c811-64e0-4969-be67-0c4a652e8630', '7da70399-f202-4e02-aa72-c5254ee09b83', NULL, '166647b7-da8c-4a86-a42b-2c9e4356a7f7', '87c078ab-1756-42dc-8120-97b48c17ddab', '0628ab14-94a1-4952-9ee8-75704a8071af'),
	('d6b6376d-90f4-456a-a04c-a32735004801', '2020-08-13 12:10:40', 'admin', 'admin', '2020-08-13 12:10:40', 'f5e6e5bf-a440-4503-b6df-01eecca8dcae', NULL, NULL, NULL, NULL, NULL, 0, 1, 0, '0969c811-64e0-4969-be67-0c4a652e8630', '760d9e43-75a8-49d9-8447-e1580a5a8627', NULL, '166647b7-da8c-4a86-a42b-2c9e4356a7f7', '87c078ab-1756-42dc-8120-97b48c17ddab', '163ea8eb-5b6d-44e8-99b7-9218f86cdac9'),
	('61b2ac55-973a-4999-b7f3-f9beb6734c94', '2020-08-14 07:58:37', 'admin', 'admin', '2020-08-14 07:58:37', '6241a9b1-aa54-4b28-8934-66664346da95', NULL, NULL, NULL, NULL, NULL, 0, 1, 0, '0969c811-64e0-4969-be67-0c4a652e8630', '87b049e2-b318-436e-aa03-e6042922af9a', NULL, '016449fb-182b-44c2-8970-8c9c53803ebf', '13203f14-e28a-4000-a93e-a89c32343200', '29658b4b-1b3d-48b6-a91e-e0f4e9043e44'),
	('7542f6e2-5bfb-4906-85f1-31f19d3aec3c', '2020-08-14 07:58:37', 'admin', 'admin', '2020-08-14 07:58:37', 'c85d8fc7-75ba-4155-8810-83fcddaf4c15', NULL, NULL, NULL, NULL, NULL, 0, 1, 0, '0969c811-64e0-4969-be67-0c4a652e8630', '0c568c9d-d020-4759-9289-2883af8f8547', NULL, '016449fb-182b-44c2-8970-8c9c53803ebf', '13203f14-e28a-4000-a93e-a89c32343200', '698fc98f-98ab-4a99-8438-6083e543b323'),
	('e78dde82-48a5-4440-98af-418dbb9f8e46', '2020-08-14 07:58:37', 'admin', 'admin', '2020-08-14 07:58:37', '942c2194-3317-4ad2-8c39-8a4e245d54fe', NULL, NULL, NULL, NULL, NULL, 0, 1, 0, '0969c811-64e0-4969-be67-0c4a652e8630', '7da70399-f202-4e02-aa72-c5254ee09b83', NULL, '016449fb-182b-44c2-8970-8c9c53803ebf', '13203f14-e28a-4000-a93e-a89c32343200', '816c86fc-9c81-4bd4-9d84-beee8ef148de'),
	('43ebc441-5bdb-4285-b451-daa0dbae0329', '2020-08-14 07:58:37', 'admin', 'admin', '2020-08-14 07:58:37', 'eacc118d-5af1-48bf-9767-105562fad90a', NULL, NULL, NULL, NULL, NULL, 0, 1, 0, '0969c811-64e0-4969-be67-0c4a652e8630', 'b1a35a8c-d898-4522-afd7-c6ffc8177710', NULL, '016449fb-182b-44c2-8970-8c9c53803ebf', '13203f14-e28a-4000-a93e-a89c32343200', '5090534c-0193-45a9-b960-78dbaed9f9d5'),
	('10c5de00-7321-4d99-8b79-a8edd2e60833', '2020-08-14 07:58:37', 'admin', 'admin', '2020-08-14 07:58:37', 'fe9e0cba-84b1-4f1e-9037-c84068534e2b', NULL, NULL, NULL, NULL, NULL, 0, 1, 0, '0969c811-64e0-4969-be67-0c4a652e8630', '8063bc96-3e7d-427f-adbb-fdd0be52487d', NULL, '016449fb-182b-44c2-8970-8c9c53803ebf', '13203f14-e28a-4000-a93e-a89c32343200', '15afd949-25f4-4f69-bf45-cf0e3c91c988'),
	('7094791a-00ad-4e8a-91f6-7e15afab33d3', '2020-08-14 07:58:37', 'admin', 'admin', '2020-08-14 07:58:37', 'e9feab23-8f7e-45ac-a621-d81adcaa9c92', NULL, NULL, NULL, NULL, NULL, 0, 1, 0, '0969c811-64e0-4969-be67-0c4a652e8630', 'f4e7980c-238d-4579-a6aa-ac22425ff075', NULL, '016449fb-182b-44c2-8970-8c9c53803ebf', '13203f14-e28a-4000-a93e-a89c32343200', '9bec582e-81de-46d1-be33-a02d60a57b59'),
	('47d6d96e-3024-4dc9-a913-68beec4e75b0', '2020-08-14 07:58:37', 'admin', 'admin', '2020-08-14 07:58:37', '88ceede0-ca49-4fed-b418-ed7e481f6811', NULL, NULL, NULL, NULL, NULL, 0, 1, 0, '0969c811-64e0-4969-be67-0c4a652e8630', '88b78e50-6c61-4d22-b211-65c4664cd8e6', NULL, '016449fb-182b-44c2-8970-8c9c53803ebf', '13203f14-e28a-4000-a93e-a89c32343200', '9a5e5ef8-54b6-42c6-8ea3-289b24ad37dc'),
	('12c555bf-bfb6-4e81-8d15-78d5724061ca', '2020-08-14 07:58:37', 'admin', 'admin', '2020-08-14 07:58:37', '344ae7d3-f900-434b-b47f-b67bbe279514', NULL, NULL, NULL, NULL, NULL, 0, 1, 0, '0969c811-64e0-4969-be67-0c4a652e8630', '760d9e43-75a8-49d9-8447-e1580a5a8627', NULL, '016449fb-182b-44c2-8970-8c9c53803ebf', '13203f14-e28a-4000-a93e-a89c32343200', 'f60ae3be-c749-4855-ab35-abc86c4edd6c'),
	('fb824501-f799-477e-a5b8-bbf3b6582c06', '2020-08-14 07:58:37', 'admin', 'admin', '2020-08-14 07:58:37', '0e4a884c-f6fc-43bd-8d27-2c1d35b911d9', NULL, NULL, NULL, NULL, NULL, 0, 1, 0, '0969c811-64e0-4969-be67-0c4a652e8630', 'b1a35a8c-d898-4522-afd7-c6ffc8177710', NULL, '02bd823c-a3be-4570-9c7a-0932dee99e78', '9106f529-2216-4ed3-95c3-f8952880c11a', '5090534c-0193-45a9-b960-78dbaed9f9d5'),
	('73a025b9-5af7-48b6-a1d5-4a2e251ba071', '2020-08-14 07:58:37', 'admin', 'admin', '2020-08-14 07:58:37', '301be150-4e14-4251-9598-1b63f84d0238', NULL, NULL, NULL, NULL, NULL, 0, 1, 0, '0969c811-64e0-4969-be67-0c4a652e8630', '8063bc96-3e7d-427f-adbb-fdd0be52487d', NULL, '02bd823c-a3be-4570-9c7a-0932dee99e78', '9106f529-2216-4ed3-95c3-f8952880c11a', '15afd949-25f4-4f69-bf45-cf0e3c91c988'),
	('ff3c1836-23ec-452a-8744-664d3bb603df', '2020-08-14 07:58:37', 'admin', 'admin', '2020-08-14 07:58:37', '700f89be-a32f-4632-81dc-222a21af2d5b', NULL, NULL, NULL, NULL, NULL, 0, 1, 0, '0969c811-64e0-4969-be67-0c4a652e8630', '0c568c9d-d020-4759-9289-2883af8f8547', NULL, '02bd823c-a3be-4570-9c7a-0932dee99e78', '9106f529-2216-4ed3-95c3-f8952880c11a', '698fc98f-98ab-4a99-8438-6083e543b323'),
	('d749b087-9903-43d4-82f7-01446dfe1120', '2020-08-14 07:58:37', 'admin', 'admin', '2020-08-14 07:58:37', '91ede02c-798c-40b5-8ea1-0c1eced2de29', NULL, NULL, NULL, NULL, NULL, 0, 1, 0, '0969c811-64e0-4969-be67-0c4a652e8630', '7da70399-f202-4e02-aa72-c5254ee09b83', NULL, '02bd823c-a3be-4570-9c7a-0932dee99e78', '9106f529-2216-4ed3-95c3-f8952880c11a', '816c86fc-9c81-4bd4-9d84-beee8ef148de'),
	('1570c8aa-cf8c-4dc9-8fee-bec37753d484', '2020-08-14 07:58:37', 'admin', 'admin', '2020-08-14 07:58:37', 'a3de5205-cae6-4fad-b713-6d2ec669fc15', NULL, NULL, NULL, NULL, NULL, 0, 1, 0, '0969c811-64e0-4969-be67-0c4a652e8630', '87b049e2-b318-436e-aa03-e6042922af9a', NULL, '02bd823c-a3be-4570-9c7a-0932dee99e78', '9106f529-2216-4ed3-95c3-f8952880c11a', '29658b4b-1b3d-48b6-a91e-e0f4e9043e44'),
	('ca86df3a-5db4-4ab5-87d2-852ad443b052', '2020-08-14 07:58:37', 'admin', 'admin', '2020-08-14 07:58:37', 'f0a3d330-f259-4bdf-a0ae-2cd0755b57e1', NULL, NULL, NULL, NULL, NULL, 0, 1, 0, '0969c811-64e0-4969-be67-0c4a652e8630', 'f4e7980c-238d-4579-a6aa-ac22425ff075', NULL, '02bd823c-a3be-4570-9c7a-0932dee99e78', '9106f529-2216-4ed3-95c3-f8952880c11a', '9bec582e-81de-46d1-be33-a02d60a57b59'),
	('937ef925-b716-43f3-a7e9-e0613768b3f7', '2020-08-14 07:58:37', 'admin', 'admin', '2020-08-14 07:58:37', '34fa69f3-c9e2-4c0d-a1d0-e3e929379ad9', NULL, NULL, NULL, NULL, NULL, 0, 1, 0, '0969c811-64e0-4969-be67-0c4a652e8630', '760d9e43-75a8-49d9-8447-e1580a5a8627', NULL, '02bd823c-a3be-4570-9c7a-0932dee99e78', '9106f529-2216-4ed3-95c3-f8952880c11a', 'f60ae3be-c749-4855-ab35-abc86c4edd6c'),
	('baf7ccb7-336e-4c27-8b05-28aed86a62ac', '2020-08-14 07:58:37', 'admin', 'admin', '2020-08-14 07:58:37', 'aa6ba684-3836-47b6-8183-f6bc65b73094', NULL, NULL, NULL, NULL, NULL, 0, 1, 0, '0969c811-64e0-4969-be67-0c4a652e8630', '88b78e50-6c61-4d22-b211-65c4664cd8e6', NULL, '02bd823c-a3be-4570-9c7a-0932dee99e78', '9106f529-2216-4ed3-95c3-f8952880c11a', '9a5e5ef8-54b6-42c6-8ea3-289b24ad37dc'),
	('4d38b5ad-25f5-49c6-9ce4-c8523c497000', '2020-08-14 07:58:37', 'admin', 'admin', '2020-08-14 07:58:37', 'ce4c5a46-f857-4b86-9c29-67b4b9ef917e', NULL, NULL, NULL, NULL, NULL, 0, 1, 0, '0969c811-64e0-4969-be67-0c4a652e8630', 'f4e7980c-238d-4579-a6aa-ac22425ff075', NULL, '03048cf2-48ed-431b-ad60-71961ca4fb55', '3e8a438e-e3de-4999-b44f-73d25453abe0', '9bec582e-81de-46d1-be33-a02d60a57b59'),
	('58789f67-be7f-47c6-8cb5-6d1804797e0a', '2020-08-14 07:58:37', 'admin', 'admin', '2020-08-14 07:58:37', '29199662-0858-4df9-b24a-b6a848ce0b76', NULL, NULL, NULL, NULL, NULL, 0, 1, 0, '0969c811-64e0-4969-be67-0c4a652e8630', '7da70399-f202-4e02-aa72-c5254ee09b83', NULL, '03048cf2-48ed-431b-ad60-71961ca4fb55', '3e8a438e-e3de-4999-b44f-73d25453abe0', '816c86fc-9c81-4bd4-9d84-beee8ef148de'),
	('edd0eda8-f1a2-47d7-b106-158a8f87dac9', '2020-08-14 07:58:37', 'admin', 'admin', '2020-08-14 07:58:37', '94acb474-ae04-4a6f-965e-e362a09001f0', NULL, NULL, NULL, NULL, NULL, 0, 1, 0, '0969c811-64e0-4969-be67-0c4a652e8630', '0c568c9d-d020-4759-9289-2883af8f8547', NULL, '03048cf2-48ed-431b-ad60-71961ca4fb55', '3e8a438e-e3de-4999-b44f-73d25453abe0', '698fc98f-98ab-4a99-8438-6083e543b323'),
	('4d3c5256-8f1f-4685-8397-4ab60c733b0f', '2020-08-14 07:58:37', 'admin', 'admin', '2020-08-14 07:58:37', '10b70e24-bead-400e-99f3-855c81846094', NULL, NULL, NULL, NULL, NULL, 0, 1, 0, '0969c811-64e0-4969-be67-0c4a652e8630', '8063bc96-3e7d-427f-adbb-fdd0be52487d', NULL, '03048cf2-48ed-431b-ad60-71961ca4fb55', '3e8a438e-e3de-4999-b44f-73d25453abe0', '15afd949-25f4-4f69-bf45-cf0e3c91c988'),
	('e245b550-a4c2-4fd4-a6b2-d1600676c09e', '2020-08-14 07:58:37', 'admin', 'admin', '2020-08-14 07:58:37', 'dd3cecf8-5fba-4822-9912-cb6807044354', NULL, NULL, NULL, NULL, NULL, 0, 1, 0, '0969c811-64e0-4969-be67-0c4a652e8630', '87b049e2-b318-436e-aa03-e6042922af9a', NULL, '03048cf2-48ed-431b-ad60-71961ca4fb55', '3e8a438e-e3de-4999-b44f-73d25453abe0', '29658b4b-1b3d-48b6-a91e-e0f4e9043e44'),
	('b16e46da-df51-4d0e-b203-4fac018f3ab3', '2020-08-14 07:58:37', 'admin', 'admin', '2020-08-14 07:58:37', '8dc20a4d-e62f-4fd6-b703-43decffe557b', NULL, NULL, NULL, NULL, NULL, 0, 1, 0, '0969c811-64e0-4969-be67-0c4a652e8630', 'b1a35a8c-d898-4522-afd7-c6ffc8177710', NULL, '03048cf2-48ed-431b-ad60-71961ca4fb55', '3e8a438e-e3de-4999-b44f-73d25453abe0', '5090534c-0193-45a9-b960-78dbaed9f9d5'),
	('af6a9a34-6d87-400f-8bc9-83f1a58acb53', '2020-08-14 07:58:37', 'admin', 'admin', '2020-08-14 07:58:37', '392e521f-6d36-4967-b38a-2703d60768f8', NULL, NULL, NULL, NULL, NULL, 0, 1, 0, '0969c811-64e0-4969-be67-0c4a652e8630', '88b78e50-6c61-4d22-b211-65c4664cd8e6', NULL, '03048cf2-48ed-431b-ad60-71961ca4fb55', '3e8a438e-e3de-4999-b44f-73d25453abe0', '9a5e5ef8-54b6-42c6-8ea3-289b24ad37dc'),
	('29d1c961-4dcd-400b-bf52-609a5e755497', '2020-08-14 07:58:37', 'admin', 'admin', '2020-08-14 07:58:37', 'c2a6adeb-6c71-40b5-b2bb-1f0ea5e2a2f7', NULL, NULL, NULL, NULL, NULL, 0, 1, 0, '0969c811-64e0-4969-be67-0c4a652e8630', '760d9e43-75a8-49d9-8447-e1580a5a8627', NULL, '03048cf2-48ed-431b-ad60-71961ca4fb55', '3e8a438e-e3de-4999-b44f-73d25453abe0', 'f60ae3be-c749-4855-ab35-abc86c4edd6c'),
	('948ac37d-1871-4240-a7b3-7b19597badff', '2020-08-14 07:58:37', 'admin', 'admin', '2020-08-14 07:58:37', '97d464a0-00ff-4bde-a1d4-beabecc366dc', NULL, NULL, NULL, NULL, NULL, 0, 1, 0, '0969c811-64e0-4969-be67-0c4a652e8630', 'b1a35a8c-d898-4522-afd7-c6ffc8177710', NULL, '044c394e-1898-417d-be61-cf91c597a132', 'e745fde2-59fe-4ee5-9786-4929d870fde0', '5090534c-0193-45a9-b960-78dbaed9f9d5'),
	('cfdff3dd-fc21-4d3e-99d7-b0d3a5aac636', '2020-08-14 07:58:37', 'admin', 'admin', '2020-08-14 07:58:37', '7794d19c-2d62-4fad-84a4-0e8690857fdd', NULL, NULL, NULL, NULL, NULL, 0, 1, 0, '0969c811-64e0-4969-be67-0c4a652e8630', '88b78e50-6c61-4d22-b211-65c4664cd8e6', NULL, '044c394e-1898-417d-be61-cf91c597a132', 'e745fde2-59fe-4ee5-9786-4929d870fde0', '9a5e5ef8-54b6-42c6-8ea3-289b24ad37dc'),
	('09c86446-ac88-477f-935d-833d2868b8f7', '2020-08-14 07:58:37', 'admin', 'admin', '2020-08-14 07:58:37', 'a1e7b609-2913-427a-b56d-9981b75a0305', NULL, NULL, NULL, NULL, NULL, 0, 1, 0, '0969c811-64e0-4969-be67-0c4a652e8630', 'f4e7980c-238d-4579-a6aa-ac22425ff075', NULL, '044c394e-1898-417d-be61-cf91c597a132', 'e745fde2-59fe-4ee5-9786-4929d870fde0', '9bec582e-81de-46d1-be33-a02d60a57b59'),
	('0160f51d-64d0-4e33-ac31-c249dcdfda0f', '2020-08-14 07:58:37', 'admin', 'admin', '2020-08-14 07:58:37', '3013d475-91e2-40ba-880b-fe7045ca21c4', NULL, NULL, NULL, NULL, NULL, 0, 1, 0, '0969c811-64e0-4969-be67-0c4a652e8630', '760d9e43-75a8-49d9-8447-e1580a5a8627', NULL, '044c394e-1898-417d-be61-cf91c597a132', 'e745fde2-59fe-4ee5-9786-4929d870fde0', 'f60ae3be-c749-4855-ab35-abc86c4edd6c'),
	('db301ef3-a135-4ca7-93a9-a5858d067d6c', '2020-08-14 07:58:37', 'admin', 'admin', '2020-08-14 07:58:37', '2f5df633-7de3-4612-8a28-68827b41061e', NULL, NULL, NULL, NULL, NULL, 0, 1, 0, '0969c811-64e0-4969-be67-0c4a652e8630', '7da70399-f202-4e02-aa72-c5254ee09b83', NULL, '044c394e-1898-417d-be61-cf91c597a132', 'e745fde2-59fe-4ee5-9786-4929d870fde0', '816c86fc-9c81-4bd4-9d84-beee8ef148de'),
	('a34eb769-ee13-4706-b459-45dc697516df', '2020-08-14 07:58:37', 'admin', 'admin', '2020-08-14 07:58:37', '6f83999a-64f5-4a6c-8bac-c1c5553704a4', NULL, NULL, NULL, NULL, NULL, 0, 1, 0, '0969c811-64e0-4969-be67-0c4a652e8630', '87b049e2-b318-436e-aa03-e6042922af9a', NULL, '044c394e-1898-417d-be61-cf91c597a132', 'e745fde2-59fe-4ee5-9786-4929d870fde0', '29658b4b-1b3d-48b6-a91e-e0f4e9043e44'),
	('ac707f1d-01c9-48da-ad2d-3ad1e9a716aa', '2020-08-14 07:58:37', 'admin', 'admin', '2020-08-14 07:58:37', 'f565cec7-21ae-4044-b2b4-82744bd672f7', NULL, NULL, NULL, NULL, NULL, 0, 1, 0, '0969c811-64e0-4969-be67-0c4a652e8630', '8063bc96-3e7d-427f-adbb-fdd0be52487d', NULL, '044c394e-1898-417d-be61-cf91c597a132', 'e745fde2-59fe-4ee5-9786-4929d870fde0', '15afd949-25f4-4f69-bf45-cf0e3c91c988'),
	('d3074390-f23e-4011-ab42-6aa8eeab60cb', '2020-08-14 07:58:37', 'admin', 'admin', '2020-08-14 07:58:37', 'daccbfc4-c182-4fa0-aca0-003b7cc156f4', NULL, NULL, NULL, NULL, NULL, 0, 1, 0, '0969c811-64e0-4969-be67-0c4a652e8630', '0c568c9d-d020-4759-9289-2883af8f8547', NULL, '044c394e-1898-417d-be61-cf91c597a132', 'e745fde2-59fe-4ee5-9786-4929d870fde0', '698fc98f-98ab-4a99-8438-6083e543b323'),
	('37ab920e-0fda-4497-ac1d-05387c2418bb', '2020-08-14 07:59:11', 'admin', 'admin', '2020-08-14 07:59:11', '8721be51-58ee-43e9-96d8-f3cb49df5431', NULL, NULL, NULL, NULL, NULL, 0, 1, 0, '0f1ae636-77ac-4c45-b947-d13e11aeeb6e', '0c568c9d-d020-4759-9289-2883af8f8547', NULL, '0124b114-c587-441c-9c58-effaa6564b22', '6613b37c-01ad-4bd3-8d56-d93ab8c5a1bc', '44edcddf-74ee-4243-bc4c-ea53dfda0785'),
	('2a77134d-35d6-4910-917d-bfa5ab108679', '2020-08-14 07:59:11', 'admin', 'admin', '2020-08-14 07:59:11', '0cb414e6-6c28-4c2a-a249-61bcca690ec6', NULL, NULL, NULL, NULL, NULL, 0, 1, 0, '0f1ae636-77ac-4c45-b947-d13e11aeeb6e', '8063bc96-3e7d-427f-adbb-fdd0be52487d', NULL, '0124b114-c587-441c-9c58-effaa6564b22', '6613b37c-01ad-4bd3-8d56-d93ab8c5a1bc', 'c90e12f4-7be5-4b18-a8c8-9482d0149b8f'),
	('a1de5e2f-360e-4af8-8649-801ff634950e', '2020-08-14 07:59:11', 'admin', 'admin', '2020-08-14 07:59:11', '2bcbb9a0-0eff-4151-ba91-eba8e918a847', NULL, NULL, NULL, NULL, NULL, 0, 1, 0, '0f1ae636-77ac-4c45-b947-d13e11aeeb6e', '87b049e2-b318-436e-aa03-e6042922af9a', NULL, '0124b114-c587-441c-9c58-effaa6564b22', '6613b37c-01ad-4bd3-8d56-d93ab8c5a1bc', '9eadbd99-6d24-41f6-98cc-3f8405c55ed8'),
	('fce4418b-777f-481f-acc8-da6ab1a22309', '2020-08-14 07:59:11', 'admin', 'admin', '2020-08-14 07:59:11', '01f86147-2185-4dc9-86b7-92d237aef936', NULL, NULL, NULL, NULL, NULL, 0, 1, 0, '0f1ae636-77ac-4c45-b947-d13e11aeeb6e', 'b1a35a8c-d898-4522-afd7-c6ffc8177710', NULL, '0124b114-c587-441c-9c58-effaa6564b22', '6613b37c-01ad-4bd3-8d56-d93ab8c5a1bc', '673dba39-340d-431b-ad5f-5fad776adc06'),
	('f5527581-0ef5-4952-b09e-8a1583b1afee', '2020-08-14 07:59:11', 'admin', 'admin', '2020-08-14 07:59:11', '73f4bda9-4ab2-4669-b64e-994ea6b29fff', NULL, NULL, NULL, NULL, NULL, 0, 1, 0, '0f1ae636-77ac-4c45-b947-d13e11aeeb6e', 'f4e7980c-238d-4579-a6aa-ac22425ff075', NULL, '0124b114-c587-441c-9c58-effaa6564b22', '6613b37c-01ad-4bd3-8d56-d93ab8c5a1bc', 'e60c5af4-3382-4795-8a6c-72ffa3485acf'),
	('93cb1fb9-521b-4994-ab01-1e3016ce56ae', '2020-08-14 07:59:11', 'admin', 'admin', '2020-08-14 07:59:11', '9ba41019-bf6a-4092-87e1-9ce716f33776', NULL, NULL, NULL, NULL, NULL, 0, 1, 0, '0f1ae636-77ac-4c45-b947-d13e11aeeb6e', '760d9e43-75a8-49d9-8447-e1580a5a8627', NULL, '0124b114-c587-441c-9c58-effaa6564b22', '6613b37c-01ad-4bd3-8d56-d93ab8c5a1bc', '163ea8eb-5b6d-44e8-99b7-9218f86cdac9'),
	('92d511f6-5749-4752-b47e-86106c0d139e', '2020-08-14 07:59:11', 'admin', 'admin', '2020-08-14 07:59:11', '79055c22-7650-4066-8f4d-3cedd1572405', NULL, NULL, NULL, NULL, NULL, 0, 1, 0, '0f1ae636-77ac-4c45-b947-d13e11aeeb6e', '88b78e50-6c61-4d22-b211-65c4664cd8e6', NULL, '0124b114-c587-441c-9c58-effaa6564b22', '6613b37c-01ad-4bd3-8d56-d93ab8c5a1bc', 'a99a3878-1e64-4dc7-bb0b-fa58b39018f6'),
	('c4bbe4d1-42e2-4fb9-8056-ad9b6d46eba4', '2020-08-14 07:59:11', 'admin', 'admin', '2020-08-14 07:59:11', '97e4748d-77cb-4def-b81d-f7c7f40a73d4', NULL, NULL, NULL, NULL, NULL, 0, 1, 0, '0f1ae636-77ac-4c45-b947-d13e11aeeb6e', '7da70399-f202-4e02-aa72-c5254ee09b83', NULL, '0124b114-c587-441c-9c58-effaa6564b22', '6613b37c-01ad-4bd3-8d56-d93ab8c5a1bc', '0628ab14-94a1-4952-9ee8-75704a8071af'),
	('1c75624f-4ae9-418c-9167-39a1fb9773b0', '2020-08-14 07:59:11', 'admin', 'admin', '2020-08-14 07:59:11', 'eaa77596-528d-4eb7-8653-5eb0737c7c7d', NULL, NULL, NULL, NULL, NULL, 0, 1, 0, '0f1ae636-77ac-4c45-b947-d13e11aeeb6e', '7da70399-f202-4e02-aa72-c5254ee09b83', NULL, '016449fb-182b-44c2-8970-8c9c53803ebf', 'e19146bd-ef1f-4925-a36d-5216b8fcd6ac', '0628ab14-94a1-4952-9ee8-75704a8071af'),
	('9a7357f0-7d11-453a-a9b9-816095b3bef7', '2020-08-14 07:59:11', 'admin', 'admin', '2020-08-14 07:59:11', '6865a223-4553-4825-95c6-2ae0a5b0fc05', NULL, NULL, NULL, NULL, NULL, 0, 1, 0, '0f1ae636-77ac-4c45-b947-d13e11aeeb6e', '87b049e2-b318-436e-aa03-e6042922af9a', NULL, '016449fb-182b-44c2-8970-8c9c53803ebf', 'e19146bd-ef1f-4925-a36d-5216b8fcd6ac', '9eadbd99-6d24-41f6-98cc-3f8405c55ed8'),
	('ee5e9d6f-70b3-4cf1-a21d-2bd57ceb8780', '2020-08-14 07:59:11', 'admin', 'admin', '2020-08-14 07:59:11', '70d7ed4b-efa9-48ab-802a-22d90964b496', NULL, NULL, NULL, NULL, NULL, 0, 1, 0, '0f1ae636-77ac-4c45-b947-d13e11aeeb6e', 'b1a35a8c-d898-4522-afd7-c6ffc8177710', NULL, '016449fb-182b-44c2-8970-8c9c53803ebf', 'e19146bd-ef1f-4925-a36d-5216b8fcd6ac', '673dba39-340d-431b-ad5f-5fad776adc06'),
	('bf39a11a-4f9b-4ce6-a777-6eb7f3115e6b', '2020-08-14 07:59:11', 'admin', 'admin', '2020-08-14 07:59:11', '5d758c7e-18f5-42e5-a305-1fc7402228ad', NULL, NULL, NULL, NULL, NULL, 0, 1, 0, '0f1ae636-77ac-4c45-b947-d13e11aeeb6e', '760d9e43-75a8-49d9-8447-e1580a5a8627', NULL, '016449fb-182b-44c2-8970-8c9c53803ebf', 'e19146bd-ef1f-4925-a36d-5216b8fcd6ac', '163ea8eb-5b6d-44e8-99b7-9218f86cdac9'),
	('6e94160e-aa5e-49ef-82ca-d8542330dca3', '2020-08-14 07:59:11', 'admin', 'admin', '2020-08-14 07:59:11', '8adfa157-acde-4a94-a467-2f8383b4916f', NULL, NULL, NULL, NULL, NULL, 0, 1, 0, '0f1ae636-77ac-4c45-b947-d13e11aeeb6e', '0c568c9d-d020-4759-9289-2883af8f8547', NULL, '016449fb-182b-44c2-8970-8c9c53803ebf', 'e19146bd-ef1f-4925-a36d-5216b8fcd6ac', '44edcddf-74ee-4243-bc4c-ea53dfda0785'),
	('bd847cff-132b-4b18-a5c9-3cee7bcdcfc4', '2020-08-14 07:59:11', 'admin', 'admin', '2020-08-14 07:59:11', '0870238f-2e27-4c81-b8ef-b32100751e15', NULL, NULL, NULL, NULL, NULL, 0, 1, 0, '0f1ae636-77ac-4c45-b947-d13e11aeeb6e', '8063bc96-3e7d-427f-adbb-fdd0be52487d', NULL, '016449fb-182b-44c2-8970-8c9c53803ebf', 'e19146bd-ef1f-4925-a36d-5216b8fcd6ac', 'c90e12f4-7be5-4b18-a8c8-9482d0149b8f'),
	('90c4f65e-1caa-42f3-bb26-e9a7a5be2781', '2020-08-14 07:59:11', 'admin', 'admin', '2020-08-14 07:59:11', '5ff4fd54-d8f8-4660-806d-0d3fba5ea6e9', NULL, NULL, NULL, NULL, NULL, 0, 1, 0, '0f1ae636-77ac-4c45-b947-d13e11aeeb6e', '88b78e50-6c61-4d22-b211-65c4664cd8e6', NULL, '016449fb-182b-44c2-8970-8c9c53803ebf', 'e19146bd-ef1f-4925-a36d-5216b8fcd6ac', 'a99a3878-1e64-4dc7-bb0b-fa58b39018f6'),
	('97eb8de1-1049-4467-a192-126f9234dcfe', '2020-08-14 07:59:11', 'admin', 'admin', '2020-08-14 07:59:11', 'e4f8df27-46be-42a6-81e1-0e8426cc7d0c', NULL, NULL, NULL, NULL, NULL, 0, 1, 0, '0f1ae636-77ac-4c45-b947-d13e11aeeb6e', 'f4e7980c-238d-4579-a6aa-ac22425ff075', NULL, '016449fb-182b-44c2-8970-8c9c53803ebf', 'e19146bd-ef1f-4925-a36d-5216b8fcd6ac', 'e60c5af4-3382-4795-8a6c-72ffa3485acf'),
	('f146b32b-727f-4a0b-a1b0-11ca0b2e5186', '2020-08-14 07:59:11', 'admin', 'admin', '2020-08-14 07:59:11', '716cb2d4-8beb-461b-9c52-7253fac939a1', NULL, NULL, NULL, NULL, NULL, 0, 1, 0, '0f1ae636-77ac-4c45-b947-d13e11aeeb6e', 'f4e7980c-238d-4579-a6aa-ac22425ff075', NULL, '02bd823c-a3be-4570-9c7a-0932dee99e78', '2f9e0dae-733d-40c4-9b70-5ca6ee5bf202', 'e60c5af4-3382-4795-8a6c-72ffa3485acf'),
	('fddb751a-ea55-41b6-9c8b-9fc762f2d3ff', '2020-08-14 07:59:11', 'admin', 'admin', '2020-08-14 07:59:11', '255d40ae-bab7-4494-89f4-77b2bd015836', NULL, NULL, NULL, NULL, NULL, 0, 1, 0, '0f1ae636-77ac-4c45-b947-d13e11aeeb6e', '87b049e2-b318-436e-aa03-e6042922af9a', NULL, '02bd823c-a3be-4570-9c7a-0932dee99e78', '2f9e0dae-733d-40c4-9b70-5ca6ee5bf202', '9eadbd99-6d24-41f6-98cc-3f8405c55ed8'),
	('4ca7dade-699e-4e77-8c66-94db5af15af6', '2020-08-14 07:59:11', 'admin', 'admin', '2020-08-14 07:59:11', 'c591b209-7fb5-4869-9e3c-19ec573d5204', NULL, NULL, NULL, NULL, NULL, 0, 1, 0, '0f1ae636-77ac-4c45-b947-d13e11aeeb6e', '0c568c9d-d020-4759-9289-2883af8f8547', NULL, '02bd823c-a3be-4570-9c7a-0932dee99e78', '2f9e0dae-733d-40c4-9b70-5ca6ee5bf202', '44edcddf-74ee-4243-bc4c-ea53dfda0785'),
	('ae7fa2a7-1032-49d6-93c0-336703c2415f', '2020-08-14 07:59:11', 'admin', 'admin', '2020-08-14 07:59:11', 'dd94d98b-4bb0-4c25-935e-7cc263d2a7ad', NULL, NULL, NULL, NULL, NULL, 0, 1, 0, '0f1ae636-77ac-4c45-b947-d13e11aeeb6e', '760d9e43-75a8-49d9-8447-e1580a5a8627', NULL, '02bd823c-a3be-4570-9c7a-0932dee99e78', '2f9e0dae-733d-40c4-9b70-5ca6ee5bf202', '163ea8eb-5b6d-44e8-99b7-9218f86cdac9'),
	('c9cc499d-c00f-4170-a303-f873e0773a0b', '2020-08-14 07:59:11', 'admin', 'admin', '2020-08-14 07:59:11', '1a0fbe36-dbff-41ae-9ab8-4acccf9524bb', NULL, NULL, NULL, NULL, NULL, 0, 1, 0, '0f1ae636-77ac-4c45-b947-d13e11aeeb6e', 'b1a35a8c-d898-4522-afd7-c6ffc8177710', NULL, '02bd823c-a3be-4570-9c7a-0932dee99e78', '2f9e0dae-733d-40c4-9b70-5ca6ee5bf202', '673dba39-340d-431b-ad5f-5fad776adc06'),
	('d766cee7-7689-4a52-93c0-a668b718fb36', '2020-08-14 07:59:11', 'admin', 'admin', '2020-08-14 07:59:11', '5c5a6810-86f2-44bd-a4ec-846834bfa500', NULL, NULL, NULL, NULL, NULL, 0, 1, 0, '0f1ae636-77ac-4c45-b947-d13e11aeeb6e', '7da70399-f202-4e02-aa72-c5254ee09b83', NULL, '02bd823c-a3be-4570-9c7a-0932dee99e78', '2f9e0dae-733d-40c4-9b70-5ca6ee5bf202', '0628ab14-94a1-4952-9ee8-75704a8071af'),
	('4b1ad34d-5cac-4bce-a5fd-e263896ce93e', '2020-08-14 07:59:11', 'admin', 'admin', '2020-08-14 07:59:11', 'ccfa0887-d492-4162-a7db-aeb20e796b45', NULL, NULL, NULL, NULL, NULL, 0, 1, 0, '0f1ae636-77ac-4c45-b947-d13e11aeeb6e', '88b78e50-6c61-4d22-b211-65c4664cd8e6', NULL, '02bd823c-a3be-4570-9c7a-0932dee99e78', '2f9e0dae-733d-40c4-9b70-5ca6ee5bf202', 'a99a3878-1e64-4dc7-bb0b-fa58b39018f6'),
	('803acd72-09a1-4d58-8c30-eddeddf9b3d6', '2020-08-14 07:59:11', 'admin', 'admin', '2020-08-14 07:59:11', 'e06024b9-66fd-48d1-92f1-29c9516affdc', NULL, NULL, NULL, NULL, NULL, 0, 1, 0, '0f1ae636-77ac-4c45-b947-d13e11aeeb6e', '8063bc96-3e7d-427f-adbb-fdd0be52487d', NULL, '02bd823c-a3be-4570-9c7a-0932dee99e78', '2f9e0dae-733d-40c4-9b70-5ca6ee5bf202', 'c90e12f4-7be5-4b18-a8c8-9482d0149b8f'),
	('ca086150-cc99-43ca-88fa-c6cd8693c70c', '2020-08-14 07:59:11', 'admin', 'admin', '2020-08-14 07:59:11', 'd3c3eea2-082e-4bf7-9686-a390e55f841b', NULL, NULL, NULL, NULL, NULL, 0, 1, 0, '0f1ae636-77ac-4c45-b947-d13e11aeeb6e', '8063bc96-3e7d-427f-adbb-fdd0be52487d', NULL, '03048cf2-48ed-431b-ad60-71961ca4fb55', '7581c8ff-9092-459f-be9d-742ec5d41b0e', 'c90e12f4-7be5-4b18-a8c8-9482d0149b8f'),
	('e526edf5-115e-4a31-b9b4-1a9ba0f824e2', '2020-08-14 07:59:11', 'admin', 'admin', '2020-08-14 07:59:11', '2fe1f7d7-9a9c-462e-a680-f933208cb271', NULL, NULL, NULL, NULL, NULL, 0, 1, 0, '0f1ae636-77ac-4c45-b947-d13e11aeeb6e', '87b049e2-b318-436e-aa03-e6042922af9a', NULL, '03048cf2-48ed-431b-ad60-71961ca4fb55', '7581c8ff-9092-459f-be9d-742ec5d41b0e', '9eadbd99-6d24-41f6-98cc-3f8405c55ed8'),
	('32143029-e00a-49f7-aa10-a0e72b88037d', '2020-08-14 07:59:11', 'admin', 'admin', '2020-08-14 07:59:11', '63f846b9-442e-42de-b677-6a81d6f1e65d', NULL, NULL, NULL, NULL, NULL, 0, 1, 0, '0f1ae636-77ac-4c45-b947-d13e11aeeb6e', '0c568c9d-d020-4759-9289-2883af8f8547', NULL, '03048cf2-48ed-431b-ad60-71961ca4fb55', '7581c8ff-9092-459f-be9d-742ec5d41b0e', '44edcddf-74ee-4243-bc4c-ea53dfda0785'),
	('9816e47d-73b4-409a-a63c-d17dc2746f13', '2020-08-14 07:59:11', 'admin', 'admin', '2020-08-14 07:59:11', '7984ddcc-b0a3-4fa6-af03-47cb026600d1', NULL, NULL, NULL, NULL, NULL, 0, 1, 0, '0f1ae636-77ac-4c45-b947-d13e11aeeb6e', '7da70399-f202-4e02-aa72-c5254ee09b83', NULL, '03048cf2-48ed-431b-ad60-71961ca4fb55', '7581c8ff-9092-459f-be9d-742ec5d41b0e', '0628ab14-94a1-4952-9ee8-75704a8071af'),
	('b735570d-a003-4ca2-a244-b6b0a79d2d20', '2020-08-14 07:59:11', 'admin', 'admin', '2020-08-14 07:59:11', '5cb9e8ff-3af1-47d2-8315-35558dca350a', NULL, NULL, NULL, NULL, NULL, 0, 1, 0, '0f1ae636-77ac-4c45-b947-d13e11aeeb6e', '88b78e50-6c61-4d22-b211-65c4664cd8e6', NULL, '03048cf2-48ed-431b-ad60-71961ca4fb55', '7581c8ff-9092-459f-be9d-742ec5d41b0e', 'a99a3878-1e64-4dc7-bb0b-fa58b39018f6'),
	('e780f526-90d2-40e1-8dc5-9dc73a79abf5', '2020-08-14 07:59:11', 'admin', 'admin', '2020-08-14 07:59:11', 'ebb64258-fb56-4fc8-84a0-aea1ce41cd33', NULL, NULL, NULL, NULL, NULL, 0, 1, 0, '0f1ae636-77ac-4c45-b947-d13e11aeeb6e', '760d9e43-75a8-49d9-8447-e1580a5a8627', NULL, '03048cf2-48ed-431b-ad60-71961ca4fb55', '7581c8ff-9092-459f-be9d-742ec5d41b0e', '163ea8eb-5b6d-44e8-99b7-9218f86cdac9'),
	('5c7f74a2-d689-4702-81e4-1dfece53f73d', '2020-08-14 07:59:11', 'admin', 'admin', '2020-08-14 07:59:11', '3ae2da3f-f868-47cf-98a3-b84771943c1a', NULL, NULL, NULL, NULL, NULL, 0, 1, 0, '0f1ae636-77ac-4c45-b947-d13e11aeeb6e', 'f4e7980c-238d-4579-a6aa-ac22425ff075', NULL, '03048cf2-48ed-431b-ad60-71961ca4fb55', '7581c8ff-9092-459f-be9d-742ec5d41b0e', 'e60c5af4-3382-4795-8a6c-72ffa3485acf'),
	('2548c8f2-8808-445d-96c3-5e0d0eb4a026', '2020-08-14 07:59:11', 'admin', 'admin', '2020-08-14 07:59:11', 'bc3b6873-6747-47bd-a0b3-5f2854a4e5bb', NULL, NULL, NULL, NULL, NULL, 0, 1, 0, '0f1ae636-77ac-4c45-b947-d13e11aeeb6e', 'b1a35a8c-d898-4522-afd7-c6ffc8177710', NULL, '03048cf2-48ed-431b-ad60-71961ca4fb55', '7581c8ff-9092-459f-be9d-742ec5d41b0e', '673dba39-340d-431b-ad5f-5fad776adc06'),
	('473eef27-a8ec-4b3e-acb0-15875160abc9', '2020-08-14 07:59:11', 'admin', 'admin', '2020-08-14 07:59:11', 'bcbc1f8f-5f84-49ae-8fe9-dd08f5dde5f5', NULL, NULL, NULL, NULL, NULL, 0, 1, 0, '0f1ae636-77ac-4c45-b947-d13e11aeeb6e', '87b049e2-b318-436e-aa03-e6042922af9a', NULL, '044c394e-1898-417d-be61-cf91c597a132', 'be7d4928-6dcc-42a3-bf41-8bebe5dd6400', '9eadbd99-6d24-41f6-98cc-3f8405c55ed8'),
	('b40035db-50b3-4554-a6d5-ac4d4424d595', '2020-08-14 07:59:11', 'admin', 'admin', '2020-08-14 07:59:11', 'bcc9851e-8ec7-40da-8a85-eb75e3318abb', NULL, NULL, NULL, NULL, NULL, 0, 1, 0, '0f1ae636-77ac-4c45-b947-d13e11aeeb6e', '88b78e50-6c61-4d22-b211-65c4664cd8e6', NULL, '044c394e-1898-417d-be61-cf91c597a132', 'be7d4928-6dcc-42a3-bf41-8bebe5dd6400', 'a99a3878-1e64-4dc7-bb0b-fa58b39018f6'),
	('2d0abdd3-d781-4b3d-bcba-765be45bd49d', '2020-08-14 07:59:11', 'admin', 'admin', '2020-08-14 07:59:11', '7ba1e1af-fe75-4d92-a8ba-4ba195af69d7', NULL, NULL, NULL, NULL, NULL, 0, 1, 0, '0f1ae636-77ac-4c45-b947-d13e11aeeb6e', 'f4e7980c-238d-4579-a6aa-ac22425ff075', NULL, '044c394e-1898-417d-be61-cf91c597a132', 'be7d4928-6dcc-42a3-bf41-8bebe5dd6400', 'e60c5af4-3382-4795-8a6c-72ffa3485acf'),
	('47139fef-e251-4f18-8730-3fde53288fed', '2020-08-14 07:59:11', 'admin', 'admin', '2020-08-14 07:59:11', 'ed63b561-f7f9-473f-b2a4-eed42169628a', NULL, NULL, NULL, NULL, NULL, 0, 1, 0, '0f1ae636-77ac-4c45-b947-d13e11aeeb6e', '760d9e43-75a8-49d9-8447-e1580a5a8627', NULL, '044c394e-1898-417d-be61-cf91c597a132', 'be7d4928-6dcc-42a3-bf41-8bebe5dd6400', '163ea8eb-5b6d-44e8-99b7-9218f86cdac9'),
	('ff5aff87-a43b-4b53-a857-b8fbad78beaa', '2020-08-14 07:59:11', 'admin', 'admin', '2020-08-14 07:59:11', '730633a6-ca6e-4f89-98d5-6a0bbe71e201', NULL, NULL, NULL, NULL, NULL, 0, 1, 0, '0f1ae636-77ac-4c45-b947-d13e11aeeb6e', '7da70399-f202-4e02-aa72-c5254ee09b83', NULL, '044c394e-1898-417d-be61-cf91c597a132', 'be7d4928-6dcc-42a3-bf41-8bebe5dd6400', '0628ab14-94a1-4952-9ee8-75704a8071af'),
	('697f602d-c5c7-49d5-99ce-3fa286eea0a6', '2020-08-14 07:59:11', 'admin', 'admin', '2020-08-14 07:59:11', '22579ac7-6027-48db-8347-cb58f7e3b3db', NULL, NULL, NULL, NULL, NULL, 0, 1, 0, '0f1ae636-77ac-4c45-b947-d13e11aeeb6e', '8063bc96-3e7d-427f-adbb-fdd0be52487d', NULL, '044c394e-1898-417d-be61-cf91c597a132', 'be7d4928-6dcc-42a3-bf41-8bebe5dd6400', 'c90e12f4-7be5-4b18-a8c8-9482d0149b8f'),
	('956324eb-67c3-433c-9b18-ca8b1d1cd2d1', '2020-08-14 07:59:11', 'admin', 'admin', '2020-08-14 07:59:11', 'e74ce5b5-e86a-47fc-85e9-54922f9659a0', NULL, NULL, NULL, NULL, NULL, 0, 1, 0, '0f1ae636-77ac-4c45-b947-d13e11aeeb6e', '0c568c9d-d020-4759-9289-2883af8f8547', NULL, '044c394e-1898-417d-be61-cf91c597a132', 'be7d4928-6dcc-42a3-bf41-8bebe5dd6400', '44edcddf-74ee-4243-bc4c-ea53dfda0785'),
	('f70f1f10-32fc-4d74-bcd0-26facbe77e38', '2020-08-14 07:59:11', 'admin', 'admin', '2020-08-14 07:59:11', '4216af6a-2c64-499d-9a71-30ed328d3014', NULL, NULL, NULL, NULL, NULL, 0, 1, 0, '0f1ae636-77ac-4c45-b947-d13e11aeeb6e', 'b1a35a8c-d898-4522-afd7-c6ffc8177710', NULL, '044c394e-1898-417d-be61-cf91c597a132', 'be7d4928-6dcc-42a3-bf41-8bebe5dd6400', '673dba39-340d-431b-ad5f-5fad776adc06'),
	('4db6d37a-bb45-49a6-aad9-68fe26a31cd0', '2020-08-14 08:22:04', 'admin', 'admin', '2020-08-14 08:22:04', 'd1011efa-a905-467d-8708-430a3ab641c7', NULL, NULL, NULL, NULL, NULL, 0, 1, 0, '0969c811-64e0-4969-be67-0c4a652e8630', '8063bc96-3e7d-427f-adbb-fdd0be52487d', NULL, '04965acb-44b4-4543-8716-b9aba526d678', '6bc5a35f-c824-40f3-a0a2-5ea23d96b4cc', '15afd949-25f4-4f69-bf45-cf0e3c91c988'),
	('1616dd0f-d714-4ea9-a987-4e275310ada1', '2020-08-14 08:22:04', 'admin', 'admin', '2020-08-14 08:22:04', '71d3de4e-32b4-4c89-a50f-1418cf20ba84', NULL, NULL, NULL, NULL, NULL, 0, 1, 0, '0969c811-64e0-4969-be67-0c4a652e8630', 'f4e7980c-238d-4579-a6aa-ac22425ff075', NULL, '04965acb-44b4-4543-8716-b9aba526d678', '6bc5a35f-c824-40f3-a0a2-5ea23d96b4cc', '9bec582e-81de-46d1-be33-a02d60a57b59'),
	('08eb5d7d-8f40-45ec-ae18-2386a20b5a78', '2020-08-14 08:22:04', 'admin', 'admin', '2020-08-14 08:22:04', '9fd062b9-ac98-4bb7-851d-55ac07a927f0', NULL, NULL, NULL, NULL, NULL, 0, 1, 0, '0969c811-64e0-4969-be67-0c4a652e8630', '760d9e43-75a8-49d9-8447-e1580a5a8627', NULL, '04965acb-44b4-4543-8716-b9aba526d678', '6bc5a35f-c824-40f3-a0a2-5ea23d96b4cc', 'f60ae3be-c749-4855-ab35-abc86c4edd6c'),
	('e5c9d659-25fe-488e-840d-6980b01d2ad0', '2020-08-14 08:22:04', 'admin', 'admin', '2020-08-14 08:22:04', '021d4cfb-b46e-4d7f-a003-8b001057e248', NULL, NULL, NULL, NULL, NULL, 0, 1, 0, '0969c811-64e0-4969-be67-0c4a652e8630', '88b78e50-6c61-4d22-b211-65c4664cd8e6', NULL, '04965acb-44b4-4543-8716-b9aba526d678', '6bc5a35f-c824-40f3-a0a2-5ea23d96b4cc', '9a5e5ef8-54b6-42c6-8ea3-289b24ad37dc'),
	('39bb398a-2609-432b-a68d-54be97b78dea', '2020-08-14 08:22:04', 'admin', 'admin', '2020-08-14 08:22:04', 'c1a012c4-f677-4b27-bc54-03e415bf6253', NULL, NULL, NULL, NULL, NULL, 0, 1, 0, '0969c811-64e0-4969-be67-0c4a652e8630', '0c568c9d-d020-4759-9289-2883af8f8547', NULL, '04965acb-44b4-4543-8716-b9aba526d678', '6bc5a35f-c824-40f3-a0a2-5ea23d96b4cc', '698fc98f-98ab-4a99-8438-6083e543b323'),
	('f530cc82-0bff-45ab-953f-0a161af1f882', '2020-08-14 08:22:04', 'admin', 'admin', '2020-08-14 08:22:04', 'c2a4a3a2-e0ea-438f-a30a-c59c7fdeac5e', NULL, NULL, NULL, NULL, NULL, 0, 1, 0, '0969c811-64e0-4969-be67-0c4a652e8630', '87b049e2-b318-436e-aa03-e6042922af9a', NULL, '04965acb-44b4-4543-8716-b9aba526d678', '6bc5a35f-c824-40f3-a0a2-5ea23d96b4cc', '29658b4b-1b3d-48b6-a91e-e0f4e9043e44'),
	('d8702dc4-78f5-4d12-8cfa-039fc288ed23', '2020-08-14 08:22:04', 'admin', 'admin', '2020-08-14 08:22:04', 'a549c20f-cfae-46d7-bbce-f334576b323a', NULL, NULL, NULL, NULL, NULL, 0, 1, 0, '0969c811-64e0-4969-be67-0c4a652e8630', '7da70399-f202-4e02-aa72-c5254ee09b83', NULL, '04965acb-44b4-4543-8716-b9aba526d678', '6bc5a35f-c824-40f3-a0a2-5ea23d96b4cc', '816c86fc-9c81-4bd4-9d84-beee8ef148de'),
	('a5d4c2a0-7fbf-4595-ad34-fe9843e2f499', '2020-08-14 08:22:04', 'admin', 'admin', '2020-08-14 08:22:04', '1f854d7a-174b-415d-af55-41ea14e70389', NULL, NULL, NULL, NULL, NULL, 0, 1, 0, '0969c811-64e0-4969-be67-0c4a652e8630', 'b1a35a8c-d898-4522-afd7-c6ffc8177710', NULL, '04965acb-44b4-4543-8716-b9aba526d678', '6bc5a35f-c824-40f3-a0a2-5ea23d96b4cc', '5090534c-0193-45a9-b960-78dbaed9f9d5'),
	('4ee536ad-8051-4696-b544-bc941cb539ec', '2020-08-14 08:22:04', 'admin', 'admin', '2020-08-14 08:22:04', '7c11c30b-688d-4c61-9342-91a5f79b4767', NULL, NULL, NULL, NULL, NULL, 0, 1, 0, '0969c811-64e0-4969-be67-0c4a652e8630', '760d9e43-75a8-49d9-8447-e1580a5a8627', NULL, '04d6a1b0-33ef-4373-8c60-8345dbd68cd0', '08fecde2-4869-4328-8c68-4555794af65b', 'f60ae3be-c749-4855-ab35-abc86c4edd6c'),
	('aeee2257-f543-45e8-af11-40783014a286', '2020-08-14 08:22:04', 'admin', 'admin', '2020-08-14 08:22:04', '5b78ffea-8fc2-4c64-8048-f1c86cc3d17b', NULL, NULL, NULL, NULL, NULL, 0, 1, 0, '0969c811-64e0-4969-be67-0c4a652e8630', '88b78e50-6c61-4d22-b211-65c4664cd8e6', NULL, '04d6a1b0-33ef-4373-8c60-8345dbd68cd0', '08fecde2-4869-4328-8c68-4555794af65b', '9a5e5ef8-54b6-42c6-8ea3-289b24ad37dc'),
	('8b383980-d636-4c7b-acc4-eba10b4e0572', '2020-08-14 08:22:04', 'admin', 'admin', '2020-08-14 08:22:04', '093bc4e3-aa24-420c-9acb-dba23d1174de', NULL, NULL, NULL, NULL, NULL, 0, 1, 0, '0969c811-64e0-4969-be67-0c4a652e8630', '0c568c9d-d020-4759-9289-2883af8f8547', NULL, '04d6a1b0-33ef-4373-8c60-8345dbd68cd0', '08fecde2-4869-4328-8c68-4555794af65b', '698fc98f-98ab-4a99-8438-6083e543b323'),
	('31b4f453-0137-4753-a99e-1dba1e31db6e', '2020-08-14 08:22:04', 'admin', 'admin', '2020-08-14 08:22:04', '70453b41-de63-4ff4-96fb-80d19f9b598c', NULL, NULL, NULL, NULL, NULL, 0, 1, 0, '0969c811-64e0-4969-be67-0c4a652e8630', '8063bc96-3e7d-427f-adbb-fdd0be52487d', NULL, '04d6a1b0-33ef-4373-8c60-8345dbd68cd0', '08fecde2-4869-4328-8c68-4555794af65b', '15afd949-25f4-4f69-bf45-cf0e3c91c988'),
	('7e4d00d7-7b57-4327-8022-db6368d566a8', '2020-08-14 08:22:04', 'admin', 'admin', '2020-08-14 08:22:04', '84953ca6-b54b-4da9-9089-c4f7ee91f5b2', NULL, NULL, NULL, NULL, NULL, 0, 1, 0, '0969c811-64e0-4969-be67-0c4a652e8630', 'b1a35a8c-d898-4522-afd7-c6ffc8177710', NULL, '04d6a1b0-33ef-4373-8c60-8345dbd68cd0', '08fecde2-4869-4328-8c68-4555794af65b', '5090534c-0193-45a9-b960-78dbaed9f9d5'),
	('51332666-d6c8-474e-9096-b863de20487b', '2020-08-14 08:22:04', 'admin', 'admin', '2020-08-14 08:22:04', 'e99ce05a-69de-4265-ac50-962c070a9a57', NULL, NULL, NULL, NULL, NULL, 0, 1, 0, '0969c811-64e0-4969-be67-0c4a652e8630', '87b049e2-b318-436e-aa03-e6042922af9a', NULL, '04d6a1b0-33ef-4373-8c60-8345dbd68cd0', '08fecde2-4869-4328-8c68-4555794af65b', '29658b4b-1b3d-48b6-a91e-e0f4e9043e44'),
	('1296c29c-7ac8-434d-91e6-90d913f7c6e2', '2020-08-14 08:22:04', 'admin', 'admin', '2020-08-14 08:22:04', '48845654-30bf-4e6e-b0c4-771284652c41', NULL, NULL, NULL, NULL, NULL, 0, 1, 0, '0969c811-64e0-4969-be67-0c4a652e8630', 'f4e7980c-238d-4579-a6aa-ac22425ff075', NULL, '04d6a1b0-33ef-4373-8c60-8345dbd68cd0', '08fecde2-4869-4328-8c68-4555794af65b', '9bec582e-81de-46d1-be33-a02d60a57b59'),
	('1cb79c0b-0e12-413f-a5ff-387ca435bef1', '2020-08-14 08:22:04', 'admin', 'admin', '2020-08-14 08:22:04', '02fb97a8-5070-49a0-beb5-3637d438f7c8', NULL, NULL, NULL, NULL, NULL, 0, 1, 0, '0969c811-64e0-4969-be67-0c4a652e8630', '7da70399-f202-4e02-aa72-c5254ee09b83', NULL, '04d6a1b0-33ef-4373-8c60-8345dbd68cd0', '08fecde2-4869-4328-8c68-4555794af65b', '816c86fc-9c81-4bd4-9d84-beee8ef148de'),
	('9f89e3fe-cca2-4ae7-9f9c-2d1cd77f4e2b', '2020-08-14 08:22:04', 'admin', 'admin', '2020-08-14 08:22:04', '44f823b3-b9eb-4ab7-a4a4-bc110bf195be', NULL, NULL, NULL, NULL, NULL, 0, 1, 0, '0969c811-64e0-4969-be67-0c4a652e8630', '8063bc96-3e7d-427f-adbb-fdd0be52487d', NULL, '05841440-9fd7-4786-8604-902b4bbeae1b', 'd2da2fba-7a8e-4342-a116-6755972f5ae8', '15afd949-25f4-4f69-bf45-cf0e3c91c988'),
	('d02c2bc4-eb3e-41e4-9a30-46309c5bac43', '2020-08-14 08:22:04', 'admin', 'admin', '2020-08-14 08:22:04', 'c6b49eec-9095-45f1-889a-66c222c08a21', NULL, NULL, NULL, NULL, NULL, 0, 1, 0, '0969c811-64e0-4969-be67-0c4a652e8630', 'f4e7980c-238d-4579-a6aa-ac22425ff075', NULL, '05841440-9fd7-4786-8604-902b4bbeae1b', 'd2da2fba-7a8e-4342-a116-6755972f5ae8', '9bec582e-81de-46d1-be33-a02d60a57b59'),
	('44d226c3-e674-4c4e-bfa5-e94d596021fb', '2020-08-14 08:22:04', 'admin', 'admin', '2020-08-14 08:22:04', 'f5bf00e5-9c7c-4fa0-84a0-4ca430701f43', NULL, NULL, NULL, NULL, NULL, 0, 1, 0, '0969c811-64e0-4969-be67-0c4a652e8630', 'b1a35a8c-d898-4522-afd7-c6ffc8177710', NULL, '05841440-9fd7-4786-8604-902b4bbeae1b', 'd2da2fba-7a8e-4342-a116-6755972f5ae8', '5090534c-0193-45a9-b960-78dbaed9f9d5'),
	('bf347d5e-f086-4202-9c8b-cbded99052b9', '2020-08-14 08:22:04', 'admin', 'admin', '2020-08-14 08:22:04', '7ce95e96-9e2d-4c06-b341-bcfb87848b2b', NULL, NULL, NULL, NULL, NULL, 0, 1, 0, '0969c811-64e0-4969-be67-0c4a652e8630', '760d9e43-75a8-49d9-8447-e1580a5a8627', NULL, '05841440-9fd7-4786-8604-902b4bbeae1b', 'd2da2fba-7a8e-4342-a116-6755972f5ae8', 'f60ae3be-c749-4855-ab35-abc86c4edd6c'),
	('be46e034-ed5f-4666-9fc3-be8e93b6a9f7', '2020-08-14 08:22:04', 'admin', 'admin', '2020-08-14 08:22:04', 'f78835dd-7a79-4cd0-822c-7e81661cf5f1', NULL, NULL, NULL, NULL, NULL, 0, 1, 0, '0969c811-64e0-4969-be67-0c4a652e8630', '87b049e2-b318-436e-aa03-e6042922af9a', NULL, '05841440-9fd7-4786-8604-902b4bbeae1b', 'd2da2fba-7a8e-4342-a116-6755972f5ae8', '29658b4b-1b3d-48b6-a91e-e0f4e9043e44'),
	('665f6556-8792-4da4-8bc4-baf0be89691c', '2020-08-14 08:22:04', 'admin', 'admin', '2020-08-14 08:22:04', 'b00635bc-3f2d-4414-aedb-41c77eee3a53', NULL, NULL, NULL, NULL, NULL, 0, 1, 0, '0969c811-64e0-4969-be67-0c4a652e8630', '7da70399-f202-4e02-aa72-c5254ee09b83', NULL, '05841440-9fd7-4786-8604-902b4bbeae1b', 'd2da2fba-7a8e-4342-a116-6755972f5ae8', '816c86fc-9c81-4bd4-9d84-beee8ef148de'),
	('c3a60ffa-d330-4bf9-8d61-1c34b306fd56', '2020-08-14 08:22:04', 'admin', 'admin', '2020-08-14 08:22:04', 'e3f19b61-115a-4e08-a9f7-e3f274a2b962', NULL, NULL, NULL, NULL, NULL, 0, 1, 0, '0969c811-64e0-4969-be67-0c4a652e8630', '0c568c9d-d020-4759-9289-2883af8f8547', NULL, '05841440-9fd7-4786-8604-902b4bbeae1b', 'd2da2fba-7a8e-4342-a116-6755972f5ae8', '698fc98f-98ab-4a99-8438-6083e543b323'),
	('c2835670-817a-473d-860d-3741fa06647d', '2020-08-14 08:22:04', 'admin', 'admin', '2020-08-14 08:22:04', '07a47b82-206e-4a89-932c-2ed6540a3b19', NULL, NULL, NULL, NULL, NULL, 0, 1, 0, '0969c811-64e0-4969-be67-0c4a652e8630', '88b78e50-6c61-4d22-b211-65c4664cd8e6', NULL, '05841440-9fd7-4786-8604-902b4bbeae1b', 'd2da2fba-7a8e-4342-a116-6755972f5ae8', '9a5e5ef8-54b6-42c6-8ea3-289b24ad37dc'),
	('6be8274e-a0d0-4c26-af45-23f8bf51550d', '2020-08-14 08:22:04', 'admin', 'admin', '2020-08-14 08:22:04', '8e7af638-134a-4fa5-91a4-4cccd0a5d31d', NULL, NULL, NULL, NULL, NULL, 0, 1, 0, '0969c811-64e0-4969-be67-0c4a652e8630', '8063bc96-3e7d-427f-adbb-fdd0be52487d', NULL, '05e9b472-6cc9-43ac-bb82-41da263e90a1', 'a3b6e12c-3d03-4d8a-a0d9-a7ff96548e13', '15afd949-25f4-4f69-bf45-cf0e3c91c988'),
	('23a3b93e-e526-443d-a6dd-f84c0a10d191', '2020-08-14 08:22:04', 'admin', 'admin', '2020-08-14 08:22:04', '7e0ca403-21d5-415c-9391-3661698fe90d', NULL, NULL, NULL, NULL, NULL, 0, 1, 0, '0969c811-64e0-4969-be67-0c4a652e8630', 'f4e7980c-238d-4579-a6aa-ac22425ff075', NULL, '05e9b472-6cc9-43ac-bb82-41da263e90a1', 'a3b6e12c-3d03-4d8a-a0d9-a7ff96548e13', '9bec582e-81de-46d1-be33-a02d60a57b59'),
	('baf20aea-79f2-493f-9a17-c140b05c6632', '2020-08-14 08:22:04', 'admin', 'admin', '2020-08-14 08:22:04', 'ae27c7ea-6d71-43a3-a798-de61bfc66512', NULL, NULL, NULL, NULL, NULL, 0, 1, 0, '0969c811-64e0-4969-be67-0c4a652e8630', 'b1a35a8c-d898-4522-afd7-c6ffc8177710', NULL, '05e9b472-6cc9-43ac-bb82-41da263e90a1', 'a3b6e12c-3d03-4d8a-a0d9-a7ff96548e13', '5090534c-0193-45a9-b960-78dbaed9f9d5'),
	('41e21c69-7d5e-4f38-99ff-e529f221ede7', '2020-08-14 08:22:04', 'admin', 'admin', '2020-08-14 08:22:04', 'd012f83f-955a-42e7-aa27-35cfd0f6b4d5', NULL, NULL, NULL, NULL, NULL, 0, 1, 0, '0969c811-64e0-4969-be67-0c4a652e8630', '88b78e50-6c61-4d22-b211-65c4664cd8e6', NULL, '05e9b472-6cc9-43ac-bb82-41da263e90a1', 'a3b6e12c-3d03-4d8a-a0d9-a7ff96548e13', '9a5e5ef8-54b6-42c6-8ea3-289b24ad37dc'),
	('f7669e20-0695-4f63-88ca-b4ef777bf651', '2020-08-14 08:22:04', 'admin', 'admin', '2020-08-14 08:22:04', '4745dba1-3184-47cd-b1be-05b635b9e942', NULL, NULL, NULL, NULL, NULL, 0, 1, 0, '0969c811-64e0-4969-be67-0c4a652e8630', '7da70399-f202-4e02-aa72-c5254ee09b83', NULL, '05e9b472-6cc9-43ac-bb82-41da263e90a1', 'a3b6e12c-3d03-4d8a-a0d9-a7ff96548e13', '816c86fc-9c81-4bd4-9d84-beee8ef148de'),
	('6778e6e3-dd58-4659-8cbc-e880cde4206f', '2020-08-14 08:22:04', 'admin', 'admin', '2020-08-14 08:22:04', '4e9f7812-d51f-4045-a9b5-8394b7b525b1', NULL, NULL, NULL, NULL, NULL, 0, 1, 0, '0969c811-64e0-4969-be67-0c4a652e8630', '0c568c9d-d020-4759-9289-2883af8f8547', NULL, '05e9b472-6cc9-43ac-bb82-41da263e90a1', 'a3b6e12c-3d03-4d8a-a0d9-a7ff96548e13', '698fc98f-98ab-4a99-8438-6083e543b323'),
	('fede58eb-eed7-40ec-89a3-b59de758ca80', '2020-08-14 08:22:04', 'admin', 'admin', '2020-08-14 08:22:04', 'c439747c-50f9-4a11-aa78-86549f5018d9', NULL, NULL, NULL, NULL, NULL, 0, 1, 0, '0969c811-64e0-4969-be67-0c4a652e8630', '87b049e2-b318-436e-aa03-e6042922af9a', NULL, '05e9b472-6cc9-43ac-bb82-41da263e90a1', 'a3b6e12c-3d03-4d8a-a0d9-a7ff96548e13', '29658b4b-1b3d-48b6-a91e-e0f4e9043e44'),
	('f82f1bce-e7b6-48b9-ad08-05dcdd228c77', '2020-08-14 08:22:04', 'admin', 'admin', '2020-08-14 08:22:04', 'b119b0e0-d16b-4bbe-8717-0de13ca51407', NULL, NULL, NULL, NULL, NULL, 0, 1, 0, '0969c811-64e0-4969-be67-0c4a652e8630', '760d9e43-75a8-49d9-8447-e1580a5a8627', NULL, '05e9b472-6cc9-43ac-bb82-41da263e90a1', 'a3b6e12c-3d03-4d8a-a0d9-a7ff96548e13', 'f60ae3be-c749-4855-ab35-abc86c4edd6c'),
	('96eb3a5a-ab9d-4122-aa5a-bf412ac23446', '2020-08-14 08:22:04', 'admin', 'admin', '2020-08-14 08:22:04', 'dbc952f9-8f50-4665-8bcf-dcbbebcd3e10', NULL, NULL, NULL, NULL, NULL, 0, 1, 0, '0969c811-64e0-4969-be67-0c4a652e8630', 'f4e7980c-238d-4579-a6aa-ac22425ff075', NULL, '060aac4b-ce10-4dd0-ab01-ca54c992f1a9', 'd22a3ce9-64ed-496f-91fc-2d76e91bfd20', '9bec582e-81de-46d1-be33-a02d60a57b59'),
	('6caada7d-9ff8-491a-9f73-46d783cccb47', '2020-08-14 08:22:04', 'admin', 'admin', '2020-08-14 08:22:04', '1e087a0e-2c00-4350-84b2-1e4a3e779f2e', NULL, NULL, NULL, NULL, NULL, 0, 1, 0, '0969c811-64e0-4969-be67-0c4a652e8630', '88b78e50-6c61-4d22-b211-65c4664cd8e6', NULL, '060aac4b-ce10-4dd0-ab01-ca54c992f1a9', 'd22a3ce9-64ed-496f-91fc-2d76e91bfd20', '9a5e5ef8-54b6-42c6-8ea3-289b24ad37dc'),
	('ff673ab2-edb0-4c35-a738-0063eb149c16', '2020-08-14 08:22:04', 'admin', 'admin', '2020-08-14 08:22:04', '32b42878-a22a-4a95-911e-073315c112b6', NULL, NULL, NULL, NULL, NULL, 0, 1, 0, '0969c811-64e0-4969-be67-0c4a652e8630', 'b1a35a8c-d898-4522-afd7-c6ffc8177710', NULL, '060aac4b-ce10-4dd0-ab01-ca54c992f1a9', 'd22a3ce9-64ed-496f-91fc-2d76e91bfd20', '5090534c-0193-45a9-b960-78dbaed9f9d5'),
	('dbad6482-8fbd-42a6-a056-a6c7f3664b0c', '2020-08-14 08:22:04', 'admin', 'admin', '2020-08-14 08:22:04', '2e612a71-eb32-41be-9a7a-0f45d625d279', NULL, NULL, NULL, NULL, NULL, 0, 1, 0, '0969c811-64e0-4969-be67-0c4a652e8630', '760d9e43-75a8-49d9-8447-e1580a5a8627', NULL, '060aac4b-ce10-4dd0-ab01-ca54c992f1a9', 'd22a3ce9-64ed-496f-91fc-2d76e91bfd20', 'f60ae3be-c749-4855-ab35-abc86c4edd6c'),
	('7fdc9905-aabc-4336-8952-15984699623e', '2020-08-14 08:22:04', 'admin', 'admin', '2020-08-14 08:22:04', 'f9f3a659-e8c0-4f4b-9cdc-133a875c70c7', NULL, NULL, NULL, NULL, NULL, 0, 1, 0, '0969c811-64e0-4969-be67-0c4a652e8630', '7da70399-f202-4e02-aa72-c5254ee09b83', NULL, '060aac4b-ce10-4dd0-ab01-ca54c992f1a9', 'd22a3ce9-64ed-496f-91fc-2d76e91bfd20', '816c86fc-9c81-4bd4-9d84-beee8ef148de'),
	('45c4b115-752f-4455-819f-05ece84a6e43', '2020-08-14 08:22:04', 'admin', 'admin', '2020-08-14 08:22:04', '6b91bbc3-475c-466e-8d93-4cdd21cd2ec2', NULL, NULL, NULL, NULL, NULL, 0, 1, 0, '0969c811-64e0-4969-be67-0c4a652e8630', '0c568c9d-d020-4759-9289-2883af8f8547', NULL, '060aac4b-ce10-4dd0-ab01-ca54c992f1a9', 'd22a3ce9-64ed-496f-91fc-2d76e91bfd20', '698fc98f-98ab-4a99-8438-6083e543b323'),
	('efecd4e2-77fb-4b61-849a-73cde5cfec66', '2020-08-14 08:22:04', 'admin', 'admin', '2020-08-14 08:22:04', 'df9b51e5-8c00-4b38-86f8-d248468b0c4e', NULL, NULL, NULL, NULL, NULL, 0, 1, 0, '0969c811-64e0-4969-be67-0c4a652e8630', '87b049e2-b318-436e-aa03-e6042922af9a', NULL, '060aac4b-ce10-4dd0-ab01-ca54c992f1a9', 'd22a3ce9-64ed-496f-91fc-2d76e91bfd20', '29658b4b-1b3d-48b6-a91e-e0f4e9043e44'),
	('fa4037e3-4ae7-450f-86bb-ebca13f42857', '2020-08-14 08:22:04', 'admin', 'admin', '2020-08-14 08:22:04', 'da4dcab1-c5e9-4ac0-9046-814c82e5d708', NULL, NULL, NULL, NULL, NULL, 0, 1, 0, '0969c811-64e0-4969-be67-0c4a652e8630', '8063bc96-3e7d-427f-adbb-fdd0be52487d', NULL, '060aac4b-ce10-4dd0-ab01-ca54c992f1a9', 'd22a3ce9-64ed-496f-91fc-2d76e91bfd20', '15afd949-25f4-4f69-bf45-cf0e3c91c988'),
	('0d8068ef-a76c-4215-9189-c6186cf80d2f', '2020-08-14 08:22:04', 'admin', 'admin', '2020-08-14 08:22:04', '82706660-e3a9-4a6e-b369-46c255298b9e', NULL, NULL, NULL, NULL, NULL, 0, 1, 0, '0969c811-64e0-4969-be67-0c4a652e8630', '88b78e50-6c61-4d22-b211-65c4664cd8e6', NULL, '065c87e8-6f19-42e5-8169-6cb31c5abedd', '0c2a8378-4a2d-472d-9860-1b85c3058a4c', '9a5e5ef8-54b6-42c6-8ea3-289b24ad37dc'),
	('0e4c28c6-5bb2-4b4c-bee6-095387e58428', '2020-08-14 08:22:04', 'admin', 'admin', '2020-08-14 08:22:04', 'af738c84-1758-456d-ad12-99185331e424', NULL, NULL, NULL, NULL, NULL, 0, 1, 0, '0969c811-64e0-4969-be67-0c4a652e8630', '0c568c9d-d020-4759-9289-2883af8f8547', NULL, '065c87e8-6f19-42e5-8169-6cb31c5abedd', '0c2a8378-4a2d-472d-9860-1b85c3058a4c', '698fc98f-98ab-4a99-8438-6083e543b323'),
	('cb600153-2427-41eb-8486-139e625b8a8f', '2020-08-14 08:22:04', 'admin', 'admin', '2020-08-14 08:22:04', '73644aa3-495c-4798-a5ad-3d49280d5b2e', NULL, NULL, NULL, NULL, NULL, 0, 1, 0, '0969c811-64e0-4969-be67-0c4a652e8630', 'b1a35a8c-d898-4522-afd7-c6ffc8177710', NULL, '065c87e8-6f19-42e5-8169-6cb31c5abedd', '0c2a8378-4a2d-472d-9860-1b85c3058a4c', '5090534c-0193-45a9-b960-78dbaed9f9d5'),
	('d0060c71-0d2c-4e66-bc7b-651c6dd2e7f4', '2020-08-14 08:22:04', 'admin', 'admin', '2020-08-14 08:22:04', '2c140ea0-fda9-41df-b078-4721e5fc1306', NULL, NULL, NULL, NULL, NULL, 0, 1, 0, '0969c811-64e0-4969-be67-0c4a652e8630', '7da70399-f202-4e02-aa72-c5254ee09b83', NULL, '065c87e8-6f19-42e5-8169-6cb31c5abedd', '0c2a8378-4a2d-472d-9860-1b85c3058a4c', '816c86fc-9c81-4bd4-9d84-beee8ef148de'),
	('f83245f0-e311-43a0-b081-046467125f68', '2020-08-14 08:22:04', 'admin', 'admin', '2020-08-14 08:22:04', '892cd971-759d-445d-9e22-a500d50f0d9e', NULL, NULL, NULL, NULL, NULL, 0, 1, 0, '0969c811-64e0-4969-be67-0c4a652e8630', '8063bc96-3e7d-427f-adbb-fdd0be52487d', NULL, '065c87e8-6f19-42e5-8169-6cb31c5abedd', '0c2a8378-4a2d-472d-9860-1b85c3058a4c', '15afd949-25f4-4f69-bf45-cf0e3c91c988'),
	('7b07ce5b-de35-4108-a33b-82c571e730b4', '2020-08-14 08:22:04', 'admin', 'admin', '2020-08-14 08:22:04', 'bf3a5706-f055-46e0-ad0c-64878ae211a1', NULL, NULL, NULL, NULL, NULL, 0, 1, 0, '0969c811-64e0-4969-be67-0c4a652e8630', '760d9e43-75a8-49d9-8447-e1580a5a8627', NULL, '065c87e8-6f19-42e5-8169-6cb31c5abedd', '0c2a8378-4a2d-472d-9860-1b85c3058a4c', 'f60ae3be-c749-4855-ab35-abc86c4edd6c'),
	('1a8fc997-6734-429d-960b-3bc5ab24b079', '2020-08-14 08:22:04', 'admin', 'admin', '2020-08-14 08:22:04', '3821f7df-6c16-4425-92ec-67ea275db0a0', NULL, NULL, NULL, NULL, NULL, 0, 1, 0, '0969c811-64e0-4969-be67-0c4a652e8630', 'f4e7980c-238d-4579-a6aa-ac22425ff075', NULL, '065c87e8-6f19-42e5-8169-6cb31c5abedd', '0c2a8378-4a2d-472d-9860-1b85c3058a4c', '9bec582e-81de-46d1-be33-a02d60a57b59'),
	('45a4a4be-ffa3-4a73-8d3d-94c04a6a133c', '2020-08-14 08:22:04', 'admin', 'admin', '2020-08-14 08:22:04', '489340a9-c9d1-4ffa-8528-009c4aabfa26', NULL, NULL, NULL, NULL, NULL, 0, 1, 0, '0969c811-64e0-4969-be67-0c4a652e8630', '87b049e2-b318-436e-aa03-e6042922af9a', NULL, '065c87e8-6f19-42e5-8169-6cb31c5abedd', '0c2a8378-4a2d-472d-9860-1b85c3058a4c', '29658b4b-1b3d-48b6-a91e-e0f4e9043e44'),
	('81cbd8fc-e2c3-47c0-bcbc-6a8267963e40', '2020-08-14 08:22:04', 'admin', 'admin', '2020-08-14 08:22:04', 'a79a88d8-35a0-4848-8df9-1d25d218bb99', NULL, NULL, NULL, NULL, NULL, 0, 1, 0, '0969c811-64e0-4969-be67-0c4a652e8630', '8063bc96-3e7d-427f-adbb-fdd0be52487d', NULL, '06e8c877-ad23-4669-a8e6-8467ae1c4a13', '61aa81ea-291a-46d9-a3af-3ebddabd8b53', '15afd949-25f4-4f69-bf45-cf0e3c91c988'),
	('c1798bdd-ec99-4395-815e-1b8885fef180', '2020-08-14 08:22:04', 'admin', 'admin', '2020-08-14 08:22:04', 'b7525100-1c5d-43ce-a1cb-ca23553d48a1', NULL, NULL, NULL, NULL, NULL, 0, 1, 0, '0969c811-64e0-4969-be67-0c4a652e8630', 'f4e7980c-238d-4579-a6aa-ac22425ff075', NULL, '06e8c877-ad23-4669-a8e6-8467ae1c4a13', '61aa81ea-291a-46d9-a3af-3ebddabd8b53', '9bec582e-81de-46d1-be33-a02d60a57b59'),
	('c7aeb7d9-3f6f-4f72-a2c0-5038f6878fc7', '2020-08-14 08:22:04', 'admin', 'admin', '2020-08-14 08:22:04', '9706ce82-07f7-4375-9e5b-68902009bd95', NULL, NULL, NULL, NULL, NULL, 0, 1, 0, '0969c811-64e0-4969-be67-0c4a652e8630', 'b1a35a8c-d898-4522-afd7-c6ffc8177710', NULL, '06e8c877-ad23-4669-a8e6-8467ae1c4a13', '61aa81ea-291a-46d9-a3af-3ebddabd8b53', '5090534c-0193-45a9-b960-78dbaed9f9d5'),
	('46fcb823-abc1-4a7d-bce8-2e564a40d20c', '2020-08-14 08:22:04', 'admin', 'admin', '2020-08-14 08:22:04', '00770ac1-3421-4400-be75-e42c4fcfa018', NULL, NULL, NULL, NULL, NULL, 0, 1, 0, '0969c811-64e0-4969-be67-0c4a652e8630', '87b049e2-b318-436e-aa03-e6042922af9a', NULL, '06e8c877-ad23-4669-a8e6-8467ae1c4a13', '61aa81ea-291a-46d9-a3af-3ebddabd8b53', '29658b4b-1b3d-48b6-a91e-e0f4e9043e44'),
	('b211298c-0c27-4e8a-ad37-13064f6a21e4', '2020-08-14 08:22:04', 'admin', 'admin', '2020-08-14 08:22:04', '7415822d-0b4c-4304-b0b5-65d5fd7ac80d', NULL, NULL, NULL, NULL, NULL, 0, 1, 0, '0969c811-64e0-4969-be67-0c4a652e8630', '88b78e50-6c61-4d22-b211-65c4664cd8e6', NULL, '06e8c877-ad23-4669-a8e6-8467ae1c4a13', '61aa81ea-291a-46d9-a3af-3ebddabd8b53', '9a5e5ef8-54b6-42c6-8ea3-289b24ad37dc'),
	('6489fe1a-fe1d-471c-989b-0ca55560c40c', '2020-08-14 08:22:04', 'admin', 'admin', '2020-08-14 08:22:04', 'ef41081a-a27e-44b7-9336-8f82b02661f2', NULL, NULL, NULL, NULL, NULL, 0, 1, 0, '0969c811-64e0-4969-be67-0c4a652e8630', '0c568c9d-d020-4759-9289-2883af8f8547', NULL, '06e8c877-ad23-4669-a8e6-8467ae1c4a13', '61aa81ea-291a-46d9-a3af-3ebddabd8b53', '698fc98f-98ab-4a99-8438-6083e543b323'),
	('877b68d8-1c7c-45c2-a3ad-56051bdf921e', '2020-08-14 08:22:04', 'admin', 'admin', '2020-08-14 08:22:04', 'a1c510a5-39a9-4225-a8bd-afe5e50ebbb0', NULL, NULL, NULL, NULL, NULL, 0, 1, 0, '0969c811-64e0-4969-be67-0c4a652e8630', '7da70399-f202-4e02-aa72-c5254ee09b83', NULL, '06e8c877-ad23-4669-a8e6-8467ae1c4a13', '61aa81ea-291a-46d9-a3af-3ebddabd8b53', '816c86fc-9c81-4bd4-9d84-beee8ef148de'),
	('b41e46a0-daef-4c88-832f-076b9a0e7d9d', '2020-08-14 08:22:04', 'admin', 'admin', '2020-08-14 08:22:04', '46dc78a8-cac7-444b-9e51-56c39e466d73', NULL, NULL, NULL, NULL, NULL, 0, 1, 0, '0969c811-64e0-4969-be67-0c4a652e8630', '760d9e43-75a8-49d9-8447-e1580a5a8627', NULL, '06e8c877-ad23-4669-a8e6-8467ae1c4a13', '61aa81ea-291a-46d9-a3af-3ebddabd8b53', 'f60ae3be-c749-4855-ab35-abc86c4edd6c'),
	('4ece22c2-2cef-420d-a2d6-5f3bb93e6320', '2020-08-14 08:22:04', 'admin', 'admin', '2020-08-14 08:22:04', 'da4aff0a-26c5-4a37-b6d0-bd473f6d5097', NULL, NULL, NULL, NULL, NULL, 0, 1, 0, '0969c811-64e0-4969-be67-0c4a652e8630', '8063bc96-3e7d-427f-adbb-fdd0be52487d', NULL, '0746bc5a-85b9-440c-9b6f-802799258deb', 'c49be4d3-e616-4f12-be1c-bd8974e05d3e', '15afd949-25f4-4f69-bf45-cf0e3c91c988'),
	('38c3062a-4dd8-4f66-b69a-cddba0f9ab90', '2020-08-14 08:22:04', 'admin', 'admin', '2020-08-14 08:22:04', '5a946b83-c4e8-4582-9279-f4c260c9b9d2', NULL, NULL, NULL, NULL, NULL, 0, 1, 0, '0969c811-64e0-4969-be67-0c4a652e8630', '88b78e50-6c61-4d22-b211-65c4664cd8e6', NULL, '0746bc5a-85b9-440c-9b6f-802799258deb', 'c49be4d3-e616-4f12-be1c-bd8974e05d3e', '9a5e5ef8-54b6-42c6-8ea3-289b24ad37dc'),
	('e4a062a7-e040-4abb-a222-9722d0cc917e', '2020-08-14 08:22:04', 'admin', 'admin', '2020-08-14 08:22:04', '3596b461-d744-4bdb-9ae3-3bcc649902fe', NULL, NULL, NULL, NULL, NULL, 0, 1, 0, '0969c811-64e0-4969-be67-0c4a652e8630', '87b049e2-b318-436e-aa03-e6042922af9a', NULL, '0746bc5a-85b9-440c-9b6f-802799258deb', 'c49be4d3-e616-4f12-be1c-bd8974e05d3e', '29658b4b-1b3d-48b6-a91e-e0f4e9043e44'),
	('5fc5b277-75a2-48a4-819a-6c38b470ea60', '2020-08-14 08:22:04', 'admin', 'admin', '2020-08-14 08:22:04', '92cc2c6d-07f5-49e2-b924-3d77f62bbdc7', NULL, NULL, NULL, NULL, NULL, 0, 1, 0, '0969c811-64e0-4969-be67-0c4a652e8630', 'b1a35a8c-d898-4522-afd7-c6ffc8177710', NULL, '0746bc5a-85b9-440c-9b6f-802799258deb', 'c49be4d3-e616-4f12-be1c-bd8974e05d3e', '5090534c-0193-45a9-b960-78dbaed9f9d5'),
	('88bed47a-c102-4eac-9eff-77081dd4086f', '2020-08-14 08:22:04', 'admin', 'admin', '2020-08-14 08:22:04', 'c745a59a-84e3-45f8-84a9-88205901c067', NULL, NULL, NULL, NULL, NULL, 0, 1, 0, '0969c811-64e0-4969-be67-0c4a652e8630', '0c568c9d-d020-4759-9289-2883af8f8547', NULL, '0746bc5a-85b9-440c-9b6f-802799258deb', 'c49be4d3-e616-4f12-be1c-bd8974e05d3e', '698fc98f-98ab-4a99-8438-6083e543b323'),
	('a39e5b62-0310-46a1-84a0-2208e49a2722', '2020-08-14 08:22:04', 'admin', 'admin', '2020-08-14 08:22:04', '0c77751d-ddce-4484-b942-481c2bd3c152', NULL, NULL, NULL, NULL, NULL, 0, 1, 0, '0969c811-64e0-4969-be67-0c4a652e8630', '7da70399-f202-4e02-aa72-c5254ee09b83', NULL, '0746bc5a-85b9-440c-9b6f-802799258deb', 'c49be4d3-e616-4f12-be1c-bd8974e05d3e', '816c86fc-9c81-4bd4-9d84-beee8ef148de'),
	('f2b2beb3-2e54-4e53-8b56-5478f101a582', '2020-08-14 08:22:04', 'admin', 'admin', '2020-08-14 08:22:04', 'd09633cc-ac0f-42eb-be44-ad18702921dd', NULL, NULL, NULL, NULL, NULL, 0, 1, 0, '0969c811-64e0-4969-be67-0c4a652e8630', '760d9e43-75a8-49d9-8447-e1580a5a8627', NULL, '0746bc5a-85b9-440c-9b6f-802799258deb', 'c49be4d3-e616-4f12-be1c-bd8974e05d3e', 'f60ae3be-c749-4855-ab35-abc86c4edd6c'),
	('a66ef705-9f40-492e-b112-83a9719a1b70', '2020-08-14 08:22:04', 'admin', 'admin', '2020-08-14 08:22:04', 'd35b6942-8841-4180-ae34-a3ad32d741de', NULL, NULL, NULL, NULL, NULL, 0, 1, 0, '0969c811-64e0-4969-be67-0c4a652e8630', 'f4e7980c-238d-4579-a6aa-ac22425ff075', NULL, '0746bc5a-85b9-440c-9b6f-802799258deb', 'c49be4d3-e616-4f12-be1c-bd8974e05d3e', '9bec582e-81de-46d1-be33-a02d60a57b59'),
	('3d3655cd-4b45-4357-a99c-b714cfb455e8', '2020-08-14 08:22:04', 'admin', 'admin', '2020-08-14 08:22:04', '2ba6b5b0-7ac9-49d1-849c-8cbfe68dc8b8', NULL, NULL, NULL, NULL, NULL, 0, 1, 0, '0969c811-64e0-4969-be67-0c4a652e8630', '7da70399-f202-4e02-aa72-c5254ee09b83', NULL, '07d2d6e2-e94c-47fe-bf3f-ac42b22e4135', 'f4fa4447-16d6-4269-a533-5ac5fe1474bb', '816c86fc-9c81-4bd4-9d84-beee8ef148de'),
	('311b098b-2488-43b8-b4db-6b6cc86678c8', '2020-08-14 08:22:04', 'admin', 'admin', '2020-08-14 08:22:04', 'cd66171d-27ba-46af-8a99-d34d94ef2e6a', NULL, NULL, NULL, NULL, NULL, 0, 1, 0, '0969c811-64e0-4969-be67-0c4a652e8630', '8063bc96-3e7d-427f-adbb-fdd0be52487d', NULL, '07d2d6e2-e94c-47fe-bf3f-ac42b22e4135', 'f4fa4447-16d6-4269-a533-5ac5fe1474bb', '15afd949-25f4-4f69-bf45-cf0e3c91c988'),
	('c51abd82-7a3b-4861-890f-ec9ab3b6bf38', '2020-08-14 08:22:04', 'admin', 'admin', '2020-08-14 08:22:04', '8f96d53c-f388-4e65-906b-183299fc491b', NULL, NULL, NULL, NULL, NULL, 0, 1, 0, '0969c811-64e0-4969-be67-0c4a652e8630', '0c568c9d-d020-4759-9289-2883af8f8547', NULL, '07d2d6e2-e94c-47fe-bf3f-ac42b22e4135', 'f4fa4447-16d6-4269-a533-5ac5fe1474bb', '698fc98f-98ab-4a99-8438-6083e543b323'),
	('48e8402e-4f44-4512-a7f3-b2933f276adb', '2020-08-14 08:22:04', 'admin', 'admin', '2020-08-14 08:22:04', 'f65cc904-dd53-4472-b8d4-1e9b127879d0', NULL, NULL, NULL, NULL, NULL, 0, 1, 0, '0969c811-64e0-4969-be67-0c4a652e8630', 'f4e7980c-238d-4579-a6aa-ac22425ff075', NULL, '07d2d6e2-e94c-47fe-bf3f-ac42b22e4135', 'f4fa4447-16d6-4269-a533-5ac5fe1474bb', '9bec582e-81de-46d1-be33-a02d60a57b59'),
	('8ea09cf2-fb14-4ba8-b91d-9351fa52c60e', '2020-08-14 08:22:04', 'admin', 'admin', '2020-08-14 08:22:04', '84bd24a3-416a-4e2e-b927-30a1d03cf50e', NULL, NULL, NULL, NULL, NULL, 0, 1, 0, '0969c811-64e0-4969-be67-0c4a652e8630', '87b049e2-b318-436e-aa03-e6042922af9a', NULL, '07d2d6e2-e94c-47fe-bf3f-ac42b22e4135', 'f4fa4447-16d6-4269-a533-5ac5fe1474bb', '29658b4b-1b3d-48b6-a91e-e0f4e9043e44'),
	('179ff684-fa41-460b-ae97-937916395ade', '2020-08-14 08:22:04', 'admin', 'admin', '2020-08-14 08:22:04', '75faf26f-df2e-4cc7-a719-29bb9d250075', NULL, NULL, NULL, NULL, NULL, 0, 1, 0, '0969c811-64e0-4969-be67-0c4a652e8630', '88b78e50-6c61-4d22-b211-65c4664cd8e6', NULL, '07d2d6e2-e94c-47fe-bf3f-ac42b22e4135', 'f4fa4447-16d6-4269-a533-5ac5fe1474bb', '9a5e5ef8-54b6-42c6-8ea3-289b24ad37dc'),
	('cb65ed4f-50ec-4b68-98cc-94bcbc738a91', '2020-08-14 08:22:04', 'admin', 'admin', '2020-08-14 08:22:04', '7e98ada4-972c-4ee8-a1a2-6f4b0b3cd5fb', NULL, NULL, NULL, NULL, NULL, 0, 1, 0, '0969c811-64e0-4969-be67-0c4a652e8630', 'b1a35a8c-d898-4522-afd7-c6ffc8177710', NULL, '07d2d6e2-e94c-47fe-bf3f-ac42b22e4135', 'f4fa4447-16d6-4269-a533-5ac5fe1474bb', '5090534c-0193-45a9-b960-78dbaed9f9d5'),
	('1c6cf722-9d7a-4b0b-8dba-9e60b8b455d4', '2020-08-14 08:22:04', 'admin', 'admin', '2020-08-14 08:22:04', 'a1f916a1-2452-4dc0-a7ca-8625d07fd8a5', NULL, NULL, NULL, NULL, NULL, 0, 1, 0, '0969c811-64e0-4969-be67-0c4a652e8630', '760d9e43-75a8-49d9-8447-e1580a5a8627', NULL, '07d2d6e2-e94c-47fe-bf3f-ac42b22e4135', 'f4fa4447-16d6-4269-a533-5ac5fe1474bb', 'f60ae3be-c749-4855-ab35-abc86c4edd6c'),
	('7d22b84e-9842-4fe3-9823-75c7bce854dc', '2020-08-14 08:22:04', 'admin', 'admin', '2020-08-14 08:22:04', '14cbcd92-b02e-40b5-957d-6bdfc549a328', NULL, NULL, NULL, NULL, NULL, 0, 1, 0, '0969c811-64e0-4969-be67-0c4a652e8630', '88b78e50-6c61-4d22-b211-65c4664cd8e6', NULL, '086f27ac-def6-4399-bca2-f569786aebfd', 'ec71f459-1477-4707-8334-c67c67b966e3', '9a5e5ef8-54b6-42c6-8ea3-289b24ad37dc'),
	('f276ee20-46b7-45f7-becd-baafe0b6190b', '2020-08-14 08:22:04', 'admin', 'admin', '2020-08-14 08:22:04', '93013a53-92c4-4016-b0dd-621c0674852c', NULL, NULL, NULL, NULL, NULL, 0, 1, 0, '0969c811-64e0-4969-be67-0c4a652e8630', 'b1a35a8c-d898-4522-afd7-c6ffc8177710', NULL, '086f27ac-def6-4399-bca2-f569786aebfd', 'ec71f459-1477-4707-8334-c67c67b966e3', '5090534c-0193-45a9-b960-78dbaed9f9d5'),
	('03a118b1-537a-407a-9907-e3a0bb6af2f1', '2020-08-14 08:22:04', 'admin', 'admin', '2020-08-14 08:22:04', '1eb88eb2-27cc-4a2d-b661-a63c61e13fd6', NULL, NULL, NULL, NULL, NULL, 0, 1, 0, '0969c811-64e0-4969-be67-0c4a652e8630', '8063bc96-3e7d-427f-adbb-fdd0be52487d', NULL, '086f27ac-def6-4399-bca2-f569786aebfd', 'ec71f459-1477-4707-8334-c67c67b966e3', '15afd949-25f4-4f69-bf45-cf0e3c91c988'),
	('bdd1bf3d-7427-43b1-8800-94beabaa8cba', '2020-08-14 08:22:04', 'admin', 'admin', '2020-08-14 08:22:04', 'b4f1c4d9-d36b-4c85-b9ac-c367ade2baf0', NULL, NULL, NULL, NULL, NULL, 0, 1, 0, '0969c811-64e0-4969-be67-0c4a652e8630', '87b049e2-b318-436e-aa03-e6042922af9a', NULL, '086f27ac-def6-4399-bca2-f569786aebfd', 'ec71f459-1477-4707-8334-c67c67b966e3', '29658b4b-1b3d-48b6-a91e-e0f4e9043e44'),
	('cd785c1b-bee8-4f42-81e3-2139fc949166', '2020-08-14 08:22:04', 'admin', 'admin', '2020-08-14 08:22:04', '0aceff59-b179-4e09-933e-5339e7b1248a', NULL, NULL, NULL, NULL, NULL, 0, 1, 0, '0969c811-64e0-4969-be67-0c4a652e8630', 'f4e7980c-238d-4579-a6aa-ac22425ff075', NULL, '086f27ac-def6-4399-bca2-f569786aebfd', 'ec71f459-1477-4707-8334-c67c67b966e3', '9bec582e-81de-46d1-be33-a02d60a57b59'),
	('d229e474-ddf5-4abc-b277-0df853d3303d', '2020-08-14 08:22:04', 'admin', 'admin', '2020-08-14 08:22:04', '69c30c74-55fd-432d-89b5-6642e4160b6d', NULL, NULL, NULL, NULL, NULL, 0, 1, 0, '0969c811-64e0-4969-be67-0c4a652e8630', '760d9e43-75a8-49d9-8447-e1580a5a8627', NULL, '086f27ac-def6-4399-bca2-f569786aebfd', 'ec71f459-1477-4707-8334-c67c67b966e3', 'f60ae3be-c749-4855-ab35-abc86c4edd6c'),
	('5e279e2f-eb0e-4b84-9970-9003c5fde8a6', '2020-08-14 08:22:04', 'admin', 'admin', '2020-08-14 08:22:04', '2736ee41-6ddd-4ad3-bced-2f7aefae54fd', NULL, NULL, NULL, NULL, NULL, 0, 1, 0, '0969c811-64e0-4969-be67-0c4a652e8630', '7da70399-f202-4e02-aa72-c5254ee09b83', NULL, '086f27ac-def6-4399-bca2-f569786aebfd', 'ec71f459-1477-4707-8334-c67c67b966e3', '816c86fc-9c81-4bd4-9d84-beee8ef148de'),
	('921cdf7d-ea95-46f2-99b4-67eadf789c25', '2020-08-14 08:22:04', 'admin', 'admin', '2020-08-14 08:22:04', 'b15a65e3-e540-4043-bd5b-6bd423b0a87c', NULL, NULL, NULL, NULL, NULL, 0, 1, 0, '0969c811-64e0-4969-be67-0c4a652e8630', '0c568c9d-d020-4759-9289-2883af8f8547', NULL, '086f27ac-def6-4399-bca2-f569786aebfd', 'ec71f459-1477-4707-8334-c67c67b966e3', '698fc98f-98ab-4a99-8438-6083e543b323'),
	('8afbcc84-e7a1-4863-98ad-6ae1c965c54c', '2020-08-14 08:22:04', 'admin', 'admin', '2020-08-14 08:22:04', 'b3a6eba9-7521-4d58-b06a-307f5d7cc010', NULL, NULL, NULL, NULL, NULL, 0, 1, 0, '0969c811-64e0-4969-be67-0c4a652e8630', '7da70399-f202-4e02-aa72-c5254ee09b83', NULL, '091ec5a6-69c2-4dc4-abc8-33a7f4397814', '3d4da283-7ecd-4e73-a14a-5ec0ed474744', '816c86fc-9c81-4bd4-9d84-beee8ef148de'),
	('6bb16632-3b51-4a8f-8dad-dfc1669864af', '2020-08-14 08:22:04', 'admin', 'admin', '2020-08-14 08:22:04', 'fd6ab1d9-dbaf-44cb-aed8-5941c12658c3', NULL, NULL, NULL, NULL, NULL, 0, 1, 0, '0969c811-64e0-4969-be67-0c4a652e8630', '88b78e50-6c61-4d22-b211-65c4664cd8e6', NULL, '091ec5a6-69c2-4dc4-abc8-33a7f4397814', '3d4da283-7ecd-4e73-a14a-5ec0ed474744', '9a5e5ef8-54b6-42c6-8ea3-289b24ad37dc'),
	('e2b9c868-893d-4b68-b849-c2fadb400977', '2020-08-14 08:22:04', 'admin', 'admin', '2020-08-14 08:22:04', '4c3d206d-da02-425f-b495-4b98675498c2', NULL, NULL, NULL, NULL, NULL, 0, 1, 0, '0969c811-64e0-4969-be67-0c4a652e8630', 'b1a35a8c-d898-4522-afd7-c6ffc8177710', NULL, '091ec5a6-69c2-4dc4-abc8-33a7f4397814', '3d4da283-7ecd-4e73-a14a-5ec0ed474744', '5090534c-0193-45a9-b960-78dbaed9f9d5'),
	('a6d086b2-8291-433f-871c-cce77d08d562', '2020-08-14 08:22:04', 'admin', 'admin', '2020-08-14 08:22:04', 'fef33ec3-59b0-4bfc-90d2-0a732532afc5', NULL, NULL, NULL, NULL, NULL, 0, 1, 0, '0969c811-64e0-4969-be67-0c4a652e8630', '87b049e2-b318-436e-aa03-e6042922af9a', NULL, '091ec5a6-69c2-4dc4-abc8-33a7f4397814', '3d4da283-7ecd-4e73-a14a-5ec0ed474744', '29658b4b-1b3d-48b6-a91e-e0f4e9043e44'),
	('83d08708-ab8a-4a3b-b241-815c4e2c6e4d', '2020-08-14 08:22:04', 'admin', 'admin', '2020-08-14 08:22:04', 'a6c2c281-10a7-4720-8b3d-33983a398c5e', NULL, NULL, NULL, NULL, NULL, 0, 1, 0, '0969c811-64e0-4969-be67-0c4a652e8630', '0c568c9d-d020-4759-9289-2883af8f8547', NULL, '091ec5a6-69c2-4dc4-abc8-33a7f4397814', '3d4da283-7ecd-4e73-a14a-5ec0ed474744', '698fc98f-98ab-4a99-8438-6083e543b323'),
	('b5efe386-2203-4280-ad97-e643a90ce409', '2020-08-14 08:22:04', 'admin', 'admin', '2020-08-14 08:22:04', '0b608113-6853-4f71-a9b4-f36eb0f27165', NULL, NULL, NULL, NULL, NULL, 0, 1, 0, '0969c811-64e0-4969-be67-0c4a652e8630', 'f4e7980c-238d-4579-a6aa-ac22425ff075', NULL, '091ec5a6-69c2-4dc4-abc8-33a7f4397814', '3d4da283-7ecd-4e73-a14a-5ec0ed474744', '9bec582e-81de-46d1-be33-a02d60a57b59'),
	('14d46671-09f9-4fdc-9ee6-4e0d7d9f0826', '2020-08-14 08:22:04', 'admin', 'admin', '2020-08-14 08:22:04', '667caed2-b235-4bbc-9dca-d3c34d373fc4', NULL, NULL, NULL, NULL, NULL, 0, 1, 0, '0969c811-64e0-4969-be67-0c4a652e8630', '760d9e43-75a8-49d9-8447-e1580a5a8627', NULL, '091ec5a6-69c2-4dc4-abc8-33a7f4397814', '3d4da283-7ecd-4e73-a14a-5ec0ed474744', 'f60ae3be-c749-4855-ab35-abc86c4edd6c'),
	('b6976795-2ede-491f-81d8-a0523a051af7', '2020-08-14 08:22:04', 'admin', 'admin', '2020-08-14 08:22:04', '929e384b-47bd-4bc9-9277-9bcabd91b7f5', NULL, NULL, NULL, NULL, NULL, 0, 1, 0, '0969c811-64e0-4969-be67-0c4a652e8630', '8063bc96-3e7d-427f-adbb-fdd0be52487d', NULL, '091ec5a6-69c2-4dc4-abc8-33a7f4397814', '3d4da283-7ecd-4e73-a14a-5ec0ed474744', '15afd949-25f4-4f69-bf45-cf0e3c91c988'),
	('a655f5d8-b38c-4fce-8cf6-bc5a72080383', '2020-08-14 08:22:04', 'admin', 'admin', '2020-08-14 08:22:04', '3f9d48fa-d6ec-470d-88c8-58bd3238f9de', NULL, NULL, NULL, NULL, NULL, 0, 1, 0, '0969c811-64e0-4969-be67-0c4a652e8630', '8063bc96-3e7d-427f-adbb-fdd0be52487d', NULL, '093215a9-d524-4a5f-840f-38a2bb55565c', '835bda7c-e17b-4e32-97f1-c1f5f5ec0fcd', '15afd949-25f4-4f69-bf45-cf0e3c91c988'),
	('a13ae747-6ad1-4f19-8aae-f3cbf2c5ff2f', '2020-08-14 08:22:04', 'admin', 'admin', '2020-08-14 08:22:04', '2450af63-a68e-4211-b2f3-7ee5031127ee', NULL, NULL, NULL, NULL, NULL, 0, 1, 0, '0969c811-64e0-4969-be67-0c4a652e8630', '87b049e2-b318-436e-aa03-e6042922af9a', NULL, '093215a9-d524-4a5f-840f-38a2bb55565c', '835bda7c-e17b-4e32-97f1-c1f5f5ec0fcd', '29658b4b-1b3d-48b6-a91e-e0f4e9043e44'),
	('b91e4768-2521-457b-a24b-091d51c8107d', '2020-08-14 08:22:04', 'admin', 'admin', '2020-08-14 08:22:04', '39f111cc-b812-4535-96c9-ccce2c030b5c', NULL, NULL, NULL, NULL, NULL, 0, 1, 0, '0969c811-64e0-4969-be67-0c4a652e8630', '88b78e50-6c61-4d22-b211-65c4664cd8e6', NULL, '093215a9-d524-4a5f-840f-38a2bb55565c', '835bda7c-e17b-4e32-97f1-c1f5f5ec0fcd', '9a5e5ef8-54b6-42c6-8ea3-289b24ad37dc'),
	('4e56ba3e-3233-45ba-9091-a1adf418d511', '2020-08-14 08:22:04', 'admin', 'admin', '2020-08-14 08:22:04', 'cddf707f-67bd-4b5c-b529-7b50c44b104a', NULL, NULL, NULL, NULL, NULL, 0, 1, 0, '0969c811-64e0-4969-be67-0c4a652e8630', '760d9e43-75a8-49d9-8447-e1580a5a8627', NULL, '093215a9-d524-4a5f-840f-38a2bb55565c', '835bda7c-e17b-4e32-97f1-c1f5f5ec0fcd', 'f60ae3be-c749-4855-ab35-abc86c4edd6c'),
	('4e6f14d6-54ce-4a06-9aa1-6d21a164c1b9', '2020-08-14 08:22:04', 'admin', 'admin', '2020-08-14 08:22:04', '3f3a197b-243a-472c-b30b-4ae4a7581733', NULL, NULL, NULL, NULL, NULL, 0, 1, 0, '0969c811-64e0-4969-be67-0c4a652e8630', '0c568c9d-d020-4759-9289-2883af8f8547', NULL, '093215a9-d524-4a5f-840f-38a2bb55565c', '835bda7c-e17b-4e32-97f1-c1f5f5ec0fcd', '698fc98f-98ab-4a99-8438-6083e543b323'),
	('1e0c36dd-5718-4837-9b1d-0e0c6bddb344', '2020-08-14 08:22:04', 'admin', 'admin', '2020-08-14 08:22:04', '021d131a-54f6-49ea-b012-20e0faddc849', NULL, NULL, NULL, NULL, NULL, 0, 1, 0, '0969c811-64e0-4969-be67-0c4a652e8630', 'f4e7980c-238d-4579-a6aa-ac22425ff075', NULL, '093215a9-d524-4a5f-840f-38a2bb55565c', '835bda7c-e17b-4e32-97f1-c1f5f5ec0fcd', '9bec582e-81de-46d1-be33-a02d60a57b59'),
	('22e01ec3-398c-45b1-96af-8cabb4b7e30e', '2020-08-14 08:22:04', 'admin', 'admin', '2020-08-14 08:22:04', '495c2a86-7d24-4810-a808-2fd68e88fbf9', NULL, NULL, NULL, NULL, NULL, 0, 1, 0, '0969c811-64e0-4969-be67-0c4a652e8630', 'b1a35a8c-d898-4522-afd7-c6ffc8177710', NULL, '093215a9-d524-4a5f-840f-38a2bb55565c', '835bda7c-e17b-4e32-97f1-c1f5f5ec0fcd', '5090534c-0193-45a9-b960-78dbaed9f9d5'),
	('7096af89-58b6-4599-950d-25651dbbced1', '2020-08-14 08:22:04', 'admin', 'admin', '2020-08-14 08:22:04', '2a306c8b-f38c-4b3d-8153-76a2d4973978', NULL, NULL, NULL, NULL, NULL, 0, 1, 0, '0969c811-64e0-4969-be67-0c4a652e8630', '7da70399-f202-4e02-aa72-c5254ee09b83', NULL, '093215a9-d524-4a5f-840f-38a2bb55565c', '835bda7c-e17b-4e32-97f1-c1f5f5ec0fcd', '816c86fc-9c81-4bd4-9d84-beee8ef148de'),
	('78564843-11fc-4944-b922-c4c1c766a1fb', '2020-08-14 08:22:04', 'admin', 'admin', '2020-08-14 08:22:04', '0cdb9592-4bc5-457d-a225-c7c75032d062', NULL, NULL, NULL, NULL, NULL, 0, 1, 0, '0969c811-64e0-4969-be67-0c4a652e8630', '7da70399-f202-4e02-aa72-c5254ee09b83', NULL, '0c885e7a-c569-4606-b290-44a1ce10b8fb', '1337d775-4e51-4a10-a6f5-d5fcc406bda7', '816c86fc-9c81-4bd4-9d84-beee8ef148de'),
	('b1fdcb99-568c-4963-b58a-8452921983bd', '2020-08-14 08:22:04', 'admin', 'admin', '2020-08-14 08:22:04', 'b9c628ed-1caa-4f97-bcb5-af995d3ae034', NULL, NULL, NULL, NULL, NULL, 0, 1, 0, '0969c811-64e0-4969-be67-0c4a652e8630', '88b78e50-6c61-4d22-b211-65c4664cd8e6', NULL, '0c885e7a-c569-4606-b290-44a1ce10b8fb', '1337d775-4e51-4a10-a6f5-d5fcc406bda7', '9a5e5ef8-54b6-42c6-8ea3-289b24ad37dc'),
	('a98d0e36-6fbf-401e-a3aa-c1ac3d747ce2', '2020-08-14 08:22:04', 'admin', 'admin', '2020-08-14 08:22:04', '4419ba59-794d-45ae-b378-cb467a315776', NULL, NULL, NULL, NULL, NULL, 0, 1, 0, '0969c811-64e0-4969-be67-0c4a652e8630', 'f4e7980c-238d-4579-a6aa-ac22425ff075', NULL, '0c885e7a-c569-4606-b290-44a1ce10b8fb', '1337d775-4e51-4a10-a6f5-d5fcc406bda7', '9bec582e-81de-46d1-be33-a02d60a57b59'),
	('2ac882f3-69dc-4d78-9b48-36838bcc67d0', '2020-08-14 08:22:04', 'admin', 'admin', '2020-08-14 08:22:04', '22e8c4f1-b7f3-46c1-b36f-09ffe2397ae3', NULL, NULL, NULL, NULL, NULL, 0, 1, 0, '0969c811-64e0-4969-be67-0c4a652e8630', '760d9e43-75a8-49d9-8447-e1580a5a8627', NULL, '0c885e7a-c569-4606-b290-44a1ce10b8fb', '1337d775-4e51-4a10-a6f5-d5fcc406bda7', 'f60ae3be-c749-4855-ab35-abc86c4edd6c'),
	('874f188d-89ab-4bfa-bf2a-11d64f38603c', '2020-08-14 08:22:04', 'admin', 'admin', '2020-08-14 08:22:04', '56022519-2a26-4c31-839b-3f36446ec758', NULL, NULL, NULL, NULL, NULL, 0, 1, 0, '0969c811-64e0-4969-be67-0c4a652e8630', '87b049e2-b318-436e-aa03-e6042922af9a', NULL, '0c885e7a-c569-4606-b290-44a1ce10b8fb', '1337d775-4e51-4a10-a6f5-d5fcc406bda7', '29658b4b-1b3d-48b6-a91e-e0f4e9043e44'),
	('ad686f49-f20c-4910-b14c-02e5ee33c81e', '2020-08-14 08:22:04', 'admin', 'admin', '2020-08-14 08:22:04', '28083d4c-8091-400c-af80-5aebc5391d47', NULL, NULL, NULL, NULL, NULL, 0, 1, 0, '0969c811-64e0-4969-be67-0c4a652e8630', 'b1a35a8c-d898-4522-afd7-c6ffc8177710', NULL, '0c885e7a-c569-4606-b290-44a1ce10b8fb', '1337d775-4e51-4a10-a6f5-d5fcc406bda7', '5090534c-0193-45a9-b960-78dbaed9f9d5'),
	('3fcca3b9-a86e-4424-95ad-474d55931b30', '2020-08-14 08:22:04', 'admin', 'admin', '2020-08-14 08:22:04', 'e34d4e6e-2135-4a90-bebb-bfce4e09dce8', NULL, NULL, NULL, NULL, NULL, 0, 1, 0, '0969c811-64e0-4969-be67-0c4a652e8630', '0c568c9d-d020-4759-9289-2883af8f8547', NULL, '0c885e7a-c569-4606-b290-44a1ce10b8fb', '1337d775-4e51-4a10-a6f5-d5fcc406bda7', '698fc98f-98ab-4a99-8438-6083e543b323'),
	('741ca777-0ed4-4b5c-90bd-24293a5b29c5', '2020-08-14 08:22:04', 'admin', 'admin', '2020-08-14 08:22:04', 'c0395652-42ce-4c65-bb1e-788cb5e9b85d', NULL, NULL, NULL, NULL, NULL, 0, 1, 0, '0969c811-64e0-4969-be67-0c4a652e8630', '8063bc96-3e7d-427f-adbb-fdd0be52487d', NULL, '0c885e7a-c569-4606-b290-44a1ce10b8fb', '1337d775-4e51-4a10-a6f5-d5fcc406bda7', '15afd949-25f4-4f69-bf45-cf0e3c91c988'),
	('bc953fc2-28e3-43d3-8579-9f09d6813a10', '2020-08-14 08:22:04', 'admin', 'admin', '2020-08-14 08:22:04', 'c37bd5d2-aa0e-4137-9682-894d032f4676', NULL, NULL, NULL, NULL, NULL, 0, 1, 0, '0969c811-64e0-4969-be67-0c4a652e8630', '87b049e2-b318-436e-aa03-e6042922af9a', NULL, '0d6222d8-7ae0-4c2c-9586-8d5f8ac58e07', 'd275e319-19da-42de-b950-987b6f2bd1bd', '29658b4b-1b3d-48b6-a91e-e0f4e9043e44'),
	('cc02cccb-4b17-4b0b-a7ed-ef93bb0127cd', '2020-08-14 08:22:04', 'admin', 'admin', '2020-08-14 08:22:04', '72e16696-85c7-47f2-9c75-5a49f3439977', NULL, NULL, NULL, NULL, NULL, 0, 1, 0, '0969c811-64e0-4969-be67-0c4a652e8630', '8063bc96-3e7d-427f-adbb-fdd0be52487d', NULL, '0d6222d8-7ae0-4c2c-9586-8d5f8ac58e07', 'd275e319-19da-42de-b950-987b6f2bd1bd', '15afd949-25f4-4f69-bf45-cf0e3c91c988'),
	('bebfa5e6-32eb-4265-b081-34c769598748', '2020-08-14 08:22:04', 'admin', 'admin', '2020-08-14 08:22:04', 'cfae5023-03dd-4e7f-8cd7-4c45e690c9df', NULL, NULL, NULL, NULL, NULL, 0, 1, 0, '0969c811-64e0-4969-be67-0c4a652e8630', '88b78e50-6c61-4d22-b211-65c4664cd8e6', NULL, '0d6222d8-7ae0-4c2c-9586-8d5f8ac58e07', 'd275e319-19da-42de-b950-987b6f2bd1bd', '9a5e5ef8-54b6-42c6-8ea3-289b24ad37dc'),
	('8f313538-cee4-4877-914a-617b956cd8c4', '2020-08-14 08:22:04', 'admin', 'admin', '2020-08-14 08:22:04', '6367bd74-3a9a-4b23-80e0-9dd247ea0c02', NULL, NULL, NULL, NULL, NULL, 0, 1, 0, '0969c811-64e0-4969-be67-0c4a652e8630', 'b1a35a8c-d898-4522-afd7-c6ffc8177710', NULL, '0d6222d8-7ae0-4c2c-9586-8d5f8ac58e07', 'd275e319-19da-42de-b950-987b6f2bd1bd', '5090534c-0193-45a9-b960-78dbaed9f9d5'),
	('a836ca23-e648-4435-bde9-67f7153c7ddc', '2020-08-14 08:22:04', 'admin', 'admin', '2020-08-14 08:22:04', '12476bd5-aec1-40f7-8e2d-090b8829fe54', NULL, NULL, NULL, NULL, NULL, 0, 1, 0, '0969c811-64e0-4969-be67-0c4a652e8630', '7da70399-f202-4e02-aa72-c5254ee09b83', NULL, '0d6222d8-7ae0-4c2c-9586-8d5f8ac58e07', 'd275e319-19da-42de-b950-987b6f2bd1bd', '816c86fc-9c81-4bd4-9d84-beee8ef148de'),
	('74d8a98c-21e7-471b-8818-6c854a87e3e9', '2020-08-14 08:22:04', 'admin', 'admin', '2020-08-14 08:22:04', 'c7e5d758-d13a-49a6-b43f-413229eeeb55', NULL, NULL, NULL, NULL, NULL, 0, 1, 0, '0969c811-64e0-4969-be67-0c4a652e8630', '0c568c9d-d020-4759-9289-2883af8f8547', NULL, '0d6222d8-7ae0-4c2c-9586-8d5f8ac58e07', 'd275e319-19da-42de-b950-987b6f2bd1bd', '698fc98f-98ab-4a99-8438-6083e543b323'),
	('64e6d973-32f3-4bc3-83e7-0b41448242ed', '2020-08-14 08:22:04', 'admin', 'admin', '2020-08-14 08:22:04', '7472bbd6-bd11-4089-b745-861cbb6b6355', NULL, NULL, NULL, NULL, NULL, 0, 1, 0, '0969c811-64e0-4969-be67-0c4a652e8630', 'f4e7980c-238d-4579-a6aa-ac22425ff075', NULL, '0d6222d8-7ae0-4c2c-9586-8d5f8ac58e07', 'd275e319-19da-42de-b950-987b6f2bd1bd', '9bec582e-81de-46d1-be33-a02d60a57b59'),
	('ea410596-90bd-478e-a199-e148ebc7760d', '2020-08-14 08:22:04', 'admin', 'admin', '2020-08-14 08:22:04', 'dba7cebf-6070-4976-a09b-0a49e2c81dfc', NULL, NULL, NULL, NULL, NULL, 0, 1, 0, '0969c811-64e0-4969-be67-0c4a652e8630', '760d9e43-75a8-49d9-8447-e1580a5a8627', NULL, '0d6222d8-7ae0-4c2c-9586-8d5f8ac58e07', 'd275e319-19da-42de-b950-987b6f2bd1bd', 'f60ae3be-c749-4855-ab35-abc86c4edd6c'),
	('c021f7df-8f48-4f7e-a9fa-ae91b04311cf', '2020-08-14 08:22:04', 'admin', 'admin', '2020-08-14 08:22:04', 'f00384e0-60c5-436b-a598-e44fcdbc8d6d', NULL, NULL, NULL, NULL, NULL, 0, 1, 0, '0969c811-64e0-4969-be67-0c4a652e8630', '760d9e43-75a8-49d9-8447-e1580a5a8627', NULL, '0d9bf712-b2a0-421a-b045-cff2e9190135', '20851862-ab61-4ddc-a452-89b206984dd3', 'f60ae3be-c749-4855-ab35-abc86c4edd6c'),
	('f98a8f68-a4aa-4cd5-bac0-b218d485a4ef', '2020-08-14 08:22:04', 'admin', 'admin', '2020-08-14 08:22:04', '31ed9ec1-a948-449f-a4a1-e29c3dc104ee', NULL, NULL, NULL, NULL, NULL, 0, 1, 0, '0969c811-64e0-4969-be67-0c4a652e8630', '0c568c9d-d020-4759-9289-2883af8f8547', NULL, '0d9bf712-b2a0-421a-b045-cff2e9190135', '20851862-ab61-4ddc-a452-89b206984dd3', '698fc98f-98ab-4a99-8438-6083e543b323'),
	('a8eb4636-85fe-4164-8c25-1671f804f847', '2020-08-14 08:22:04', 'admin', 'admin', '2020-08-14 08:22:04', 'd33294ff-aa9b-42be-804a-3362a2e4d3c6', NULL, NULL, NULL, NULL, NULL, 0, 1, 0, '0969c811-64e0-4969-be67-0c4a652e8630', 'b1a35a8c-d898-4522-afd7-c6ffc8177710', NULL, '0d9bf712-b2a0-421a-b045-cff2e9190135', '20851862-ab61-4ddc-a452-89b206984dd3', '5090534c-0193-45a9-b960-78dbaed9f9d5'),
	('52399f15-1bbc-4139-a112-760a3b106947', '2020-08-14 08:22:04', 'admin', 'admin', '2020-08-14 08:22:04', '782a9742-aee3-4e25-9d60-afbff718c9aa', NULL, NULL, NULL, NULL, NULL, 0, 1, 0, '0969c811-64e0-4969-be67-0c4a652e8630', '88b78e50-6c61-4d22-b211-65c4664cd8e6', NULL, '0d9bf712-b2a0-421a-b045-cff2e9190135', '20851862-ab61-4ddc-a452-89b206984dd3', '9a5e5ef8-54b6-42c6-8ea3-289b24ad37dc'),
	('aa311e2e-fe0a-4477-8c3c-16683649cefc', '2020-08-14 08:22:04', 'admin', 'admin', '2020-08-14 08:22:04', '34b3f0ad-31f0-4e34-a3df-1e7c924728ac', NULL, NULL, NULL, NULL, NULL, 0, 1, 0, '0969c811-64e0-4969-be67-0c4a652e8630', 'f4e7980c-238d-4579-a6aa-ac22425ff075', NULL, '0d9bf712-b2a0-421a-b045-cff2e9190135', '20851862-ab61-4ddc-a452-89b206984dd3', '9bec582e-81de-46d1-be33-a02d60a57b59'),
	('c50ba1ef-61f5-4637-9849-7e46f237d4bf', '2020-08-14 08:22:04', 'admin', 'admin', '2020-08-14 08:22:04', 'fc68e02d-b67a-4c10-a185-d5ffec394354', NULL, NULL, NULL, NULL, NULL, 0, 1, 0, '0969c811-64e0-4969-be67-0c4a652e8630', '7da70399-f202-4e02-aa72-c5254ee09b83', NULL, '0d9bf712-b2a0-421a-b045-cff2e9190135', '20851862-ab61-4ddc-a452-89b206984dd3', '816c86fc-9c81-4bd4-9d84-beee8ef148de'),
	('c44adaa8-990a-48f5-967f-63a99855abdd', '2020-08-14 08:22:04', 'admin', 'admin', '2020-08-14 08:22:04', '96a43326-c8aa-4487-b6b8-ec8e26da9086', NULL, NULL, NULL, NULL, NULL, 0, 1, 0, '0969c811-64e0-4969-be67-0c4a652e8630', '8063bc96-3e7d-427f-adbb-fdd0be52487d', NULL, '0d9bf712-b2a0-421a-b045-cff2e9190135', '20851862-ab61-4ddc-a452-89b206984dd3', '15afd949-25f4-4f69-bf45-cf0e3c91c988'),
	('ef6c4ce2-e721-43b3-921f-01979996c6ee', '2020-08-14 08:22:04', 'admin', 'admin', '2020-08-14 08:22:04', '17f0fc18-db6f-47b1-b452-618c86afdebb', NULL, NULL, NULL, NULL, NULL, 0, 1, 0, '0969c811-64e0-4969-be67-0c4a652e8630', '87b049e2-b318-436e-aa03-e6042922af9a', NULL, '0d9bf712-b2a0-421a-b045-cff2e9190135', '20851862-ab61-4ddc-a452-89b206984dd3', '29658b4b-1b3d-48b6-a91e-e0f4e9043e44'),
	('7039bf86-7bb5-49a1-b685-f81a771641bf', '2020-08-14 08:22:04', 'admin', 'admin', '2020-08-14 08:22:04', '2889eb5a-ece7-4860-bdbe-38403ffbd72d', NULL, NULL, NULL, NULL, NULL, 0, 1, 0, '0969c811-64e0-4969-be67-0c4a652e8630', '0c568c9d-d020-4759-9289-2883af8f8547', NULL, '0e4c4e75-f396-456c-9123-21672ac5862f', '814cb39f-1eb3-4c49-8487-847e058ed659', '698fc98f-98ab-4a99-8438-6083e543b323'),
	('20d1ca69-b747-46a7-b1db-9fde3cb50885', '2020-08-14 08:22:04', 'admin', 'admin', '2020-08-14 08:22:04', '42d4d150-6eba-4ea0-8641-982f929143ef', NULL, NULL, NULL, NULL, NULL, 0, 1, 0, '0969c811-64e0-4969-be67-0c4a652e8630', '8063bc96-3e7d-427f-adbb-fdd0be52487d', NULL, '0e4c4e75-f396-456c-9123-21672ac5862f', '814cb39f-1eb3-4c49-8487-847e058ed659', '15afd949-25f4-4f69-bf45-cf0e3c91c988'),
	('5051620b-5751-4b56-b840-6c0e994d8d08', '2020-08-14 08:22:04', 'admin', 'admin', '2020-08-14 08:22:04', '1f32e99e-c4e6-438b-928f-5c23f0d2b783', NULL, NULL, NULL, NULL, NULL, 0, 1, 0, '0969c811-64e0-4969-be67-0c4a652e8630', '7da70399-f202-4e02-aa72-c5254ee09b83', NULL, '0e4c4e75-f396-456c-9123-21672ac5862f', '814cb39f-1eb3-4c49-8487-847e058ed659', '816c86fc-9c81-4bd4-9d84-beee8ef148de'),
	('253d65ab-f55f-429b-9db4-2d0cefdd0748', '2020-08-14 08:22:04', 'admin', 'admin', '2020-08-14 08:22:04', '5aa0ef2c-2bdc-4620-ac76-70f0c7e89175', NULL, NULL, NULL, NULL, NULL, 0, 1, 0, '0969c811-64e0-4969-be67-0c4a652e8630', 'b1a35a8c-d898-4522-afd7-c6ffc8177710', NULL, '0e4c4e75-f396-456c-9123-21672ac5862f', '814cb39f-1eb3-4c49-8487-847e058ed659', '5090534c-0193-45a9-b960-78dbaed9f9d5'),
	('cae5801d-c990-44ee-8dfe-d4f48cdbf121', '2020-08-14 08:22:04', 'admin', 'admin', '2020-08-14 08:22:04', 'a8be869e-e3f1-4669-a721-2a73193294bd', NULL, NULL, NULL, NULL, NULL, 0, 1, 0, '0969c811-64e0-4969-be67-0c4a652e8630', 'f4e7980c-238d-4579-a6aa-ac22425ff075', NULL, '0e4c4e75-f396-456c-9123-21672ac5862f', '814cb39f-1eb3-4c49-8487-847e058ed659', '9bec582e-81de-46d1-be33-a02d60a57b59'),
	('763a9b47-519b-4e81-8d74-696351008b3f', '2020-08-14 08:22:04', 'admin', 'admin', '2020-08-14 08:22:04', 'f707d096-c479-4ae0-be5e-8f2b89cb33ef', NULL, NULL, NULL, NULL, NULL, 0, 1, 0, '0969c811-64e0-4969-be67-0c4a652e8630', '88b78e50-6c61-4d22-b211-65c4664cd8e6', NULL, '0e4c4e75-f396-456c-9123-21672ac5862f', '814cb39f-1eb3-4c49-8487-847e058ed659', '9a5e5ef8-54b6-42c6-8ea3-289b24ad37dc'),
	('888ff6b7-326e-40fa-a597-6bbce0e98365', '2020-08-14 08:22:04', 'admin', 'admin', '2020-08-14 08:22:04', '80f6ad34-8e5f-47b8-a9ad-0e5ae85cc0dc', NULL, NULL, NULL, NULL, NULL, 0, 1, 0, '0969c811-64e0-4969-be67-0c4a652e8630', '760d9e43-75a8-49d9-8447-e1580a5a8627', NULL, '0e4c4e75-f396-456c-9123-21672ac5862f', '814cb39f-1eb3-4c49-8487-847e058ed659', 'f60ae3be-c749-4855-ab35-abc86c4edd6c'),
	('8c608696-74d5-4e5a-86e6-b9547d81a587', '2020-08-14 08:22:04', 'admin', 'admin', '2020-08-14 08:22:04', '9bc974a0-86d0-445b-a997-3fc2be14edad', NULL, NULL, NULL, NULL, NULL, 0, 1, 0, '0969c811-64e0-4969-be67-0c4a652e8630', '87b049e2-b318-436e-aa03-e6042922af9a', NULL, '0e4c4e75-f396-456c-9123-21672ac5862f', '814cb39f-1eb3-4c49-8487-847e058ed659', '29658b4b-1b3d-48b6-a91e-e0f4e9043e44'),
	('febe4bc7-5e74-4385-b640-af5a0b327702', '2020-08-14 08:22:04', 'admin', 'admin', '2020-08-14 08:22:04', 'cc5dd239-55b4-4e83-9ded-f7e20fdb8ee4', NULL, NULL, NULL, NULL, NULL, 0, 1, 0, '0969c811-64e0-4969-be67-0c4a652e8630', '7da70399-f202-4e02-aa72-c5254ee09b83', NULL, '0f4615e5-95aa-4105-aaba-8ca081ef2663', '05a274a7-ae53-48f0-bab2-bb197079c897', '816c86fc-9c81-4bd4-9d84-beee8ef148de'),
	('6422fad7-2b4b-4a25-938b-7533ae42615f', '2020-08-14 08:22:04', 'admin', 'admin', '2020-08-14 08:22:04', '78daf5c1-2bea-47a8-8004-2826c04a8909', NULL, NULL, NULL, NULL, NULL, 0, 1, 0, '0969c811-64e0-4969-be67-0c4a652e8630', '88b78e50-6c61-4d22-b211-65c4664cd8e6', NULL, '0f4615e5-95aa-4105-aaba-8ca081ef2663', '05a274a7-ae53-48f0-bab2-bb197079c897', '9a5e5ef8-54b6-42c6-8ea3-289b24ad37dc'),
	('fee3b50c-2832-4da5-a58d-a51fd464edec', '2020-08-14 08:22:04', 'admin', 'admin', '2020-08-14 08:22:04', 'eb269dad-0f7e-43f0-96c2-806fe176b596', NULL, NULL, NULL, NULL, NULL, 0, 1, 0, '0969c811-64e0-4969-be67-0c4a652e8630', '87b049e2-b318-436e-aa03-e6042922af9a', NULL, '0f4615e5-95aa-4105-aaba-8ca081ef2663', '05a274a7-ae53-48f0-bab2-bb197079c897', '29658b4b-1b3d-48b6-a91e-e0f4e9043e44'),
	('19871524-acf4-42c1-b53c-118a242a8884', '2020-08-14 08:22:04', 'admin', 'admin', '2020-08-14 08:22:04', '55999e5e-63f0-4247-b27d-17bce05c5300', NULL, NULL, NULL, NULL, NULL, 0, 1, 0, '0969c811-64e0-4969-be67-0c4a652e8630', '0c568c9d-d020-4759-9289-2883af8f8547', NULL, '0f4615e5-95aa-4105-aaba-8ca081ef2663', '05a274a7-ae53-48f0-bab2-bb197079c897', '698fc98f-98ab-4a99-8438-6083e543b323'),
	('98fb7dc9-7130-4992-9fdc-5b2b5f5eeb6e', '2020-08-14 08:22:04', 'admin', 'admin', '2020-08-14 08:22:04', 'c5a0aa2c-1be9-4bb3-8c28-c54f68739ed6', NULL, NULL, NULL, NULL, NULL, 0, 1, 0, '0969c811-64e0-4969-be67-0c4a652e8630', '8063bc96-3e7d-427f-adbb-fdd0be52487d', NULL, '0f4615e5-95aa-4105-aaba-8ca081ef2663', '05a274a7-ae53-48f0-bab2-bb197079c897', '15afd949-25f4-4f69-bf45-cf0e3c91c988'),
	('6ec76f00-e7b0-4903-a9c4-caabbe7f70ab', '2020-08-14 08:22:04', 'admin', 'admin', '2020-08-14 08:22:04', '0dd4b92e-85ff-411b-9c12-380084dd9964', NULL, NULL, NULL, NULL, NULL, 0, 1, 0, '0969c811-64e0-4969-be67-0c4a652e8630', 'b1a35a8c-d898-4522-afd7-c6ffc8177710', NULL, '0f4615e5-95aa-4105-aaba-8ca081ef2663', '05a274a7-ae53-48f0-bab2-bb197079c897', '5090534c-0193-45a9-b960-78dbaed9f9d5'),
	('cf7ebb74-a872-482e-ae5c-c32a2a57f083', '2020-08-14 08:22:04', 'admin', 'admin', '2020-08-14 08:22:04', 'd0b33b0a-ba95-4b96-aca2-2fd356f740eb', NULL, NULL, NULL, NULL, NULL, 0, 1, 0, '0969c811-64e0-4969-be67-0c4a652e8630', 'f4e7980c-238d-4579-a6aa-ac22425ff075', NULL, '0f4615e5-95aa-4105-aaba-8ca081ef2663', '05a274a7-ae53-48f0-bab2-bb197079c897', '9bec582e-81de-46d1-be33-a02d60a57b59'),
	('4441d0f3-2b8d-4897-9b00-2288849a563e', '2020-08-14 08:22:04', 'admin', 'admin', '2020-08-14 08:22:04', 'e73670c9-f5e5-4b4d-b75e-59b05a26b7e4', NULL, NULL, NULL, NULL, NULL, 0, 1, 0, '0969c811-64e0-4969-be67-0c4a652e8630', '760d9e43-75a8-49d9-8447-e1580a5a8627', NULL, '0f4615e5-95aa-4105-aaba-8ca081ef2663', '05a274a7-ae53-48f0-bab2-bb197079c897', 'f60ae3be-c749-4855-ab35-abc86c4edd6c'),
	('59b37a61-31ad-4d55-95a9-4da3a9db306e', '2020-08-14 08:22:04', 'admin', 'admin', '2020-08-14 08:22:04', 'd473b25f-cb3a-49ef-b2c3-212e32d79d1f', NULL, NULL, NULL, NULL, NULL, 0, 1, 0, '0969c811-64e0-4969-be67-0c4a652e8630', '7da70399-f202-4e02-aa72-c5254ee09b83', NULL, '0f9fd2c9-9420-4e2d-9c7f-d8d2a5e49d9a', '9c83442e-84f2-4171-bf5a-0abfde2c7ea8', '816c86fc-9c81-4bd4-9d84-beee8ef148de'),
	('c90f24e0-7d83-423b-b205-0e5da7a2ed69', '2020-08-14 08:22:04', 'admin', 'admin', '2020-08-14 08:22:04', 'e9d24839-697b-4504-8353-4d6f546bb1d1', NULL, NULL, NULL, NULL, NULL, 0, 1, 0, '0969c811-64e0-4969-be67-0c4a652e8630', '8063bc96-3e7d-427f-adbb-fdd0be52487d', NULL, '0f9fd2c9-9420-4e2d-9c7f-d8d2a5e49d9a', '9c83442e-84f2-4171-bf5a-0abfde2c7ea8', '15afd949-25f4-4f69-bf45-cf0e3c91c988'),
	('7f636649-08ac-4afa-9a80-f5bad7320240', '2020-08-14 08:22:04', 'admin', 'admin', '2020-08-14 08:22:04', '5ff0845e-531f-465e-b1fa-827901213240', NULL, NULL, NULL, NULL, NULL, 0, 1, 0, '0969c811-64e0-4969-be67-0c4a652e8630', 'f4e7980c-238d-4579-a6aa-ac22425ff075', NULL, '0f9fd2c9-9420-4e2d-9c7f-d8d2a5e49d9a', '9c83442e-84f2-4171-bf5a-0abfde2c7ea8', '9bec582e-81de-46d1-be33-a02d60a57b59'),
	('02bf1ca4-7456-4e29-9026-745a57c5e84a', '2020-08-14 08:22:04', 'admin', 'admin', '2020-08-14 08:22:04', 'd53aa68e-ed2e-4384-a729-e7e2bd19afa5', NULL, NULL, NULL, NULL, NULL, 0, 1, 0, '0969c811-64e0-4969-be67-0c4a652e8630', '0c568c9d-d020-4759-9289-2883af8f8547', NULL, '0f9fd2c9-9420-4e2d-9c7f-d8d2a5e49d9a', '9c83442e-84f2-4171-bf5a-0abfde2c7ea8', '698fc98f-98ab-4a99-8438-6083e543b323'),
	('a0d6965e-e8a2-441e-b0b4-b68cddbec7b9', '2020-08-14 08:22:04', 'admin', 'admin', '2020-08-14 08:22:04', 'db77f7a2-d54b-41d4-a72e-8693e0aaa321', NULL, NULL, NULL, NULL, NULL, 0, 1, 0, '0969c811-64e0-4969-be67-0c4a652e8630', '88b78e50-6c61-4d22-b211-65c4664cd8e6', NULL, '0f9fd2c9-9420-4e2d-9c7f-d8d2a5e49d9a', '9c83442e-84f2-4171-bf5a-0abfde2c7ea8', '9a5e5ef8-54b6-42c6-8ea3-289b24ad37dc'),
	('0fb400e0-4f49-477d-8d9f-ca37cd94074a', '2020-08-14 08:22:04', 'admin', 'admin', '2020-08-14 08:22:04', 'bf4d56dc-7f18-4ea8-98d0-43c84fbba57a', NULL, NULL, NULL, NULL, NULL, 0, 1, 0, '0969c811-64e0-4969-be67-0c4a652e8630', 'b1a35a8c-d898-4522-afd7-c6ffc8177710', NULL, '0f9fd2c9-9420-4e2d-9c7f-d8d2a5e49d9a', '9c83442e-84f2-4171-bf5a-0abfde2c7ea8', '5090534c-0193-45a9-b960-78dbaed9f9d5'),
	('8094cf91-f1ba-42e6-92a3-ecd8a5e2af6a', '2020-08-14 08:22:04', 'admin', 'admin', '2020-08-14 08:22:04', '24cfa7f3-ebe4-43e5-844b-90536391ad70', NULL, NULL, NULL, NULL, NULL, 0, 1, 0, '0969c811-64e0-4969-be67-0c4a652e8630', '760d9e43-75a8-49d9-8447-e1580a5a8627', NULL, '0f9fd2c9-9420-4e2d-9c7f-d8d2a5e49d9a', '9c83442e-84f2-4171-bf5a-0abfde2c7ea8', 'f60ae3be-c749-4855-ab35-abc86c4edd6c'),
	('70f284fe-8add-4d1a-9671-9dc24dd26a8c', '2020-08-14 08:22:04', 'admin', 'admin', '2020-08-14 08:22:04', 'de65c1f3-8a36-4008-acc3-d9560da9278c', NULL, NULL, NULL, NULL, NULL, 0, 1, 0, '0969c811-64e0-4969-be67-0c4a652e8630', '87b049e2-b318-436e-aa03-e6042922af9a', NULL, '0f9fd2c9-9420-4e2d-9c7f-d8d2a5e49d9a', '9c83442e-84f2-4171-bf5a-0abfde2c7ea8', '29658b4b-1b3d-48b6-a91e-e0f4e9043e44'),
	('66230d55-f285-48e8-893b-fc955fd0a31d', '2020-08-14 08:22:04', 'admin', 'admin', '2020-08-14 08:22:04', '54344ad3-a56f-49d0-9bc4-b0639a774b5c', NULL, NULL, NULL, NULL, NULL, 0, 1, 0, '0969c811-64e0-4969-be67-0c4a652e8630', '8063bc96-3e7d-427f-adbb-fdd0be52487d', NULL, '0fb44ad2-1320-4d11-873e-f2aa44674a06', '2d57fd07-d25c-4ccd-b5c3-98b48079e76b', '15afd949-25f4-4f69-bf45-cf0e3c91c988'),
	('03f3d12a-76ca-4363-9232-d633784c1b6f', '2020-08-14 08:22:04', 'admin', 'admin', '2020-08-14 08:22:04', '25a74b4b-811e-4d21-a83c-2a8afd389545', NULL, NULL, NULL, NULL, NULL, 0, 1, 0, '0969c811-64e0-4969-be67-0c4a652e8630', '7da70399-f202-4e02-aa72-c5254ee09b83', NULL, '0fb44ad2-1320-4d11-873e-f2aa44674a06', '2d57fd07-d25c-4ccd-b5c3-98b48079e76b', '816c86fc-9c81-4bd4-9d84-beee8ef148de'),
	('5b0967d3-d123-4cd7-aa92-1983e66c8cda', '2020-08-14 08:22:04', 'admin', 'admin', '2020-08-14 08:22:04', '74a39749-1d70-4b32-98ec-2c7d3aa1ee59', NULL, NULL, NULL, NULL, NULL, 0, 1, 0, '0969c811-64e0-4969-be67-0c4a652e8630', '0c568c9d-d020-4759-9289-2883af8f8547', NULL, '0fb44ad2-1320-4d11-873e-f2aa44674a06', '2d57fd07-d25c-4ccd-b5c3-98b48079e76b', '698fc98f-98ab-4a99-8438-6083e543b323'),
	('78726339-ec85-4f88-844a-1b3f2ab3e3f0', '2020-08-14 08:22:04', 'admin', 'admin', '2020-08-14 08:22:04', 'f432c9c9-8f4f-4c9a-8cfb-ca7d9edb46b7', NULL, NULL, NULL, NULL, NULL, 0, 1, 0, '0969c811-64e0-4969-be67-0c4a652e8630', 'b1a35a8c-d898-4522-afd7-c6ffc8177710', NULL, '0fb44ad2-1320-4d11-873e-f2aa44674a06', '2d57fd07-d25c-4ccd-b5c3-98b48079e76b', '5090534c-0193-45a9-b960-78dbaed9f9d5'),
	('38078030-7f72-481d-9a56-ace2fd1a7ec1', '2020-08-14 08:22:04', 'admin', 'admin', '2020-08-14 08:22:04', 'c1399751-4236-47db-98b0-827f75492762', NULL, NULL, NULL, NULL, NULL, 0, 1, 0, '0969c811-64e0-4969-be67-0c4a652e8630', '88b78e50-6c61-4d22-b211-65c4664cd8e6', NULL, '0fb44ad2-1320-4d11-873e-f2aa44674a06', '2d57fd07-d25c-4ccd-b5c3-98b48079e76b', '9a5e5ef8-54b6-42c6-8ea3-289b24ad37dc'),
	('fb5f7880-7eeb-4676-b015-2fecfb763ef4', '2020-08-14 08:22:04', 'admin', 'admin', '2020-08-14 08:22:04', 'd9b0b09d-f2a0-4a41-9b7c-a4e431610979', NULL, NULL, NULL, NULL, NULL, 0, 1, 0, '0969c811-64e0-4969-be67-0c4a652e8630', '760d9e43-75a8-49d9-8447-e1580a5a8627', NULL, '0fb44ad2-1320-4d11-873e-f2aa44674a06', '2d57fd07-d25c-4ccd-b5c3-98b48079e76b', 'f60ae3be-c749-4855-ab35-abc86c4edd6c'),
	('3ae6722b-18b7-4e02-984e-2f9df859e342', '2020-08-14 08:22:04', 'admin', 'admin', '2020-08-14 08:22:04', '7ab50eb0-1815-4450-9c10-5c5bd5e8566b', NULL, NULL, NULL, NULL, NULL, 0, 1, 0, '0969c811-64e0-4969-be67-0c4a652e8630', '87b049e2-b318-436e-aa03-e6042922af9a', NULL, '0fb44ad2-1320-4d11-873e-f2aa44674a06', '2d57fd07-d25c-4ccd-b5c3-98b48079e76b', '29658b4b-1b3d-48b6-a91e-e0f4e9043e44'),
	('8bc932e3-3f9f-43d9-9a11-3679ba648334', '2020-08-14 08:22:04', 'admin', 'admin', '2020-08-14 08:22:04', 'c369e621-9c05-49f7-bfb3-ea26ae69e126', NULL, NULL, NULL, NULL, NULL, 0, 1, 0, '0969c811-64e0-4969-be67-0c4a652e8630', 'f4e7980c-238d-4579-a6aa-ac22425ff075', NULL, '0fb44ad2-1320-4d11-873e-f2aa44674a06', '2d57fd07-d25c-4ccd-b5c3-98b48079e76b', '9bec582e-81de-46d1-be33-a02d60a57b59'),
	('a131de80-cde0-4f04-b5e3-856ea4a5e1de', '2020-08-14 08:22:05', 'admin', 'admin', '2020-08-14 08:22:05', 'a3607867-4962-4602-91d0-eecac20d673b', NULL, NULL, NULL, NULL, NULL, 0, 1, 0, '0969c811-64e0-4969-be67-0c4a652e8630', '88b78e50-6c61-4d22-b211-65c4664cd8e6', NULL, '0fd9d7f5-acb9-497e-b8ce-6438dea36e3c', '2b42b0aa-9148-47cc-ab92-6c4e51e52b36', '9a5e5ef8-54b6-42c6-8ea3-289b24ad37dc'),
	('50b977e5-b818-4d63-891b-1608b901f3e9', '2020-08-14 08:22:05', 'admin', 'admin', '2020-08-14 08:22:05', '73a6165b-a5da-467a-b49a-be28206235cb', NULL, NULL, NULL, NULL, NULL, 0, 1, 0, '0969c811-64e0-4969-be67-0c4a652e8630', '760d9e43-75a8-49d9-8447-e1580a5a8627', NULL, '0fd9d7f5-acb9-497e-b8ce-6438dea36e3c', '2b42b0aa-9148-47cc-ab92-6c4e51e52b36', 'f60ae3be-c749-4855-ab35-abc86c4edd6c'),
	('a8902f79-3cc6-4ff6-876f-a70c05790186', '2020-08-14 08:22:05', 'admin', 'admin', '2020-08-14 08:22:05', '05c9e9a7-fdbd-4486-8a31-0086c9f1da21', NULL, NULL, NULL, NULL, NULL, 0, 1, 0, '0969c811-64e0-4969-be67-0c4a652e8630', 'b1a35a8c-d898-4522-afd7-c6ffc8177710', NULL, '0fd9d7f5-acb9-497e-b8ce-6438dea36e3c', '2b42b0aa-9148-47cc-ab92-6c4e51e52b36', '5090534c-0193-45a9-b960-78dbaed9f9d5'),
	('e66eaa0e-36e1-4d5b-987b-87b2e4841e00', '2020-08-14 08:22:05', 'admin', 'admin', '2020-08-14 08:22:05', '2968dc3d-1ce7-4c74-a111-60aab8076eef', NULL, NULL, NULL, NULL, NULL, 0, 1, 0, '0969c811-64e0-4969-be67-0c4a652e8630', '0c568c9d-d020-4759-9289-2883af8f8547', NULL, '0fd9d7f5-acb9-497e-b8ce-6438dea36e3c', '2b42b0aa-9148-47cc-ab92-6c4e51e52b36', '698fc98f-98ab-4a99-8438-6083e543b323'),
	('496b4242-93cb-4957-86d2-a003230c0693', '2020-08-14 08:22:05', 'admin', 'admin', '2020-08-14 08:22:05', 'afd4e121-4b63-4ae7-8200-1c377d17861f', NULL, NULL, NULL, NULL, NULL, 0, 1, 0, '0969c811-64e0-4969-be67-0c4a652e8630', '87b049e2-b318-436e-aa03-e6042922af9a', NULL, '0fd9d7f5-acb9-497e-b8ce-6438dea36e3c', '2b42b0aa-9148-47cc-ab92-6c4e51e52b36', '29658b4b-1b3d-48b6-a91e-e0f4e9043e44'),
	('ea66d51f-4edd-4020-aa62-0096db397cc2', '2020-08-14 08:22:05', 'admin', 'admin', '2020-08-14 08:22:05', '55398925-d10f-4ad7-97e6-13f1eff4ddc3', NULL, NULL, NULL, NULL, NULL, 0, 1, 0, '0969c811-64e0-4969-be67-0c4a652e8630', 'f4e7980c-238d-4579-a6aa-ac22425ff075', NULL, '0fd9d7f5-acb9-497e-b8ce-6438dea36e3c', '2b42b0aa-9148-47cc-ab92-6c4e51e52b36', '9bec582e-81de-46d1-be33-a02d60a57b59'),
	('76a7fada-a8ef-4306-a63d-5cd9f08e8378', '2020-08-14 08:22:05', 'admin', 'admin', '2020-08-14 08:22:05', 'c7f0be37-4933-4c92-bdaf-dc83dee55aaf', NULL, NULL, NULL, NULL, NULL, 0, 1, 0, '0969c811-64e0-4969-be67-0c4a652e8630', '7da70399-f202-4e02-aa72-c5254ee09b83', NULL, '0fd9d7f5-acb9-497e-b8ce-6438dea36e3c', '2b42b0aa-9148-47cc-ab92-6c4e51e52b36', '816c86fc-9c81-4bd4-9d84-beee8ef148de'),
	('62d184f0-23df-4e1c-89e4-8d7fe7f42b06', '2020-08-14 08:22:05', 'admin', 'admin', '2020-08-14 08:22:05', '1e0ba9c7-d295-435d-b8b6-9110bc6a9b7e', NULL, NULL, NULL, NULL, NULL, 0, 1, 0, '0969c811-64e0-4969-be67-0c4a652e8630', '8063bc96-3e7d-427f-adbb-fdd0be52487d', NULL, '0fd9d7f5-acb9-497e-b8ce-6438dea36e3c', '2b42b0aa-9148-47cc-ab92-6c4e51e52b36', '15afd949-25f4-4f69-bf45-cf0e3c91c988');
/*!40000 ALTER TABLE `tbl_eqa_sample_tube` ENABLE KEYS */;

-- Dumping structure for table eqa.tbl_eqa_serum_bank
CREATE TABLE IF NOT EXISTS `tbl_eqa_serum_bank` (
  `id` varchar(255) NOT NULL,
  `create_date` datetime NOT NULL,
  `created_by` varchar(100) NOT NULL,
  `modified_by` varchar(100) DEFAULT NULL,
  `modify_date` datetime DEFAULT NULL,
  `uuid_key` varchar(255) DEFAULT NULL,
  `voided` bit(1) DEFAULT NULL,
  `dialysis` bit(1) DEFAULT NULL,
  `has_high_speed_centrifugal` bit(1) DEFAULT NULL,
  `has_lipit` bit(1) DEFAULT NULL,
  `hemolysis` bit(1) DEFAULT NULL,
  `hepatitis_B_status` int(11) DEFAULT NULL,
  `hepatitis_C_status` int(11) DEFAULT NULL,
  `hiv_status` int(11) DEFAULT NULL,
  `inactivated` bit(1) DEFAULT NULL,
  `lab_code` varchar(255) DEFAULT NULL,
  `name` varchar(255) DEFAULT NULL,
  `number_bottle` int(11) DEFAULT NULL,
  `original_code` varchar(255) DEFAULT NULL,
  `original_volume` double DEFAULT NULL,
  `present_volume` double DEFAULT NULL,
  `quality` int(11) DEFAULT NULL,
  `receive_date` datetime DEFAULT NULL,
  `sampled_date` datetime DEFAULT NULL,
  `serum_code` varchar(255) DEFAULT NULL,
  `store_location` varchar(255) DEFAULT NULL,
  `type` int(11) DEFAULT NULL,
  PRIMARY KEY (`id`)
) ENGINE=MyISAM DEFAULT CHARSET=utf8;

-- Dumping data for table eqa.tbl_eqa_serum_bank: 5 rows
/*!40000 ALTER TABLE `tbl_eqa_serum_bank` DISABLE KEYS */;
INSERT INTO `tbl_eqa_serum_bank` (`id`, `create_date`, `created_by`, `modified_by`, `modify_date`, `uuid_key`, `voided`, `dialysis`, `has_high_speed_centrifugal`, `has_lipit`, `hemolysis`, `hepatitis_B_status`, `hepatitis_C_status`, `hiv_status`, `inactivated`, `lab_code`, `name`, `number_bottle`, `original_code`, `original_volume`, `present_volume`, `quality`, `receive_date`, `sampled_date`, `serum_code`, `store_location`, `type`) VALUES
	('5d1be967-b068-4a5d-ad57-c51449791b41', '2020-06-02 09:05:39', 'admin', 'admin', '2020-06-02 09:14:13', 'bb6ca56b-99ab-4454-b4d4-9d3205583836', NULL, NULL, NULL, NULL, NULL, 0, 0, -1, NULL, 'BV_Cho_Ray', 'Bệnh viện Chợ Rẫy', 5, 'BV_Cho_Ray', 1000, 1000, 0, '2020-06-02 09:02:14', '2020-06-02 09:02:14', 'PI-S-0001', 'trong bv', 1),
	('2c2ce950-c753-417b-87c1-ce6bfc967461', '2020-06-02 09:07:19', 'admin', 'admin', '2020-06-02 09:14:24', '90604fe3-b18d-4572-8517-56abdb77e1f2', NULL, NULL, NULL, NULL, NULL, 0, 0, 1, NULL, 'VHH-TM-TW', 'Viện Huyết học- Truyền máu TW', 7, 'VHH-TM-TW', 700, 700, 0, '2020-06-02 09:05:52', '2020-06-02 09:05:52', 'PI-P-0001', 'Phạm Văn Bạch, Yên Hoà, Cầu Giấy, Hà Nội', 0),
	('109ce92a-cb52-4950-9265-9c9eb48df443', '2020-06-02 09:08:51', 'admin', 'admin', '2020-08-13 02:29:53', '163172f5-926c-4530-a5c5-6caa6aa15204', NULL, NULL, NULL, NULL, NULL, 0, 0, 1, NULL, 'BV_TM-HH_TP_HCM', 'Mẫu số 2 - BV Truyền máu- Huyết học TP. Hồ Chí Minh', 6, 'BV_TM-HH_TP_HCM', 600, 600, 0, '2020-06-02 09:07:26', '2020-06-02 09:07:26', 'PI-S-0002', '118 Hồng Bàng, Phường 12, Quận 5, Hồ Chí Minh', 1),
	('03240fba-54d5-46e9-941d-6f2294e06cfd', '2020-08-12 08:03:31', 'admin', 'admin', '2020-08-12 08:03:31', '6e32c74e-deda-44d3-9502-5107545e4d80', NULL, b'1', NULL, NULL, NULL, 0, 0, 1, b'1', 'PI-2015', 'Mẫu số 1', 5, 'PI-S-003', 500, 500, 0, '2020-08-12 08:01:31', '2020-08-01 08:01:00', 'PI-P-0002', 'Viện Pasteur', 0),
	('55274497-6419-4442-b496-23e3090c3c44', '2020-08-14 08:12:26', 'admin', 'admin', '2020-08-14 08:12:26', 'e68a2d4a-5606-406d-a08e-722177a4f366', NULL, NULL, b'1', b'1', NULL, 0, 0, 1, b'1', 'PI-S-0005-LAB', 'PI-S-0005', 4, 'PI-S-0005', 2000, 2000, 0, '2020-08-14 08:08:07', '2020-08-14 08:08:07', 'PI-P-0003', 'Kho số 1', 0);
/*!40000 ALTER TABLE `tbl_eqa_serum_bank` ENABLE KEYS */;

-- Dumping structure for table eqa.tbl_eqa_serum_bottle
CREATE TABLE IF NOT EXISTS `tbl_eqa_serum_bottle` (
  `id` varchar(255) NOT NULL,
  `create_date` datetime NOT NULL,
  `created_by` varchar(100) NOT NULL,
  `modified_by` varchar(100) DEFAULT NULL,
  `modify_date` datetime DEFAULT NULL,
  `uuid_key` varchar(255) DEFAULT NULL,
  `voided` bit(1) DEFAULT NULL,
  `bottle_quality` varchar(255) DEFAULT NULL,
  `bottle_volume` double DEFAULT NULL,
  `code` varchar(255) DEFAULT NULL,
  `local_save_bottle` int(11) DEFAULT NULL,
  `eqa_serum_bank_id` varchar(255) DEFAULT NULL,
  `original_status` int(11) DEFAULT NULL,
  PRIMARY KEY (`id`),
  KEY `FK7wqvrval7jvvjr2k8x1xpk4lx` (`eqa_serum_bank_id`)
) ENGINE=MyISAM DEFAULT CHARSET=utf8;

-- Dumping data for table eqa.tbl_eqa_serum_bottle: 27 rows
/*!40000 ALTER TABLE `tbl_eqa_serum_bottle` DISABLE KEYS */;
INSERT INTO `tbl_eqa_serum_bottle` (`id`, `create_date`, `created_by`, `modified_by`, `modify_date`, `uuid_key`, `voided`, `bottle_quality`, `bottle_volume`, `code`, `local_save_bottle`, `eqa_serum_bank_id`, `original_status`) VALUES
	('43f59a2c-b17d-4683-8e31-abaa388c715a', '2020-06-02 09:15:11', 'admin', 'admin', '2020-06-02 09:15:11', '65c84540-48f9-4458-a499-4bb325f777a3', NULL, 'tốt', 100, 'PI-S-0001-1', 1, '5d1be967-b068-4a5d-ad57-c51449791b41', -1),
	('bd7b88ab-07b5-4215-9439-02c4e6b5852d', '2020-06-02 09:15:40', 'admin', 'admin', '2020-06-02 09:15:40', 'dc0e6a68-0f31-43c9-aa9c-b8202334da74', NULL, 'tốt', 80, 'PI-S-0001-2', 2, '5d1be967-b068-4a5d-ad57-c51449791b41', -1),
	('1692869a-2f6c-4da2-9293-aa802cab6dce', '2020-06-02 09:16:05', 'admin', 'admin', '2020-06-02 09:16:05', '96a67c30-82e5-4407-811d-03ff8f70b590', NULL, 'tốt', 100, 'PI-S-0001-3', 3, '5d1be967-b068-4a5d-ad57-c51449791b41', -1),
	('2d2598f5-48a4-47c0-b5be-dab8c909ad08', '2020-06-02 09:16:30', 'admin', 'admin', '2020-06-02 09:16:30', '440af6e8-abdf-4ea3-8397-f45afec8d036', NULL, 'tốt', 100, 'PI-S-0001-4', 4, '5d1be967-b068-4a5d-ad57-c51449791b41', -1),
	('7808bf79-3aa5-4986-aa24-01b609da7fbd', '2020-06-02 09:16:53', 'admin', 'admin', '2020-06-02 09:16:53', '80386b08-3eb9-4e5b-a061-72ec46c6f2c3', NULL, 'tốt', 100, 'PI-S-0001-5', 5, '5d1be967-b068-4a5d-ad57-c51449791b41', -1),
	('5c8f31f6-c63e-4208-8c3b-a8d7c13c2cdd', '2020-06-02 09:17:20', 'admin', 'admin', '2020-06-02 09:17:20', '4d20cbbf-2f12-4068-b399-45d8e4141f77', NULL, 'tốt', 100, 'PI-P-0001-1', 1, '2c2ce950-c753-417b-87c1-ce6bfc967461', 1),
	('49280d17-1472-4318-854c-f4aa42da3390', '2020-06-02 09:17:42', 'admin', 'admin', '2020-06-02 09:17:42', '46de006c-4e79-43c4-8eb8-c7e7cbec8e6f', NULL, 'tốt', 100, 'PI-P-0001-2', 2, '2c2ce950-c753-417b-87c1-ce6bfc967461', 1),
	('14c7b5ea-d874-4cc8-9f0c-d7bc3beceb42', '2020-06-02 09:18:03', 'admin', 'admin', '2020-06-02 09:18:03', '9be2ab4b-5fba-4da3-85f9-a87bea96b6a0', NULL, 'tốt', 100, 'PI-P-0001-3', 3, '2c2ce950-c753-417b-87c1-ce6bfc967461', 1),
	('7a567096-c060-471d-b84f-6ba4808bb9f6', '2020-06-02 09:18:14', 'admin', 'admin', '2020-06-02 09:18:14', '5e8aea29-b157-4449-ba82-b8b2c2b7a68e', NULL, 'tốt', 100, 'PI-P-0001-4', 4, '2c2ce950-c753-417b-87c1-ce6bfc967461', 1),
	('516713d2-6ebe-4250-a4fa-a0fbc0afb0e1', '2020-06-02 09:18:25', 'admin', 'admin', '2020-06-02 09:18:25', '58d4a7f5-f21c-4c95-9c8d-68d8a656e407', NULL, 'tốt', 100, 'PI-P-0001-5', 5, '2c2ce950-c753-417b-87c1-ce6bfc967461', 1),
	('59839c5d-2d50-4135-a35f-16e99a31465b', '2020-06-02 09:18:36', 'admin', 'admin', '2020-06-02 09:18:36', '050de696-9a5e-43ab-ad9c-7b2b9736fe66', NULL, 'tốt', 100, 'PI-P-0001-6', 6, '2c2ce950-c753-417b-87c1-ce6bfc967461', 1),
	('d5767114-9423-4ea3-9b67-32ee427eaaa7', '2020-06-02 09:18:48', 'admin', 'admin', '2020-06-02 09:18:48', '7190c0d9-77ab-4151-8880-b1caf3ef2b74', NULL, 'tốt', 100, 'PI-P-0001-7', 7, '2c2ce950-c753-417b-87c1-ce6bfc967461', 1),
	('af522b1d-03c1-47c5-b190-efaa7700def7', '2020-08-13 02:29:53', 'admin', 'admin', '2020-08-13 02:29:53', '34d4736b-b27e-45f8-b8d6-e02d07d70ff0', NULL, 'tốt', 100, 'PI-S-0002-6', 6, '109ce92a-cb52-4950-9265-9c9eb48df443', 1),
	('e1f871c8-7d70-4d42-b8b9-9e49dee19ddf', '2020-08-13 02:29:53', 'admin', 'admin', '2020-08-13 02:29:53', 'e6e89dd3-fad2-40ed-9f30-1fd2e20521f7', NULL, 'tốt', 100, 'PI-S-0002-5', 5, '109ce92a-cb52-4950-9265-9c9eb48df443', 1),
	('f608ba32-9e44-45d3-b112-e16d984cd495', '2020-08-13 02:29:53', 'admin', 'admin', '2020-08-13 02:29:53', '3fcfff4b-bef0-47c6-8415-c591c7184df2', NULL, 'tốt', 100, 'PI-S-0002-4', 4, '109ce92a-cb52-4950-9265-9c9eb48df443', 1),
	('f7244d36-6a00-49dd-9df8-512d61bdb3e9', '2020-08-13 02:29:53', 'admin', 'admin', '2020-08-13 02:29:53', '1a5af6a9-eb64-4fa5-80f3-0a9d195f72e7', NULL, 'tốt', 100, 'PI-S-0002-3', 3, '109ce92a-cb52-4950-9265-9c9eb48df443', 1),
	('95c2a9cf-2128-4893-b9be-142fd77fadb0', '2020-08-13 02:29:53', 'admin', 'admin', '2020-08-13 02:29:53', '80614b1a-f8f9-4c16-844a-19f9a08d95d1', NULL, 'tốt', 100, 'PI-S-0002-2', 2, '109ce92a-cb52-4950-9265-9c9eb48df443', 1),
	('91d41ebc-8873-41db-b6e8-dc80f0071b10', '2020-08-13 02:29:53', 'admin', 'admin', '2020-08-13 02:29:53', '80c0515f-8df1-465a-9060-6ff8b017ca3f', NULL, 'tốt', 100, 'PI-S-0002-1', 1, '109ce92a-cb52-4950-9265-9c9eb48df443', 1),
	('7c4dbe12-4405-4291-9470-8ca7888b37d1', '2020-08-12 11:19:53', 'admin', 'admin', '2020-08-12 11:19:53', '7c96b3d6-736e-4872-86fc-77ce471b4cf3', NULL, 'Tốt', 100, 'PI-P-0002-5', 1, '03240fba-54d5-46e9-941d-6f2294e06cfd', 1),
	('28095558-ef4e-4c3e-a98a-993276effcff', '2020-08-12 11:19:53', 'admin', 'admin', '2020-08-12 11:19:53', 'c5e158ba-55c5-4370-bb22-18229aee3094', NULL, 'Tốt', 100, 'PI-P-0002-4', 1, '03240fba-54d5-46e9-941d-6f2294e06cfd', 1),
	('e4a59bea-2941-4f5c-84d6-afb29817d1fe', '2020-08-12 11:19:53', 'admin', 'admin', '2020-08-12 11:19:53', '31730f93-276a-4c0e-b75a-5394d4a5eeca', NULL, 'Tốt', 100, 'PI-P-0002-3', 1, '03240fba-54d5-46e9-941d-6f2294e06cfd', 1),
	('7b1d11d8-e6a0-4425-abf0-2ca7d36aeed2', '2020-08-12 11:19:53', 'admin', 'admin', '2020-08-12 11:19:53', '0d3138db-47db-4855-b360-1447a4a17b0a', NULL, 'Tốt', 100, 'PI-P-0002-2', 1, '03240fba-54d5-46e9-941d-6f2294e06cfd', 1),
	('f8a6086e-de2b-4e2a-b63e-8f7d5128929b', '2020-08-12 11:19:53', 'admin', 'admin', '2020-08-12 11:19:53', 'ee3f44f6-3f5a-4296-8141-494597afe92a', NULL, 'Tốt', 100, 'PI-P-0002-1', 1, '03240fba-54d5-46e9-941d-6f2294e06cfd', 1),
	('3ca80916-7248-46a8-a7be-6be9d17831cd', '2020-08-14 08:12:26', 'admin', 'admin', '2020-08-14 08:12:26', '693f61a6-0a1f-4160-adad-554f048e1976', NULL, 'Tốt', 500, 'PI-P-0003-1', 1, '55274497-6419-4442-b496-23e3090c3c44', 1),
	('fe078ca8-6493-4186-aa15-d205799b383c', '2020-08-14 08:12:26', 'admin', 'admin', '2020-08-14 08:12:26', 'c84a0395-b2c1-46d6-b344-77b590e33788', NULL, 'Tốt', 500, 'PI-P-0003-2', 1, '55274497-6419-4442-b496-23e3090c3c44', 1),
	('edc4edf9-a946-43ea-a221-a4b1c8d35180', '2020-08-14 08:12:26', 'admin', 'admin', '2020-08-14 08:12:26', 'a3002e5f-393f-41ab-86b6-4244ffe316ee', NULL, 'Tốt', 500, 'PI-P-0003-3', 1, '55274497-6419-4442-b496-23e3090c3c44', 1),
	('9d2b8a7d-0987-413f-88a7-e0af413ed3aa', '2020-08-14 08:12:26', 'admin', 'admin', '2020-08-14 08:12:26', 'c2a02268-cf50-4a74-b5d8-9dc7b8b73e8d', NULL, 'Tốt', 500, 'PI-P-0003-4', 1, '55274497-6419-4442-b496-23e3090c3c44', 1);
/*!40000 ALTER TABLE `tbl_eqa_serum_bottle` ENABLE KEYS */;

-- Dumping structure for table eqa.tbl_eqa_technician
CREATE TABLE IF NOT EXISTS `tbl_eqa_technician` (
  `id` varchar(255) NOT NULL,
  `health_org_id` varchar(255) DEFAULT NULL,
  `qualification_id` varchar(255) DEFAULT NULL,
  PRIMARY KEY (`id`),
  KEY `FK8habuxggtv62oq6c1n2v7fw3b` (`health_org_id`),
  KEY `FK7gcqu4q5vs3tc2qmngvn4qowo` (`qualification_id`)
) ENGINE=MyISAM DEFAULT CHARSET=utf8;

-- Dumping data for table eqa.tbl_eqa_technician: 4 rows
/*!40000 ALTER TABLE `tbl_eqa_technician` DISABLE KEYS */;
INSERT INTO `tbl_eqa_technician` (`id`, `health_org_id`, `qualification_id`) VALUES
	('b3fca6c6-442b-4dd3-b58b-683555001fa4', '7d323516-eb86-4904-85b4-18931c3847af', 'ea283fa9-7a18-4802-8a94-110f18a60262'),
	('5ea02186-17bd-453a-ab21-503c4b6c5115', 'fef97188-56f7-450f-8914-e39e1bafbc16', '778c3741-05a7-4478-b0e8-fd6a7e25db5c'),
	('ccc2a89b-7dbf-4e2e-af99-518e41f6b8a6', '03048cf2-48ed-431b-ad60-71961ca4fb55', 'a0a75e97-ebf4-4606-a910-5dd7ec647fa3'),
	('ac1878d9-4b3d-4dd4-aa07-74c3387e65a5', 'ce5212c0-25f0-46cc-a96d-8ebb844a87f2', '2fdc8b7d-8e56-472f-93f0-e41a134082d6');
/*!40000 ALTER TABLE `tbl_eqa_technician` ENABLE KEYS */;

-- Dumping structure for table eqa.tbl_eqa_test_method
CREATE TABLE IF NOT EXISTS `tbl_eqa_test_method` (
  `id` varchar(255) NOT NULL,
  `create_date` datetime NOT NULL,
  `created_by` varchar(100) NOT NULL,
  `modified_by` varchar(100) DEFAULT NULL,
  `modify_date` datetime DEFAULT NULL,
  `uuid_key` varchar(255) DEFAULT NULL,
  `voided` bit(1) DEFAULT NULL,
  `code` varchar(255) DEFAULT NULL,
  `description` varchar(255) DEFAULT NULL,
  `name` varchar(255) DEFAULT NULL,
  PRIMARY KEY (`id`)
) ENGINE=MyISAM DEFAULT CHARSET=utf8;

-- Dumping data for table eqa.tbl_eqa_test_method: 0 rows
/*!40000 ALTER TABLE `tbl_eqa_test_method` DISABLE KEYS */;
/*!40000 ALTER TABLE `tbl_eqa_test_method` ENABLE KEYS */;

-- Dumping structure for table eqa.tbl_eqa_test_method_criteria
CREATE TABLE IF NOT EXISTS `tbl_eqa_test_method_criteria` (
  `id` varchar(255) NOT NULL,
  `create_date` datetime NOT NULL,
  `created_by` varchar(100) NOT NULL,
  `modified_by` varchar(100) DEFAULT NULL,
  `modify_date` datetime DEFAULT NULL,
  `uuid_key` varchar(255) DEFAULT NULL,
  `voided` bit(1) DEFAULT NULL,
  `concept_id` varchar(255) DEFAULT NULL,
  `test_method_id` varchar(255) DEFAULT NULL,
  PRIMARY KEY (`id`),
  KEY `FKioxhyxv2nb87xw7mmd3acr3hj` (`concept_id`),
  KEY `FKq3wm6whq6dwxl17w66ynnyg44` (`test_method_id`)
) ENGINE=MyISAM DEFAULT CHARSET=utf8;

-- Dumping data for table eqa.tbl_eqa_test_method_criteria: 0 rows
/*!40000 ALTER TABLE `tbl_eqa_test_method_criteria` DISABLE KEYS */;
/*!40000 ALTER TABLE `tbl_eqa_test_method_criteria` ENABLE KEYS */;

-- Dumping structure for table eqa.tbl_eqa_test_purpose
CREATE TABLE IF NOT EXISTS `tbl_eqa_test_purpose` (
  `id` varchar(255) NOT NULL,
  `create_date` datetime NOT NULL,
  `created_by` varchar(100) NOT NULL,
  `modified_by` varchar(100) DEFAULT NULL,
  `modify_date` datetime DEFAULT NULL,
  `uuid_key` varchar(255) DEFAULT NULL,
  `voided` bit(1) DEFAULT NULL,
  `fee` int(11) DEFAULT NULL,
  `has_result` bit(1) DEFAULT NULL,
  `status` int(11) DEFAULT NULL,
  `code` varchar(255) DEFAULT NULL,
  `description` varchar(255) DEFAULT NULL,
  `name` varchar(255) DEFAULT NULL,
  `health_org_id` varchar(255) DEFAULT NULL,
  `eqa_round_id` varchar(255) DEFAULT NULL,
  `eqa_sample_set_id` varchar(255) DEFAULT NULL,
  PRIMARY KEY (`id`),
  KEY `FKllo9fo5mvk24ayq8yja8wo84o` (`health_org_id`),
  KEY `FKe3lfig239a4vpafjtp3at25gi` (`eqa_round_id`),
  KEY `FKcvmfy7ed52xj6n84r6w8mye2a` (`eqa_sample_set_id`)
) ENGINE=MyISAM DEFAULT CHARSET=utf8;

-- Dumping data for table eqa.tbl_eqa_test_purpose: 5 rows
/*!40000 ALTER TABLE `tbl_eqa_test_purpose` DISABLE KEYS */;
INSERT INTO `tbl_eqa_test_purpose` (`id`, `create_date`, `created_by`, `modified_by`, `modify_date`, `uuid_key`, `voided`, `fee`, `has_result`, `status`, `code`, `description`, `name`, `health_org_id`, `eqa_round_id`, `eqa_sample_set_id`) VALUES
	('2f607ca5-9447-4945-a391-30311fa6682c', '2020-06-02 05:11:19', 'admin', 'admin', '2020-06-02 05:11:19', 'c0959202-4494-41d7-80bd-039e203756d7', NULL, NULL, NULL, NULL, 'CDN_HIV', 'Chẩn đoán nhiễm HIV', 'Chẩn đoán nhiễm HIV', NULL, NULL, NULL),
	('7a434108-8ee6-4535-b70a-4555ac3f5002', '2020-06-02 05:11:37', 'admin', 'admin', '2020-06-02 05:11:37', '1f4e9d16-6b1e-4a35-a919-b3aa40fe51e1', NULL, NULL, NULL, NULL, 'SLCPNMT', 'Sàng lọc cho phụ nữ mang thai', 'Sàng lọc cho phụ nữ mang thai', NULL, NULL, NULL),
	('e2cbe7c6-67e4-4f07-85b0-c5a5c37b3117', '2020-06-02 05:11:55', 'admin', 'admin', '2020-06-02 05:11:55', '6f63a830-67f2-40cb-9651-d0c900bce8cc', NULL, NULL, NULL, NULL, 'XNTP', 'Xét nghiệm tiền phẫu', 'Xét nghiệm tiền phẫu', NULL, NULL, NULL),
	('ed721e08-f79b-43fc-9274-d13aad88956a', '2020-06-02 05:12:11', 'admin', 'admin', '2020-06-02 05:12:11', '49d18756-11b9-449e-9c8c-350bc091ad5e', NULL, NULL, NULL, NULL, 'ATTM', 'An toàn truyền máu', 'An toàn truyền máu', NULL, NULL, NULL),
	('1b2cd72f-d9c8-4ff5-8de2-feccd7bf9284', '2020-06-02 05:12:53', 'admin', 'admin', '2020-06-02 05:12:53', '83c33973-c4d3-4b7f-a293-56f8e5e84313', NULL, NULL, NULL, NULL, 'KHAC', 'Khác, ghi rõ', 'Khác, ghi rõ', NULL, NULL, NULL);
/*!40000 ALTER TABLE `tbl_eqa_test_purpose` ENABLE KEYS */;

-- Dumping structure for table eqa.tbl_ethnics
CREATE TABLE IF NOT EXISTS `tbl_ethnics` (
  `id` varchar(255) NOT NULL,
  `create_date` datetime NOT NULL,
  `created_by` varchar(100) NOT NULL,
  `modified_by` varchar(100) DEFAULT NULL,
  `modify_date` datetime DEFAULT NULL,
  `uuid_key` varchar(255) DEFAULT NULL,
  `voided` bit(1) DEFAULT NULL,
  `code` varchar(255) DEFAULT NULL,
  `description` varchar(255) DEFAULT NULL,
  `name` varchar(255) DEFAULT NULL,
  PRIMARY KEY (`id`)
) ENGINE=MyISAM DEFAULT CHARSET=utf8;

-- Dumping data for table eqa.tbl_ethnics: 0 rows
/*!40000 ALTER TABLE `tbl_ethnics` DISABLE KEYS */;
/*!40000 ALTER TABLE `tbl_ethnics` ENABLE KEYS */;

-- Dumping structure for table eqa.tbl_file_description
CREATE TABLE IF NOT EXISTS `tbl_file_description` (
  `id` varchar(255) NOT NULL,
  `create_date` datetime NOT NULL,
  `created_by` varchar(100) NOT NULL,
  `modified_by` varchar(100) DEFAULT NULL,
  `modify_date` datetime DEFAULT NULL,
  `uuid_key` varchar(255) DEFAULT NULL,
  `voided` bit(1) DEFAULT NULL,
  `content_size` bigint(20) DEFAULT NULL,
  `content_type` varchar(255) DEFAULT NULL,
  `extension` varchar(255) DEFAULT NULL,
  `file_path` varchar(255) DEFAULT NULL,
  `name` varchar(255) DEFAULT NULL,
  PRIMARY KEY (`id`)
) ENGINE=MyISAM DEFAULT CHARSET=utf8;

-- Dumping data for table eqa.tbl_file_description: 5 rows
/*!40000 ALTER TABLE `tbl_file_description` DISABLE KEYS */;
INSERT INTO `tbl_file_description` (`id`, `create_date`, `created_by`, `modified_by`, `modify_date`, `uuid_key`, `voided`, `content_size`, `content_type`, `extension`, `file_path`, `name`) VALUES
	('a47adf65-fbc1-425b-9c89-287a23db3655', '2020-08-03 11:57:55', 'admin', 'admin', '2020-08-03 11:57:55', 'bf7581e4-5833-42c1-85dc-cb8a14d94878', NULL, 4036, 'image/jpeg', NULL, 'a47adf65-fbc1-425b-9c89-287a23db3655', 'blob'),
	('0c4fc795-4563-4f0c-994b-e200aa85bfba', '2020-08-03 12:01:21', 'admin', 'admin', '2020-08-03 12:01:21', '8d5d2b98-2561-4892-8e05-2101f3486391', NULL, 7969, 'image/jpeg', NULL, '0c4fc795-4563-4f0c-994b-e200aa85bfba', 'blob'),
	('a8f4bc3c-1738-4e3d-b0aa-3016c0725de6', '2020-08-04 10:55:54', 'admin', 'admin', '2020-08-04 10:55:54', 'b40a0439-121a-45ee-b4c9-9fd447e35869', NULL, 3902, 'image/jpeg', NULL, 'E:/OLD_DATA/Working/PI/code/file_resourcea8f4bc3c-1738-4e3d-b0aa-3016c0725de6', 'blob'),
	('2ff574a1-3f5c-445b-8d53-7c3d010874ee', '2020-08-04 10:56:48', 'admin', 'admin', '2020-08-04 10:56:48', 'ccb8b2a3-00da-4040-93b7-4c29fa19479c', NULL, 7667, 'image/jpeg', NULL, 'E:/OLD_DATA/Working/PI/code/file_resource2ff574a1-3f5c-445b-8d53-7c3d010874ee', 'blob'),
	('2e0d99c3-a334-4407-9510-cf3c9b5bd675', '2020-08-04 10:57:25', 'dangnh', 'dangnh', '2020-08-04 10:57:25', '80efbd8b-0a78-4447-a2bb-cbe99ada0683', NULL, 3834, 'image/jpeg', NULL, 'E:/OLD_DATA/Working/PI/code/file_resource2e0d99c3-a334-4407-9510-cf3c9b5bd675', 'blob');
/*!40000 ALTER TABLE `tbl_file_description` ENABLE KEYS */;

-- Dumping structure for table eqa.tbl_global_property
CREATE TABLE IF NOT EXISTS `tbl_global_property` (
  `property` varchar(255) NOT NULL,
  `create_date` datetime NOT NULL,
  `created_by` varchar(100) NOT NULL,
  `modified_by` varchar(100) DEFAULT NULL,
  `modify_date` datetime DEFAULT NULL,
  `data_type_name` varchar(255) DEFAULT NULL,
  `description` varchar(255) DEFAULT NULL,
  `property_name` varchar(255) DEFAULT NULL,
  `property_value` varchar(255) DEFAULT NULL,
  PRIMARY KEY (`property`)
) ENGINE=MyISAM DEFAULT CHARSET=utf8;

-- Dumping data for table eqa.tbl_global_property: 0 rows
/*!40000 ALTER TABLE `tbl_global_property` DISABLE KEYS */;
/*!40000 ALTER TABLE `tbl_global_property` ENABLE KEYS */;

-- Dumping structure for table eqa.tbl_health_org_eqaround
CREATE TABLE IF NOT EXISTS `tbl_health_org_eqaround` (
  `id` varchar(255) NOT NULL,
  `create_date` datetime NOT NULL,
  `created_by` varchar(100) NOT NULL,
  `modified_by` varchar(100) DEFAULT NULL,
  `modify_date` datetime DEFAULT NULL,
  `uuid_key` varchar(255) DEFAULT NULL,
  `voided` bit(1) DEFAULT NULL,
  `fee` int(11) DEFAULT NULL,
  `has_result` bit(1) DEFAULT NULL,
  `status` int(11) DEFAULT NULL,
  `health_org_id` varchar(255) DEFAULT NULL,
  `eqa_round_id` varchar(255) DEFAULT NULL,
  `eqa_sample_set_id` varchar(255) DEFAULT NULL,
  PRIMARY KEY (`id`),
  KEY `FKbm9avu4rj4bjao7qge785083e` (`health_org_id`),
  KEY `FK8b13optj4be4xraa9is1g8rfb` (`eqa_round_id`),
  KEY `FK1c3s75h7a4rpdk21rqum0fhve` (`eqa_sample_set_id`)
) ENGINE=MyISAM DEFAULT CHARSET=utf8;

-- Dumping data for table eqa.tbl_health_org_eqaround: 55 rows
/*!40000 ALTER TABLE `tbl_health_org_eqaround` DISABLE KEYS */;
INSERT INTO `tbl_health_org_eqaround` (`id`, `create_date`, `created_by`, `modified_by`, `modify_date`, `uuid_key`, `voided`, `fee`, `has_result`, `status`, `health_org_id`, `eqa_round_id`, `eqa_sample_set_id`) VALUES
	('2060b8ea-0d61-41a3-8339-a8a10647d2c7', '2020-08-13 12:08:55', 'admin', 'admin', '2020-08-13 12:08:55', '6fe7134b-71ef-4fd7-87f3-795f5d27c80a', NULL, 1, b'0', 1, '0124b114-c587-441c-9c58-effaa6564b22', '0969c811-64e0-4969-be67-0c4a652e8630', '0db5b47a-0c4f-492b-9df8-cdd369317a5d'),
	('810c76c1-d1c0-4388-8cce-171f227d1b0c', '2020-08-13 12:09:37', 'admin', 'admin', '2020-08-13 12:09:37', 'c667b681-adda-4ff9-a405-d99b8eca9d46', NULL, 1, b'0', 1, '10fdee6d-626b-45a5-8e5a-839ee08901e8', '0969c811-64e0-4969-be67-0c4a652e8630', '0db5b47a-0c4f-492b-9df8-cdd369317a5d'),
	('87c078ab-1756-42dc-8120-97b48c17ddab', '2020-08-13 12:09:37', 'admin', 'admin', '2020-08-13 12:10:40', '39ae2db9-c593-4516-a163-15d7bd605ed7', NULL, 1, b'0', 1, '166647b7-da8c-4a86-a42b-2c9e4356a7f7', '0969c811-64e0-4969-be67-0c4a652e8630', '314dfc7a-5b02-4458-857b-289de3c6e1b8'),
	('a3aa5d1b-446a-49b7-86f4-9018da6a7028', '2020-08-13 12:09:37', 'admin', 'admin', '2020-08-13 12:09:37', '10ec50c2-b1a6-4ef5-8467-140c7d0b921d', NULL, 1, b'0', 1, '17ca92dc-8355-4ead-ba51-1cd97b9f8236', '0969c811-64e0-4969-be67-0c4a652e8630', '0db5b47a-0c4f-492b-9df8-cdd369317a5d'),
	('1a2050b0-562f-4f96-988e-ba2eb3b00599', '2020-08-13 12:09:37', 'admin', 'admin', '2020-08-13 12:10:40', 'c0bff2a6-62dd-4576-8dcf-951e417a090e', NULL, 1, b'0', 1, '18fdbe4b-f61c-4032-83ed-919eab8f7793', '0969c811-64e0-4969-be67-0c4a652e8630', '314dfc7a-5b02-4458-857b-289de3c6e1b8'),
	('7a59415c-e319-4d08-812a-07cf08e5b97d', '2020-08-13 12:09:37', 'admin', 'admin', '2020-08-13 12:10:40', '02a90866-317b-47f1-8102-f00e6227c877', NULL, 1, b'0', 1, '19759a3e-8450-4b66-bc41-68e71818bca9', '0969c811-64e0-4969-be67-0c4a652e8630', '314dfc7a-5b02-4458-857b-289de3c6e1b8'),
	('3dbba7e4-6075-4453-9838-75e1fe349ff4', '2020-08-13 12:09:37', 'admin', 'admin', '2020-08-13 12:10:40', '19096137-4091-4d68-a3f4-07c2171cff4e', NULL, 1, b'0', 1, '197eac9d-54ba-4740-bb66-c33eeb4d4370', '0969c811-64e0-4969-be67-0c4a652e8630', '314dfc7a-5b02-4458-857b-289de3c6e1b8'),
	('798d5e67-39f7-4fbf-91de-e40ffef734a7', '2020-08-13 12:09:37', 'admin', 'admin', '2020-08-13 12:10:40', '2e5907d0-3d65-4c7c-9997-d28f5dbf214b', NULL, 1, b'0', 1, '1bbb75ae-ce22-444c-917e-44557f137e72', '0969c811-64e0-4969-be67-0c4a652e8630', '314dfc7a-5b02-4458-857b-289de3c6e1b8'),
	('170327fd-a7c8-47cb-bed8-4b554de7de1e', '2020-08-13 12:09:37', 'admin', 'admin', '2020-08-13 12:09:37', 'cd63a6e2-7352-425f-956a-0abc8b1de375', NULL, 1, b'0', 1, '1cd40996-8557-484e-9ac3-ce169dec9707', '0969c811-64e0-4969-be67-0c4a652e8630', '0db5b47a-0c4f-492b-9df8-cdd369317a5d'),
	('63bead89-bafb-45fa-bbed-efd52d334f45', '2020-08-13 12:09:37', 'admin', 'admin', '2020-08-13 12:10:40', '3cf3211b-ce5e-447b-97f0-6038867660fe', NULL, 1, b'0', 1, '220124d0-7c4d-4274-87d2-3d7226a17efa', '0969c811-64e0-4969-be67-0c4a652e8630', '314dfc7a-5b02-4458-857b-289de3c6e1b8'),
	('d7af4503-be36-41dc-89af-025d1ee382c6', '2020-08-13 12:09:37', 'admin', 'admin', '2020-08-13 12:09:37', '70c04200-4faf-49bc-b518-0b64db030c35', NULL, 1, b'0', 1, '23c4f358-1ece-4c82-8f33-a7480d39e723', '0969c811-64e0-4969-be67-0c4a652e8630', '0db5b47a-0c4f-492b-9df8-cdd369317a5d'),
	('861f7878-6448-438b-a566-fe5936162371', '2020-08-13 12:09:37', 'admin', 'admin', '2020-08-13 12:10:40', 'b9f34945-d59c-4512-9cae-6fe603f1c7a0', NULL, 1, b'0', 1, '2597b993-2bc1-4d9f-8fb9-ab4464a41303', '0969c811-64e0-4969-be67-0c4a652e8630', '314dfc7a-5b02-4458-857b-289de3c6e1b8'),
	('e5d28d3d-07d2-42a6-aa4d-cdf1e32ad7d4', '2020-08-13 12:09:37', 'admin', 'admin', '2020-08-13 12:10:40', '9bdd8b9e-cb09-4f42-a834-961734ae76b2', NULL, 1, b'0', 1, '2626321d-29a9-4086-90b4-0a34443fb4f4', '0969c811-64e0-4969-be67-0c4a652e8630', '314dfc7a-5b02-4458-857b-289de3c6e1b8'),
	('57878831-34c0-4d12-80ba-2588963be8c6', '2020-08-13 12:09:37', 'admin', 'admin', '2020-08-13 12:10:40', 'ce01bcd1-b267-418b-aa47-61cef343aa00', NULL, 1, b'0', 1, '27e8204d-068a-4259-9a27-d2b7b677b0ea', '0969c811-64e0-4969-be67-0c4a652e8630', '314dfc7a-5b02-4458-857b-289de3c6e1b8'),
	('cf8746b1-f6b5-4b23-944e-6aff54102586', '2020-08-13 12:09:37', 'admin', 'admin', '2020-08-13 12:10:40', 'b8f6ee49-d3e9-4145-9b88-487cf116b659', NULL, 1, b'0', 1, '2867c5df-3048-4423-94e4-d5ebb4d5b75f', '0969c811-64e0-4969-be67-0c4a652e8630', '314dfc7a-5b02-4458-857b-289de3c6e1b8'),
	('682c3bf5-b2e7-4243-8cfe-789b8b16d59a', '2020-08-13 12:09:37', 'admin', 'admin', '2020-08-13 12:10:40', '96e37d81-2e5d-4571-a70d-67eaf48ab64a', NULL, 1, b'0', 1, '29ce94d3-04f4-4a6b-a628-391f24417812', '0969c811-64e0-4969-be67-0c4a652e8630', '314dfc7a-5b02-4458-857b-289de3c6e1b8'),
	('18441b11-af3c-4feb-9afa-ffcbaf5c263e', '2020-08-13 12:09:38', 'admin', 'admin', '2020-08-13 12:10:40', '91aaf053-9a7b-4b20-a9c5-9dcb83470764', NULL, 1, b'0', 1, '29e411c1-0ccb-4eb0-8cfd-f28e3649bd1c', '0969c811-64e0-4969-be67-0c4a652e8630', '314dfc7a-5b02-4458-857b-289de3c6e1b8'),
	('1860a66c-432f-4d13-8bfa-c94f63d182e5', '2020-08-13 12:09:38', 'admin', 'admin', '2020-08-13 12:09:38', '20ff9dd7-ee62-4cc6-a893-36dd2f6058f7', NULL, 1, b'0', 1, '2b4ce269-3d1f-4db6-887c-8e990b4a49c9', '0969c811-64e0-4969-be67-0c4a652e8630', '0db5b47a-0c4f-492b-9df8-cdd369317a5d'),
	('eafe3903-d6bf-4770-b34a-30d8765e73fe', '2020-08-13 12:09:38', 'admin', 'admin', '2020-08-13 12:09:38', '2c92be2a-eb95-42a3-886b-1a95319fa923', NULL, 1, b'0', 1, '2c4af76d-4951-44eb-9865-a0dc77941b3f', '0969c811-64e0-4969-be67-0c4a652e8630', '0db5b47a-0c4f-492b-9df8-cdd369317a5d'),
	('1c4d2b5e-b068-452a-a3d8-f304ebee2627', '2020-08-13 12:09:38', 'admin', 'admin', '2020-08-13 12:09:38', 'cfd9bcfd-37d5-4dcb-965b-f123b05657f8', NULL, 1, b'0', 1, '2c66959d-ec9c-4a0e-ad57-726df1ad8534', '0969c811-64e0-4969-be67-0c4a652e8630', '0db5b47a-0c4f-492b-9df8-cdd369317a5d'),
	('eb5a061f-c404-4e5b-b75c-f20717c1d5e3', '2020-08-13 12:09:38', 'admin', 'admin', '2020-08-13 12:09:38', 'e26ae6a8-d523-49e2-b666-d021dc8adf73', NULL, 1, b'0', 1, '2df59d9b-c1c7-4ea7-942c-5373dbc1e5cb', '0969c811-64e0-4969-be67-0c4a652e8630', '0db5b47a-0c4f-492b-9df8-cdd369317a5d'),
	('7b971fbf-f31f-4041-b19c-6d3163cd8584', '2020-08-13 12:09:38', 'admin', 'admin', '2020-08-13 12:09:38', '9aaba0f4-39d4-4a2d-b6c8-d50343d8da33', NULL, 1, b'0', 1, '2e7f0420-4ede-46c6-9bb0-e35f62071c98', '0969c811-64e0-4969-be67-0c4a652e8630', '0db5b47a-0c4f-492b-9df8-cdd369317a5d'),
	('c8215fea-e8bd-4ef4-9b0c-92f8fef91a74', '2020-08-13 12:09:38', 'admin', 'admin', '2020-08-13 12:09:38', 'ad50b770-76e7-4341-b908-00e9ca8f884a', NULL, 1, b'0', 1, '2eebcfb5-15aa-48ac-a4b6-9f91c151973d', '0969c811-64e0-4969-be67-0c4a652e8630', '0db5b47a-0c4f-492b-9df8-cdd369317a5d'),
	('c9cf3748-b3ab-49a7-ba2e-9b0900e6643d', '2020-08-13 12:09:38', 'admin', 'admin', '2020-08-13 12:10:40', '9000670d-76b3-48f3-9fdb-4af2029d66e4', NULL, 1, b'0', 1, '2ef04019-a096-4bb1-8439-240819e17967', '0969c811-64e0-4969-be67-0c4a652e8630', '314dfc7a-5b02-4458-857b-289de3c6e1b8'),
	('41b6dec0-bd75-4b1b-98c2-5b0a86a6fd0a', '2020-08-13 12:09:38', 'admin', 'admin', '2020-08-13 12:10:40', 'ed1d9245-b516-4e8d-b13e-db0e1426b596', NULL, 1, b'0', 1, '2f2340f2-22b7-4708-ad51-84dc73773678', '0969c811-64e0-4969-be67-0c4a652e8630', '314dfc7a-5b02-4458-857b-289de3c6e1b8'),
	('56a72650-d45b-43dd-b842-adf942d4f6b7', '2020-08-13 12:09:38', 'admin', 'admin', '2020-08-13 12:10:40', '8e2b4f03-5d8c-4274-9194-ca969cc19c2e', NULL, 1, b'0', 1, '2f657658-a934-4580-8c74-d5e48300d978', '0969c811-64e0-4969-be67-0c4a652e8630', '314dfc7a-5b02-4458-857b-289de3c6e1b8'),
	('13203f14-e28a-4000-a93e-a89c32343200', '2020-08-14 07:58:37', 'admin', 'admin', '2020-08-14 07:58:37', '39908572-1e10-4c2b-ab22-63dd6ec0b60e', NULL, 1, b'0', 1, '016449fb-182b-44c2-8970-8c9c53803ebf', '0969c811-64e0-4969-be67-0c4a652e8630', '0db5b47a-0c4f-492b-9df8-cdd369317a5d'),
	('9106f529-2216-4ed3-95c3-f8952880c11a', '2020-08-14 07:58:37', 'admin', 'admin', '2020-08-14 07:58:37', '5789786b-9923-4d80-b8f2-12d9ea0cd106', NULL, 1, b'0', 1, '02bd823c-a3be-4570-9c7a-0932dee99e78', '0969c811-64e0-4969-be67-0c4a652e8630', '0db5b47a-0c4f-492b-9df8-cdd369317a5d'),
	('3e8a438e-e3de-4999-b44f-73d25453abe0', '2020-08-14 07:58:37', 'admin', 'admin', '2020-08-14 07:58:37', 'b40ee861-29a0-4d7b-8363-1294f4b76a48', NULL, 1, b'0', 1, '03048cf2-48ed-431b-ad60-71961ca4fb55', '0969c811-64e0-4969-be67-0c4a652e8630', '0db5b47a-0c4f-492b-9df8-cdd369317a5d'),
	('e745fde2-59fe-4ee5-9786-4929d870fde0', '2020-08-14 07:58:37', 'admin', 'admin', '2020-08-14 07:58:37', 'cbe5fa29-e05b-4589-ba78-7b54d9413a8d', NULL, 1, b'0', 1, '044c394e-1898-417d-be61-cf91c597a132', '0969c811-64e0-4969-be67-0c4a652e8630', '0db5b47a-0c4f-492b-9df8-cdd369317a5d'),
	('6613b37c-01ad-4bd3-8d56-d93ab8c5a1bc', '2020-08-14 07:59:11', 'admin', 'admin', '2020-08-14 07:59:11', '7c2d7b15-551e-4738-8892-48f63707e4f4', NULL, 0, b'0', 1, '0124b114-c587-441c-9c58-effaa6564b22', '0f1ae636-77ac-4c45-b947-d13e11aeeb6e', '314dfc7a-5b02-4458-857b-289de3c6e1b8'),
	('e19146bd-ef1f-4925-a36d-5216b8fcd6ac', '2020-08-14 07:59:11', 'admin', 'admin', '2020-08-14 07:59:11', 'b86dc250-1ce4-4af8-9237-dbbff9503016', NULL, 0, b'0', 1, '016449fb-182b-44c2-8970-8c9c53803ebf', '0f1ae636-77ac-4c45-b947-d13e11aeeb6e', '314dfc7a-5b02-4458-857b-289de3c6e1b8'),
	('2f9e0dae-733d-40c4-9b70-5ca6ee5bf202', '2020-08-14 07:59:11', 'admin', 'admin', '2020-08-14 07:59:11', '5bdea256-d9bc-4b96-bf61-39823e43cfdb', NULL, 0, b'0', 1, '02bd823c-a3be-4570-9c7a-0932dee99e78', '0f1ae636-77ac-4c45-b947-d13e11aeeb6e', '314dfc7a-5b02-4458-857b-289de3c6e1b8'),
	('7581c8ff-9092-459f-be9d-742ec5d41b0e', '2020-08-14 07:59:11', 'admin', 'admin', '2020-08-14 07:59:11', 'd3e7a962-3a68-4b85-bdc7-5b72cddd1c7a', NULL, 0, b'0', 1, '03048cf2-48ed-431b-ad60-71961ca4fb55', '0f1ae636-77ac-4c45-b947-d13e11aeeb6e', '314dfc7a-5b02-4458-857b-289de3c6e1b8'),
	('be7d4928-6dcc-42a3-bf41-8bebe5dd6400', '2020-08-14 07:59:11', 'admin', 'admin', '2020-08-14 07:59:11', 'ac3c7a16-d09e-4e0c-9de8-94ea1308533a', NULL, 0, b'0', 1, '044c394e-1898-417d-be61-cf91c597a132', '0f1ae636-77ac-4c45-b947-d13e11aeeb6e', '314dfc7a-5b02-4458-857b-289de3c6e1b8'),
	('6bc5a35f-c824-40f3-a0a2-5ea23d96b4cc', '2020-08-14 08:22:04', 'admin', 'admin', '2020-08-14 08:22:04', '785c1f5f-42ce-44bd-9080-03e778631243', NULL, 1, b'0', 1, '04965acb-44b4-4543-8716-b9aba526d678', '0969c811-64e0-4969-be67-0c4a652e8630', '0db5b47a-0c4f-492b-9df8-cdd369317a5d'),
	('08fecde2-4869-4328-8c68-4555794af65b', '2020-08-14 08:22:04', 'admin', 'admin', '2020-08-14 08:22:04', '9633ad91-8abb-4355-8f80-47fb6efb4d50', NULL, 1, b'0', 1, '04d6a1b0-33ef-4373-8c60-8345dbd68cd0', '0969c811-64e0-4969-be67-0c4a652e8630', '0db5b47a-0c4f-492b-9df8-cdd369317a5d'),
	('d2da2fba-7a8e-4342-a116-6755972f5ae8', '2020-08-14 08:22:04', 'admin', 'admin', '2020-08-14 08:22:04', 'f3fa08af-8e34-46f0-9605-37f42222ed2a', NULL, 1, b'0', 1, '05841440-9fd7-4786-8604-902b4bbeae1b', '0969c811-64e0-4969-be67-0c4a652e8630', '0db5b47a-0c4f-492b-9df8-cdd369317a5d'),
	('a3b6e12c-3d03-4d8a-a0d9-a7ff96548e13', '2020-08-14 08:22:04', 'admin', 'admin', '2020-08-14 08:22:04', 'fc55a99c-1d20-4b0d-91c5-32fc1549bcee', NULL, 1, b'0', 1, '05e9b472-6cc9-43ac-bb82-41da263e90a1', '0969c811-64e0-4969-be67-0c4a652e8630', '0db5b47a-0c4f-492b-9df8-cdd369317a5d'),
	('d22a3ce9-64ed-496f-91fc-2d76e91bfd20', '2020-08-14 08:22:04', 'admin', 'admin', '2020-08-14 08:22:04', '485083bc-fc31-42c3-88dd-707d39e509a9', NULL, 1, b'0', 1, '060aac4b-ce10-4dd0-ab01-ca54c992f1a9', '0969c811-64e0-4969-be67-0c4a652e8630', '0db5b47a-0c4f-492b-9df8-cdd369317a5d'),
	('0c2a8378-4a2d-472d-9860-1b85c3058a4c', '2020-08-14 08:22:04', 'admin', 'admin', '2020-08-14 08:22:04', '6d69eef5-4719-427a-a6aa-d055124c0ab1', NULL, 1, b'0', 1, '065c87e8-6f19-42e5-8169-6cb31c5abedd', '0969c811-64e0-4969-be67-0c4a652e8630', '0db5b47a-0c4f-492b-9df8-cdd369317a5d'),
	('61aa81ea-291a-46d9-a3af-3ebddabd8b53', '2020-08-14 08:22:04', 'admin', 'admin', '2020-08-14 08:22:04', '827346d1-2ada-4b34-a4bf-e49137e8da1a', NULL, 1, b'0', 1, '06e8c877-ad23-4669-a8e6-8467ae1c4a13', '0969c811-64e0-4969-be67-0c4a652e8630', '0db5b47a-0c4f-492b-9df8-cdd369317a5d'),
	('c49be4d3-e616-4f12-be1c-bd8974e05d3e', '2020-08-14 08:22:04', 'admin', 'admin', '2020-08-14 08:22:04', '4876f0be-1248-4349-811d-5656896ab399', NULL, 1, b'0', 1, '0746bc5a-85b9-440c-9b6f-802799258deb', '0969c811-64e0-4969-be67-0c4a652e8630', '0db5b47a-0c4f-492b-9df8-cdd369317a5d'),
	('f4fa4447-16d6-4269-a533-5ac5fe1474bb', '2020-08-14 08:22:04', 'admin', 'admin', '2020-08-14 08:22:04', '60e239fd-3b8e-4733-a0c2-faa12a62d19b', NULL, 1, b'0', 1, '07d2d6e2-e94c-47fe-bf3f-ac42b22e4135', '0969c811-64e0-4969-be67-0c4a652e8630', '0db5b47a-0c4f-492b-9df8-cdd369317a5d'),
	('ec71f459-1477-4707-8334-c67c67b966e3', '2020-08-14 08:22:04', 'admin', 'admin', '2020-08-14 08:22:04', '4279c01f-ed0a-49a5-8385-ea5a74c52231', NULL, 1, b'0', 1, '086f27ac-def6-4399-bca2-f569786aebfd', '0969c811-64e0-4969-be67-0c4a652e8630', '0db5b47a-0c4f-492b-9df8-cdd369317a5d'),
	('3d4da283-7ecd-4e73-a14a-5ec0ed474744', '2020-08-14 08:22:04', 'admin', 'admin', '2020-08-14 08:22:04', '3974c7b9-276f-4f62-94de-17e6e5a3e989', NULL, 1, b'0', 1, '091ec5a6-69c2-4dc4-abc8-33a7f4397814', '0969c811-64e0-4969-be67-0c4a652e8630', '0db5b47a-0c4f-492b-9df8-cdd369317a5d'),
	('835bda7c-e17b-4e32-97f1-c1f5f5ec0fcd', '2020-08-14 08:22:04', 'admin', 'admin', '2020-08-14 08:22:04', '16bf0bd8-5b23-45f2-9f6f-92702057d4c4', NULL, 1, b'0', 1, '093215a9-d524-4a5f-840f-38a2bb55565c', '0969c811-64e0-4969-be67-0c4a652e8630', '0db5b47a-0c4f-492b-9df8-cdd369317a5d'),
	('1337d775-4e51-4a10-a6f5-d5fcc406bda7', '2020-08-14 08:22:04', 'admin', 'admin', '2020-08-14 08:22:04', 'c781d22f-3164-4c94-8e8a-e6ae5ab1c33f', NULL, 1, b'0', 1, '0c885e7a-c569-4606-b290-44a1ce10b8fb', '0969c811-64e0-4969-be67-0c4a652e8630', '0db5b47a-0c4f-492b-9df8-cdd369317a5d'),
	('d275e319-19da-42de-b950-987b6f2bd1bd', '2020-08-14 08:22:04', 'admin', 'admin', '2020-08-14 08:22:04', 'e1188581-caf4-4bb8-a899-ca02e6a9f59a', NULL, 1, b'0', 1, '0d6222d8-7ae0-4c2c-9586-8d5f8ac58e07', '0969c811-64e0-4969-be67-0c4a652e8630', '0db5b47a-0c4f-492b-9df8-cdd369317a5d'),
	('20851862-ab61-4ddc-a452-89b206984dd3', '2020-08-14 08:22:04', 'admin', 'admin', '2020-08-14 08:22:04', '55bdf9ef-fc4a-4cb7-baab-acd3434d95be', NULL, 1, b'0', 1, '0d9bf712-b2a0-421a-b045-cff2e9190135', '0969c811-64e0-4969-be67-0c4a652e8630', '0db5b47a-0c4f-492b-9df8-cdd369317a5d'),
	('814cb39f-1eb3-4c49-8487-847e058ed659', '2020-08-14 08:22:04', 'admin', 'admin', '2020-08-14 08:22:04', '95fe3c65-1bbd-4e46-8f18-5458cdad91a6', NULL, 1, b'0', 1, '0e4c4e75-f396-456c-9123-21672ac5862f', '0969c811-64e0-4969-be67-0c4a652e8630', '0db5b47a-0c4f-492b-9df8-cdd369317a5d'),
	('05a274a7-ae53-48f0-bab2-bb197079c897', '2020-08-14 08:22:04', 'admin', 'admin', '2020-08-14 08:22:04', 'a1d44b1e-001f-4db2-a68a-b720b5b08318', NULL, 1, b'0', 1, '0f4615e5-95aa-4105-aaba-8ca081ef2663', '0969c811-64e0-4969-be67-0c4a652e8630', '0db5b47a-0c4f-492b-9df8-cdd369317a5d'),
	('9c83442e-84f2-4171-bf5a-0abfde2c7ea8', '2020-08-14 08:22:04', 'admin', 'admin', '2020-08-14 08:22:04', 'ad515c4a-22ff-47b9-acc1-affe668a1fda', NULL, 1, b'0', 1, '0f9fd2c9-9420-4e2d-9c7f-d8d2a5e49d9a', '0969c811-64e0-4969-be67-0c4a652e8630', '0db5b47a-0c4f-492b-9df8-cdd369317a5d'),
	('2d57fd07-d25c-4ccd-b5c3-98b48079e76b', '2020-08-14 08:22:04', 'admin', 'admin', '2020-08-14 08:22:04', '4d73cf58-6f13-42ab-bbeb-0d1949c92753', NULL, 1, b'0', 1, '0fb44ad2-1320-4d11-873e-f2aa44674a06', '0969c811-64e0-4969-be67-0c4a652e8630', '0db5b47a-0c4f-492b-9df8-cdd369317a5d'),
	('2b42b0aa-9148-47cc-ab92-6c4e51e52b36', '2020-08-14 08:22:05', 'admin', 'admin', '2020-08-14 08:22:05', 'cbad8e2b-31e1-4369-8326-077af46cc32c', NULL, 1, b'0', 1, '0fd9d7f5-acb9-497e-b8ce-6438dea36e3c', '0969c811-64e0-4969-be67-0c4a652e8630', '0db5b47a-0c4f-492b-9df8-cdd369317a5d');
/*!40000 ALTER TABLE `tbl_health_org_eqaround` ENABLE KEYS */;

-- Dumping structure for table eqa.tbl_location
CREATE TABLE IF NOT EXISTS `tbl_location` (
  `id` varchar(255) NOT NULL,
  `create_date` datetime NOT NULL,
  `created_by` varchar(100) NOT NULL,
  `modified_by` varchar(100) DEFAULT NULL,
  `modify_date` datetime DEFAULT NULL,
  `uuid_key` varchar(255) DEFAULT NULL,
  `voided` bit(1) DEFAULT NULL,
  `code` varchar(255) DEFAULT NULL,
  `latitude` double DEFAULT NULL,
  `longitude` double DEFAULT NULL,
  `name` varchar(255) DEFAULT NULL,
  PRIMARY KEY (`id`)
) ENGINE=MyISAM DEFAULT CHARSET=utf8;

-- Dumping data for table eqa.tbl_location: 0 rows
/*!40000 ALTER TABLE `tbl_location` DISABLE KEYS */;
/*!40000 ALTER TABLE `tbl_location` ENABLE KEYS */;

-- Dumping structure for table eqa.tbl_menu_item
CREATE TABLE IF NOT EXISTS `tbl_menu_item` (
  `id` varchar(255) NOT NULL,
  `create_date` datetime NOT NULL,
  `created_by` varchar(100) NOT NULL,
  `modified_by` varchar(100) DEFAULT NULL,
  `modify_date` datetime DEFAULT NULL,
  `uuid_key` varchar(255) DEFAULT NULL,
  `voided` bit(1) DEFAULT NULL,
  `code` varchar(255) DEFAULT NULL,
  `icon` varchar(255) DEFAULT NULL,
  `name` varchar(255) DEFAULT NULL,
  `path` varchar(255) DEFAULT NULL,
  `view_index` int(11) DEFAULT NULL,
  `org_id` varchar(255) DEFAULT NULL,
  `parent_id` varchar(255) DEFAULT NULL,
  `description` varchar(255) DEFAULT NULL,
  PRIMARY KEY (`id`),
  KEY `FKeegues76jye98asby5igrhra9` (`org_id`),
  KEY `FK42v4jk7kjndixt6821esf90vg` (`parent_id`)
) ENGINE=MyISAM DEFAULT CHARSET=utf8;

-- Dumping data for table eqa.tbl_menu_item: 0 rows
/*!40000 ALTER TABLE `tbl_menu_item` DISABLE KEYS */;
/*!40000 ALTER TABLE `tbl_menu_item` ENABLE KEYS */;

-- Dumping structure for table eqa.tbl_menu_item_role
CREATE TABLE IF NOT EXISTS `tbl_menu_item_role` (
  `id` varchar(255) NOT NULL,
  `create_date` datetime NOT NULL,
  `created_by` varchar(100) NOT NULL,
  `modified_by` varchar(100) DEFAULT NULL,
  `modify_date` datetime DEFAULT NULL,
  `uuid_key` varchar(255) DEFAULT NULL,
  `voided` bit(1) DEFAULT NULL,
  `item_id` varchar(255) DEFAULT NULL,
  `role_id` bigint(20) DEFAULT NULL,
  PRIMARY KEY (`id`),
  KEY `FK77gssjlupq262c7ijbt92qv6n` (`item_id`),
  KEY `FK6frsj9j1j2ko7av7mhe6xjdd9` (`role_id`)
) ENGINE=MyISAM DEFAULT CHARSET=utf8;

-- Dumping data for table eqa.tbl_menu_item_role: 0 rows
/*!40000 ALTER TABLE `tbl_menu_item_role` DISABLE KEYS */;
/*!40000 ALTER TABLE `tbl_menu_item_role` ENABLE KEYS */;

-- Dumping structure for table eqa.tbl_obs
CREATE TABLE IF NOT EXISTS `tbl_obs` (
  `id` varchar(255) NOT NULL,
  `create_date` datetime NOT NULL,
  `created_by` varchar(100) NOT NULL,
  `modified_by` varchar(100) DEFAULT NULL,
  `modify_date` datetime DEFAULT NULL,
  `uuid_key` varchar(255) DEFAULT NULL,
  `voided` bit(1) DEFAULT NULL,
  `comments` varchar(255) DEFAULT NULL,
  `obs_date` datetime DEFAULT NULL,
  `value_boolean` bit(1) DEFAULT NULL,
  `value_coded` tinyblob,
  `value_datetime` datetime DEFAULT NULL,
  `value_numeric` double DEFAULT NULL,
  `value_text` varchar(255) DEFAULT NULL,
  `concept_id` varchar(255) DEFAULT NULL,
  PRIMARY KEY (`id`),
  KEY `FKhqvpx7tv7dd25bjdgddpfjgo5` (`concept_id`)
) ENGINE=MyISAM DEFAULT CHARSET=utf8;

-- Dumping data for table eqa.tbl_obs: 0 rows
/*!40000 ALTER TABLE `tbl_obs` DISABLE KEYS */;
/*!40000 ALTER TABLE `tbl_obs` ENABLE KEYS */;

-- Dumping structure for table eqa.tbl_organization
CREATE TABLE IF NOT EXISTS `tbl_organization` (
  `id` varchar(255) NOT NULL,
  `create_date` datetime NOT NULL,
  `created_by` varchar(100) NOT NULL,
  `modified_by` varchar(100) DEFAULT NULL,
  `modify_date` datetime DEFAULT NULL,
  `uuid_key` varchar(255) DEFAULT NULL,
  `voided` bit(1) DEFAULT NULL,
  `code` varchar(255) DEFAULT NULL,
  `level` int(11) DEFAULT NULL,
  `name` varchar(255) DEFAULT NULL,
  `organization_type` int(11) DEFAULT NULL,
  `parent_id` varchar(255) DEFAULT NULL,
  PRIMARY KEY (`id`),
  KEY `FKri4t5f02y54qe6c33ciguigrj` (`parent_id`)
) ENGINE=MyISAM DEFAULT CHARSET=utf8;

-- Dumping data for table eqa.tbl_organization: 0 rows
/*!40000 ALTER TABLE `tbl_organization` DISABLE KEYS */;
/*!40000 ALTER TABLE `tbl_organization` ENABLE KEYS */;

-- Dumping structure for table eqa.tbl_organization_user
CREATE TABLE IF NOT EXISTS `tbl_organization_user` (
  `id` varchar(255) NOT NULL,
  `create_date` datetime NOT NULL,
  `created_by` varchar(100) NOT NULL,
  `modified_by` varchar(100) DEFAULT NULL,
  `modify_date` datetime DEFAULT NULL,
  `uuid_key` varchar(255) DEFAULT NULL,
  `voided` bit(1) DEFAULT NULL,
  `is_admin_user` bit(1) DEFAULT NULL,
  `organization_id` varchar(255) DEFAULT NULL,
  `user_id` bigint(20) DEFAULT NULL,
  PRIMARY KEY (`id`),
  KEY `FK9jrl8v462j8ntb4gdt0t05yk2` (`organization_id`),
  KEY `FK2x2yv8v89mt216486sajk62x2` (`user_id`)
) ENGINE=MyISAM DEFAULT CHARSET=utf8;

-- Dumping data for table eqa.tbl_organization_user: 0 rows
/*!40000 ALTER TABLE `tbl_organization_user` DISABLE KEYS */;
/*!40000 ALTER TABLE `tbl_organization_user` ENABLE KEYS */;

-- Dumping structure for table eqa.tbl_person
CREATE TABLE IF NOT EXISTS `tbl_person` (
  `id` varchar(255) NOT NULL,
  `create_date` datetime NOT NULL,
  `created_by` varchar(100) NOT NULL,
  `modified_by` varchar(100) DEFAULT NULL,
  `modify_date` datetime DEFAULT NULL,
  `uuid_key` varchar(255) DEFAULT NULL,
  `voided` bit(1) DEFAULT NULL,
  `email` varchar(255) DEFAULT NULL,
  `birth_date` datetime DEFAULT NULL,
  `birth_place` varchar(255) DEFAULT NULL,
  `carrer` varchar(255) DEFAULT NULL,
  `communist_party_join_date` datetime DEFAULT NULL,
  `communist_youth_union_join_date` datetime DEFAULT NULL,
  `display_name` varchar(255) DEFAULT NULL,
  `end_date` datetime DEFAULT NULL,
  `first_name` varchar(255) DEFAULT NULL,
  `gender` varchar(255) DEFAULT NULL,
  `id_number` varchar(255) DEFAULT NULL,
  `id_number_issue_by` varchar(255) DEFAULT NULL,
  `id_number_issue_date` datetime DEFAULT NULL,
  `image_path` varchar(255) DEFAULT NULL,
  `is_dead` bit(1) DEFAULT NULL,
  `last_name` varchar(255) DEFAULT NULL,
  `marital_status` int(11) DEFAULT NULL,
  `phone_number` varchar(255) DEFAULT NULL,
  `photo_cropped` bit(1) DEFAULT NULL,
  `short_name` varchar(255) DEFAULT NULL,
  `start_date` datetime DEFAULT NULL,
  `ethnics_id` varchar(255) DEFAULT NULL,
  `family_social_class_id` varchar(255) DEFAULT NULL,
  `family_social_priority_id` varchar(255) DEFAULT NULL,
  `country_id` varchar(255) DEFAULT NULL,
  `native_village` varchar(255) DEFAULT NULL,
  `personal_social_priority_id` varchar(255) DEFAULT NULL,
  `religion_id` varchar(255) DEFAULT NULL,
  `user_id` bigint(20) DEFAULT NULL,
  PRIMARY KEY (`id`),
  KEY `FK8oskiw59dqk1yt56pp3sc8gt3` (`ethnics_id`),
  KEY `FKnpblx23he5tfl4hvkng2q0lsr` (`family_social_class_id`),
  KEY `FKdqdcn29bbpjdvkfjvssgcjyoe` (`family_social_priority_id`),
  KEY `FKgb44vduwc96najnblxq4mjojl` (`country_id`),
  KEY `FKtoo0l45x1vrurpl9ube63u1sf` (`native_village`),
  KEY `FKd89gdgrs2yyl4awb03246gr9h` (`personal_social_priority_id`),
  KEY `FKme9cds1pl7vk22o80ioecueh` (`religion_id`),
  KEY `FKhamn12usdwx91cm23qfv7psns` (`user_id`)
) ENGINE=MyISAM DEFAULT CHARSET=utf8;

-- Dumping data for table eqa.tbl_person: 8 rows
/*!40000 ALTER TABLE `tbl_person` DISABLE KEYS */;
INSERT INTO `tbl_person` (`id`, `create_date`, `created_by`, `modified_by`, `modify_date`, `uuid_key`, `voided`, `email`, `birth_date`, `birth_place`, `carrer`, `communist_party_join_date`, `communist_youth_union_join_date`, `display_name`, `end_date`, `first_name`, `gender`, `id_number`, `id_number_issue_by`, `id_number_issue_date`, `image_path`, `is_dead`, `last_name`, `marital_status`, `phone_number`, `photo_cropped`, `short_name`, `start_date`, `ethnics_id`, `family_social_class_id`, `family_social_priority_id`, `country_id`, `native_village`, `personal_social_priority_id`, `religion_id`, `user_id`) VALUES
	('8a5a86fc-f82e-42b7-864e-bdbf64ff04a3', '2020-05-26 03:50:08', 'admin', 'admin', '2020-08-04 10:56:48', 'a8af3490-4e9d-4c13-9e7a-4ee3dfbde962', NULL, NULL, NULL, NULL, NULL, NULL, NULL, 'Admin User', NULL, 'Admin', 'M', NULL, NULL, NULL, '/public/file/downloadbyid/2ff574a1-3f5c-445b-8d53-7c3d010874ee', NULL, 'User', NULL, NULL, NULL, NULL, NULL, NULL, NULL, NULL, NULL, NULL, NULL, NULL, 1),
	('b3fca6c6-442b-4dd3-b58b-683555001fa4', '2020-06-02 08:39:53', 'admin', 'admin', '2020-06-02 08:39:53', 'baf40bd9-97de-4584-aee0-cc4b9859c74f', NULL, 'lebichnhat1979@gmail.com', '2020-06-02 08:38:10', NULL, NULL, NULL, NULL, 'Lê Thị Bích Nhật', '2020-06-02 08:38:10', 'Lê Thị Bích', '2', '', NULL, NULL, NULL, NULL, 'Nhật', NULL, '0909793554', NULL, NULL, '2020-06-02 08:38:10', NULL, NULL, NULL, NULL, NULL, NULL, NULL, NULL),
	('5ea02186-17bd-453a-ab21-503c4b6c5115', '2020-06-02 08:41:00', 'admin', 'admin', '2020-06-02 08:41:00', '5a07b715-f20c-406a-9697-6d0ef7320b4a', NULL, 'phuongloan619007@gmail.com', '2020-06-02 08:40:01', NULL, NULL, NULL, NULL, 'Phạm Thị Phương Loan', '2020-06-02 08:40:01', 'Phạm Thị Phương', '', '', NULL, NULL, NULL, NULL, 'Loan', NULL, '996567276', NULL, NULL, '2020-06-02 08:40:01', NULL, NULL, NULL, NULL, NULL, NULL, NULL, NULL),
	('ccc2a89b-7dbf-4e2e-af99-518e41f6b8a6', '2020-06-02 08:41:58', 'admin', 'admin', '2020-06-02 08:41:58', '44dd9576-4f37-4993-a85d-f8aa617ea325', NULL, 'xetnghiembvbl@gmail.com', '2020-06-02 08:41:01', NULL, NULL, NULL, NULL, 'Nguyễn Thị Thủy', '2020-06-02 08:41:01', 'Nguyễn Thị ', '', '', NULL, NULL, NULL, NULL, 'Thủy', NULL, '0848253149', NULL, NULL, '2020-06-02 08:41:01', NULL, NULL, NULL, NULL, NULL, NULL, NULL, NULL),
	('ac1878d9-4b3d-4dd4-aa07-74c3387e65a5', '2020-06-02 08:48:46', 'admin', 'admin', '2020-06-02 08:48:46', '794c4506-db7e-4d2f-980e-73b55bca9919', NULL, 'huynhthinhuthuy88@gmail.com', NULL, NULL, NULL, NULL, NULL, 'Nguyễn Ngọc Diệp', '2020-06-02 08:47:09', 'Nguyễn Ngọc ', '2', '', NULL, NULL, NULL, NULL, 'Diệp', NULL, '906673468', NULL, NULL, '2020-06-02 08:47:09', NULL, NULL, NULL, NULL, NULL, NULL, NULL, NULL),
	('3d3b9446-886b-47ba-b7c3-acf028960bfe', '2020-06-22 03:29:32', 'admin', 'admin', '2020-06-22 03:29:32', '99e4070a-b839-479e-986a-d1444f5dd444', NULL, NULL, NULL, NULL, NULL, NULL, NULL, 'Phạm Chí Công', NULL, NULL, 'M', NULL, NULL, NULL, NULL, NULL, NULL, NULL, NULL, NULL, NULL, NULL, NULL, NULL, NULL, NULL, NULL, NULL, NULL, 2),
	('858c40c8-37f3-4290-80a5-82161902adad', '2020-08-04 09:33:15', 'dangnh', 'dangnh', '2020-08-04 10:57:25', 'a220744d-393e-4a0d-a85a-60c990525fed', NULL, NULL, NULL, NULL, NULL, NULL, NULL, 'Nguyễn Hải Đăng', NULL, NULL, 'M', NULL, NULL, NULL, '/public/file/downloadbyid/2e0d99c3-a334-4407-9510-cf3c9b5bd675', NULL, NULL, NULL, NULL, NULL, NULL, NULL, NULL, NULL, NULL, NULL, NULL, NULL, NULL, 3),
	('fe0a0300-ee7c-4e3c-ad92-372031ecc959', '2020-08-14 08:40:37', 'admin', 'admin', '2020-08-14 08:40:37', '0db9b63a-18ff-4dff-8499-26de2cf09560', NULL, NULL, NULL, NULL, NULL, NULL, NULL, 'Nguyen Hai Dang', NULL, NULL, 'M', NULL, NULL, NULL, NULL, NULL, NULL, NULL, NULL, NULL, NULL, NULL, NULL, NULL, NULL, NULL, NULL, NULL, NULL, 5),
	('add9398c-1dd7-442c-b1ec-24776b4e49a0', '2020-08-15 05:36:46', 'admin', NULL, '2020-08-15 05:36:46', 'bc2daf49-a760-4d4f-b97a-47f7b9abfff0', NULL, 'test2@gmail.com', NULL, NULL, NULL, NULL, NULL, 'Nguyễn Hải Đăng', NULL, NULL, NULL, NULL, NULL, NULL, NULL, NULL, NULL, NULL, '0363494040', NULL, NULL, NULL, NULL, NULL, NULL, NULL, NULL, NULL, NULL, 253);
/*!40000 ALTER TABLE `tbl_person` ENABLE KEYS */;

-- Dumping structure for table eqa.tbl_person_address
CREATE TABLE IF NOT EXISTS `tbl_person_address` (
  `id` varchar(255) NOT NULL,
  `create_date` datetime NOT NULL,
  `created_by` varchar(100) NOT NULL,
  `modified_by` varchar(100) DEFAULT NULL,
  `modify_date` datetime DEFAULT NULL,
  `uuid_key` varchar(255) DEFAULT NULL,
  `voided` bit(1) DEFAULT NULL,
  `address` varchar(255) DEFAULT NULL,
  `address1` varchar(255) DEFAULT NULL,
  `city` varchar(255) DEFAULT NULL,
  `country` varchar(255) DEFAULT NULL,
  `latitude` varchar(255) DEFAULT NULL,
  `longitude` varchar(255) DEFAULT NULL,
  `postal_code` varchar(255) DEFAULT NULL,
  `province` varchar(255) DEFAULT NULL,
  `type` int(11) DEFAULT NULL,
  `person_id` varchar(255) DEFAULT NULL,
  PRIMARY KEY (`id`),
  KEY `FKlaf7qanusfcaoghct8ardcy3i` (`person_id`)
) ENGINE=MyISAM DEFAULT CHARSET=utf8;

-- Dumping data for table eqa.tbl_person_address: 0 rows
/*!40000 ALTER TABLE `tbl_person_address` DISABLE KEYS */;
/*!40000 ALTER TABLE `tbl_person_address` ENABLE KEYS */;

-- Dumping structure for table eqa.tbl_profession
CREATE TABLE IF NOT EXISTS `tbl_profession` (
  `id` varchar(255) NOT NULL,
  `create_date` datetime NOT NULL,
  `created_by` varchar(100) NOT NULL,
  `modified_by` varchar(100) DEFAULT NULL,
  `modify_date` datetime DEFAULT NULL,
  `uuid_key` varchar(255) DEFAULT NULL,
  `voided` bit(1) DEFAULT NULL,
  `code` varchar(255) DEFAULT NULL,
  `description` varchar(255) DEFAULT NULL,
  `name` varchar(255) DEFAULT NULL,
  PRIMARY KEY (`id`)
) ENGINE=MyISAM DEFAULT CHARSET=utf8;

-- Dumping data for table eqa.tbl_profession: 0 rows
/*!40000 ALTER TABLE `tbl_profession` DISABLE KEYS */;
/*!40000 ALTER TABLE `tbl_profession` ENABLE KEYS */;

-- Dumping structure for table eqa.tbl_religion
CREATE TABLE IF NOT EXISTS `tbl_religion` (
  `id` varchar(255) NOT NULL,
  `create_date` datetime NOT NULL,
  `created_by` varchar(100) NOT NULL,
  `modified_by` varchar(100) DEFAULT NULL,
  `modify_date` datetime DEFAULT NULL,
  `uuid_key` varchar(255) DEFAULT NULL,
  `voided` bit(1) DEFAULT NULL,
  `code` varchar(255) DEFAULT NULL,
  `description` varchar(255) DEFAULT NULL,
  `name` varchar(255) DEFAULT NULL,
  PRIMARY KEY (`id`)
) ENGINE=MyISAM DEFAULT CHARSET=utf8;

-- Dumping data for table eqa.tbl_religion: 0 rows
/*!40000 ALTER TABLE `tbl_religion` DISABLE KEYS */;
/*!40000 ALTER TABLE `tbl_religion` ENABLE KEYS */;

-- Dumping structure for table eqa.tbl_reward
CREATE TABLE IF NOT EXISTS `tbl_reward` (
  `id` varchar(255) NOT NULL,
  `create_date` datetime NOT NULL,
  `created_by` varchar(100) NOT NULL,
  `modified_by` varchar(100) DEFAULT NULL,
  `modify_date` datetime DEFAULT NULL,
  `uuid_key` varchar(255) DEFAULT NULL,
  `voided` bit(1) DEFAULT NULL,
  `code` varchar(255) DEFAULT NULL,
  `description` varchar(255) DEFAULT NULL,
  `name` varchar(255) DEFAULT NULL,
  PRIMARY KEY (`id`)
) ENGINE=MyISAM DEFAULT CHARSET=utf8;

-- Dumping data for table eqa.tbl_reward: 0 rows
/*!40000 ALTER TABLE `tbl_reward` DISABLE KEYS */;
/*!40000 ALTER TABLE `tbl_reward` ENABLE KEYS */;

-- Dumping structure for table eqa.tbl_role
CREATE TABLE IF NOT EXISTS `tbl_role` (
  `id` bigint(20) NOT NULL AUTO_INCREMENT,
  `create_date` datetime NOT NULL,
  `created_by` varchar(100) NOT NULL,
  `modified_by` varchar(100) DEFAULT NULL,
  `modify_date` datetime DEFAULT NULL,
  `role_description` varchar(512) DEFAULT NULL,
  `role_name` varchar(150) NOT NULL,
  PRIMARY KEY (`id`)
) ENGINE=MyISAM AUTO_INCREMENT=4 DEFAULT CHARSET=utf8;

-- Dumping data for table eqa.tbl_role: 3 rows
/*!40000 ALTER TABLE `tbl_role` DISABLE KEYS */;
INSERT INTO `tbl_role` (`id`, `create_date`, `created_by`, `modified_by`, `modify_date`, `role_description`, `role_name`) VALUES
	(1, '2020-05-26 03:50:08', 'admin', NULL, '2020-05-26 03:50:08', NULL, 'ROLE_ADMIN'),
	(2, '2020-05-26 03:50:08', 'admin', NULL, '2020-05-26 03:50:08', NULL, 'ROLE_USER'),
	(3, '2020-08-14 15:39:57', 'admin', 'admin', '2020-08-14 15:40:04', 'ROLE_HEALTH_ORG', 'ROLE_HEALTH_ORG');
/*!40000 ALTER TABLE `tbl_role` ENABLE KEYS */;

-- Dumping structure for table eqa.tbl_room
CREATE TABLE IF NOT EXISTS `tbl_room` (
  `id` varchar(255) NOT NULL,
  `create_date` datetime NOT NULL,
  `created_by` varchar(100) NOT NULL,
  `modified_by` varchar(100) DEFAULT NULL,
  `modify_date` datetime DEFAULT NULL,
  `uuid_key` varchar(255) DEFAULT NULL,
  `voided` bit(1) DEFAULT NULL,
  `capacity` int(11) DEFAULT NULL,
  `code` varchar(255) DEFAULT NULL,
  `exam_capacity` int(11) DEFAULT NULL,
  `name` varchar(255) DEFAULT NULL,
  `building_id` varchar(255) DEFAULT NULL,
  PRIMARY KEY (`id`),
  KEY `FK9av3gw7gecs4jdb2i7k0one2r` (`building_id`)
) ENGINE=MyISAM DEFAULT CHARSET=utf8;

-- Dumping data for table eqa.tbl_room: 0 rows
/*!40000 ALTER TABLE `tbl_room` DISABLE KEYS */;
/*!40000 ALTER TABLE `tbl_room` ENABLE KEYS */;

-- Dumping structure for table eqa.tbl_social_class
CREATE TABLE IF NOT EXISTS `tbl_social_class` (
  `id` varchar(255) NOT NULL,
  `create_date` datetime NOT NULL,
  `created_by` varchar(100) NOT NULL,
  `modified_by` varchar(100) DEFAULT NULL,
  `modify_date` datetime DEFAULT NULL,
  `uuid_key` varchar(255) DEFAULT NULL,
  `voided` bit(1) DEFAULT NULL,
  `code` varchar(255) DEFAULT NULL,
  `name` varchar(255) DEFAULT NULL,
  PRIMARY KEY (`id`)
) ENGINE=MyISAM DEFAULT CHARSET=utf8;

-- Dumping data for table eqa.tbl_social_class: 0 rows
/*!40000 ALTER TABLE `tbl_social_class` DISABLE KEYS */;
/*!40000 ALTER TABLE `tbl_social_class` ENABLE KEYS */;

-- Dumping structure for table eqa.tbl_social_priority
CREATE TABLE IF NOT EXISTS `tbl_social_priority` (
  `id` varchar(255) NOT NULL,
  `create_date` datetime NOT NULL,
  `created_by` varchar(100) NOT NULL,
  `modified_by` varchar(100) DEFAULT NULL,
  `modify_date` datetime DEFAULT NULL,
  `uuid_key` varchar(255) DEFAULT NULL,
  `voided` bit(1) DEFAULT NULL,
  `code` varchar(255) DEFAULT NULL,
  `name` varchar(255) DEFAULT NULL,
  PRIMARY KEY (`id`)
) ENGINE=MyISAM DEFAULT CHARSET=utf8;

-- Dumping data for table eqa.tbl_social_priority: 0 rows
/*!40000 ALTER TABLE `tbl_social_priority` DISABLE KEYS */;
/*!40000 ALTER TABLE `tbl_social_priority` ENABLE KEYS */;

-- Dumping structure for table eqa.tbl_status
CREATE TABLE IF NOT EXISTS `tbl_status` (
  `id` varchar(255) NOT NULL,
  `create_date` datetime NOT NULL,
  `created_by` varchar(100) NOT NULL,
  `modified_by` varchar(100) DEFAULT NULL,
  `modify_date` datetime DEFAULT NULL,
  `uuid_key` varchar(255) DEFAULT NULL,
  `voided` bit(1) DEFAULT NULL,
  `code` varchar(255) DEFAULT NULL,
  `name` varchar(255) DEFAULT NULL,
  PRIMARY KEY (`id`)
) ENGINE=MyISAM DEFAULT CHARSET=utf8;

-- Dumping data for table eqa.tbl_status: 0 rows
/*!40000 ALTER TABLE `tbl_status` DISABLE KEYS */;
/*!40000 ALTER TABLE `tbl_status` ENABLE KEYS */;

-- Dumping structure for table eqa.tbl_training_base
CREATE TABLE IF NOT EXISTS `tbl_training_base` (
  `id` varchar(255) NOT NULL,
  `create_date` datetime NOT NULL,
  `created_by` varchar(100) NOT NULL,
  `modified_by` varchar(100) DEFAULT NULL,
  `modify_date` datetime DEFAULT NULL,
  `uuid_key` varchar(255) DEFAULT NULL,
  `voided` bit(1) DEFAULT NULL,
  `address` varchar(255) DEFAULT NULL,
  `code` varchar(255) DEFAULT NULL,
  `description` varchar(255) DEFAULT NULL,
  `name` varchar(255) DEFAULT NULL,
  `testDate` datetime DEFAULT NULL,
  PRIMARY KEY (`id`)
) ENGINE=MyISAM DEFAULT CHARSET=utf8;

-- Dumping data for table eqa.tbl_training_base: 0 rows
/*!40000 ALTER TABLE `tbl_training_base` DISABLE KEYS */;
/*!40000 ALTER TABLE `tbl_training_base` ENABLE KEYS */;

-- Dumping structure for table eqa.tbl_user
CREATE TABLE IF NOT EXISTS `tbl_user` (
  `id` bigint(20) NOT NULL AUTO_INCREMENT,
  `create_date` datetime NOT NULL,
  `created_by` varchar(100) NOT NULL,
  `modified_by` varchar(100) DEFAULT NULL,
  `modify_date` datetime DEFAULT NULL,
  `account_non_expired` bit(1) DEFAULT NULL,
  `account_non_locked` bit(1) DEFAULT NULL,
  `active` bit(1) NOT NULL,
  `credentials_non_expired` bit(1) DEFAULT NULL,
  `email` varchar(150) DEFAULT NULL,
  `just_created` bit(1) NOT NULL,
  `last_login_failures` bigint(20) DEFAULT NULL,
  `last_login_time` datetime DEFAULT NULL,
  `password` varchar(255) NOT NULL,
  `total_login_failures` bigint(20) DEFAULT NULL,
  `username` varchar(100) NOT NULL,
  PRIMARY KEY (`id`),
  UNIQUE KEY `UK_k0bty7tbcye41jpxam88q5kj2` (`username`)
) ENGINE=MyISAM AUTO_INCREMENT=254 DEFAULT CHARSET=utf8;

-- Dumping data for table eqa.tbl_user: 5 rows
/*!40000 ALTER TABLE `tbl_user` DISABLE KEYS */;
INSERT INTO `tbl_user` (`id`, `create_date`, `created_by`, `modified_by`, `modify_date`, `account_non_expired`, `account_non_locked`, `active`, `credentials_non_expired`, `email`, `just_created`, `last_login_failures`, `last_login_time`, `password`, `total_login_failures`, `username`) VALUES
	(1, '2020-05-26 03:50:08', 'admin', NULL, '2020-05-26 03:50:08', b'1', b'1', b'1', b'1', 'admin@globits.net', b'1', NULL, NULL, '$2a$10$DfVt.pQVh1zxK80Ee7WvuO1xMdcUVJ8iyP4txmov0crL2yGIj4eXa', NULL, 'admin'),
	(2, '2020-06-22 03:29:32', 'admin', 'admin', '2020-06-22 03:29:32', b'1', b'1', b'1', b'1', 'phamchicong1702@gmail.com', b'1', NULL, NULL, '$2a$10$tVQIv7Qe.Py1AmG7/DkOSOnu97bMqROrYH13Ild.tXE7DQp.DxS.e', NULL, 'congpc'),
	(3, '2020-08-04 09:33:15', 'admin', 'admin', '2020-08-04 09:33:15', b'1', b'1', b'1', b'1', 'dangnh@globits.net', b'1', NULL, NULL, '$2a$10$TxNq1PkdbhrDVKuTVO1nHOCF.hbZtJwgKyBaIOJ/jZO5qZM9wOWXC', NULL, 'dangnh'),
	(4, '2020-08-14 08:37:26', 'admin', 'admin', '2020-08-15 03:05:43', b'1', b'1', b'1', b'1', '91.haidang.nguyen@gmail.com', b'1', NULL, NULL, '$2a$10$6zfLKzzJ73wQ/yIY9OprhewE2iXL62i0fBsh5fMECLVW6RgEQzPdm', NULL, '91.haidang.nguyen@gmail.com'),
	(5, '2020-08-14 08:37:50', 'admin', 'admin', '2020-08-14 08:40:37', b'1', b'1', b'1', b'1', 'dangnh@gmail.com', b'1', NULL, NULL, '$2a$10$SuOj27PIXVY5cje1urVQFejxiHe5rLGmBHDLBSFwBSeH9DpHBe87.', NULL, 'dangnh@gmail.com'),
	(6, '2020-08-15 03:05:06', 'admin', 'admin', '2020-08-15 03:05:06', b'1', b'1', b'1', b'1', NULL, b'1', NULL, NULL, '$2a$10$q.3L1xMdUmr0lP1.Le4jv.FuLR4qiQ5LTsLObk8Wa8HQfzhXbmDmq', NULL, 'bvdkkvcangiuoc@gmail.com'),
	(7, '2020-08-15 03:05:06', 'admin', 'admin', '2020-08-15 03:05:06', b'1', b'1', b'1', b'1', NULL, b'1', NULL, NULL, '$2a$10$Ix5szjAt4WU23yXFs88wbuV3YZEVXYGqO574JgVGaFclvzJh0cxve', NULL, 'S-0043'),
	(8, '2020-08-15 03:05:06', 'admin', 'admin', '2020-08-15 03:05:06', b'1', b'1', b'1', b'1', NULL, b'1', NULL, NULL, '$2a$10$HOhQSxxeRSXU.S9YL9zr/eoRT7.kVOd25Sr9qbfO4VBioiPTE3J.W', NULL, 'binh@gmail.com'),
	(9, '2020-08-15 03:05:07', 'admin', 'admin', '2020-08-15 03:05:07', b'1', b'1', b'1', b'1', NULL, b'1', NULL, NULL, '$2a$10$LsHoE2Gnua2PN5sm5h0FDuzjmLk5ecT/o2KCl5q4Lp4FvNFgWMcDu', NULL, 'S-0003'),
	(10, '2020-08-15 03:05:07', 'admin', 'admin', '2020-08-15 03:05:07', b'1', b'1', b'1', b'1', NULL, b'1', NULL, NULL, '$2a$10$AXhIyOQWVo4KsFr1ZlRX9.MsvTHENZBOSowtr7nQ3G9SVxSp1SNbK', NULL, 'S-0171'),
	(11, '2020-08-15 03:05:07', 'admin', 'admin', '2020-08-15 03:05:07', b'1', b'1', b'1', b'1', NULL, b'1', NULL, NULL, '$2a$10$fxoedmgckN2I6C/Z/AYdH.E0j/101.93RCRH32xgxo5ZGSkndO0DG', NULL, 'S-0179'),
	(12, '2020-08-15 03:05:07', 'admin', 'admin', '2020-08-15 03:05:07', b'1', b'1', b'1', b'1', NULL, b'1', NULL, NULL, '$2a$10$crBqJBFf8Gf/T5PKZEBuYen1W/ZbOOyZZlt0ZtRf9NMi/CLFG55EO', NULL, 'S-0161'),
	(13, '2020-08-15 03:05:07', 'admin', 'admin', '2020-08-15 03:05:07', b'1', b'1', b'1', b'1', NULL, b'1', NULL, NULL, '$2a$10$J172LLcWnreFL28Ko1kULexNGbwr3OYI9BV8aL5lVIkgpflX/HrXm', NULL, 'S-0174'),
	(14, '2020-08-15 03:05:08', 'admin', 'admin', '2020-08-15 03:05:08', b'1', b'1', b'1', b'1', NULL, b'1', NULL, NULL, '$2a$10$tU4Dri5ESwKHosfKeBRhEedFiKsAXfOijfaCn.3dOKth6lKgqn4oy', NULL, 'S-0097'),
	(15, '2020-08-15 03:05:08', 'admin', 'admin', '2020-08-15 03:05:08', b'1', b'1', b'1', b'1', NULL, b'1', NULL, NULL, '$2a$10$sBER5BwwG5aG1sOTbpt6Su9Xnmq25PR96hyGRJNdAavRf6bWg8c5u', NULL, 'S-0176'),
	(16, '2020-08-15 03:05:08', 'admin', 'admin', '2020-08-15 03:05:08', b'1', b'1', b'1', b'1', NULL, b'1', NULL, NULL, '$2a$10$1pAJ5OXNbmly888HAQttlefwnW7dkNeV32Ih.gIU7wfXUHhNXKRoy', NULL, 'S-0166'),
	(17, '2020-08-15 03:05:08', 'admin', 'admin', '2020-08-15 03:05:08', b'1', b'1', b'1', b'1', NULL, b'1', NULL, NULL, '$2a$10$oyxCd7D4pI3tnc8Yxk2gruIkus5l3eoTkTmfYpBS24CfnDQwnICHK', NULL, 'S-0221'),
	(18, '2020-08-15 03:05:08', 'admin', 'admin', '2020-08-15 03:05:08', b'1', b'1', b'1', b'1', NULL, b'1', NULL, NULL, '$2a$10$GdUsSoiWbd1A81RxIskICuFOOV3RnBAhrbEIVhPzz2.p9rFw7hBsu', NULL, 'S-0227'),
	(19, '2020-08-15 03:05:08', 'admin', 'admin', '2020-08-15 03:05:08', b'1', b'1', b'1', b'1', NULL, b'1', NULL, NULL, '$2a$10$Bcc01DHszi.3/biRcZcaOOYS.gRzHjkHde0sZj5v9I29oiYxERH4C', NULL, 'S-0231'),
	(20, '2020-08-15 03:05:09', 'admin', 'admin', '2020-08-15 03:05:09', b'1', b'1', b'1', b'1', NULL, b'1', NULL, NULL, '$2a$10$NC0VGCwZVZZPRQmvzlacselzNPqRu1JdLG34Md2hYhQqxVld16efi', NULL, 'S-0106'),
	(21, '2020-08-15 03:05:09', 'admin', 'admin', '2020-08-15 03:05:09', b'1', b'1', b'1', b'1', NULL, b'1', NULL, NULL, '$2a$10$HBeyi7ryhGISuLn5.kVjPOjEzYgzRBjj..7Kbc/LgOjcV/.BSTUkC', NULL, 'S-0130'),
	(22, '2020-08-15 03:05:09', 'admin', 'admin', '2020-08-15 03:05:09', b'1', b'1', b'1', b'1', NULL, b'1', NULL, NULL, '$2a$10$AGYwRTxi7a96vsavqU4g0.WYF.Nz56eaa/JZpHwUy59GwHeAqKcWS', NULL, 'S-0021'),
	(23, '2020-08-15 03:05:09', 'admin', 'admin', '2020-08-15 03:05:09', b'1', b'1', b'1', b'1', NULL, b'1', NULL, NULL, '$2a$10$s.UpXfOwXzUZpkg81VjIgeWkc8mRjT9KacJNT7k6gm/EcCg5wzO/u', NULL, 'S-0030'),
	(24, '2020-08-15 03:05:09', 'admin', 'admin', '2020-08-15 03:05:09', b'1', b'1', b'1', b'1', NULL, b'1', NULL, NULL, '$2a$10$A6rfBVhFv8k5fA0AWyQ/SO6bcor40Nwd1A5X3Gc0zKB1j6htEtJHW', NULL, 'S-0158'),
	(25, '2020-08-15 03:05:10', 'admin', 'admin', '2020-08-15 03:05:10', b'1', b'1', b'1', b'1', NULL, b'1', NULL, NULL, '$2a$10$DmIjo1tvnpw1Lv2cAqckXOhbXtaDtX77Su9t5oUBZ59SCgDQrCQDq', NULL, 'S-0082'),
	(26, '2020-08-15 03:05:10', 'admin', 'admin', '2020-08-15 03:05:10', b'1', b'1', b'1', b'1', NULL, b'1', NULL, NULL, '$2a$10$k5wnayRvy/u22JVNCRHlrOJK334hbx8Y9Bv.uWXJGlTumv6xy8ala', NULL, 'S-0113'),
	(27, '2020-08-15 03:05:10', 'admin', 'admin', '2020-08-15 03:05:10', b'1', b'1', b'1', b'1', NULL, b'1', NULL, NULL, '$2a$10$.h9s3mo1qlFA7Ribzn8zXuQgwLxUTMZgI1XpkyU/bUADixQwheJfS', NULL, 'S-0028'),
	(28, '2020-08-15 03:05:10', 'admin', 'admin', '2020-08-15 03:05:10', b'1', b'1', b'1', b'1', NULL, b'1', NULL, NULL, '$2a$10$X7TZVPA9i63IaxeiJZlx0OoDTcNHtol58f5i5CJQVPwscM1vuagmu', NULL, 'S-0226'),
	(29, '2020-08-15 03:05:10', 'admin', 'admin', '2020-08-15 03:05:10', b'1', b'1', b'1', b'1', NULL, b'1', NULL, NULL, '$2a$10$wFRL3psrjbTzIqgE1FwmEO0cPnYOBC3j11w2KQVGpqsWWi7Skyfp2', NULL, 'S-0156'),
	(30, '2020-08-15 03:05:11', 'admin', 'admin', '2020-08-15 03:05:11', b'1', b'1', b'1', b'1', NULL, b'1', NULL, NULL, '$2a$10$ejpVW2.NCTxdOIVsussFaOlN/wlfhkRgiVIq40fG3OCkt1g5F.MMK', NULL, 'S-0089'),
	(31, '2020-08-15 03:05:11', 'admin', 'admin', '2020-08-15 03:05:11', b'1', b'1', b'1', b'1', NULL, b'1', NULL, NULL, '$2a$10$FBOSxIK9FCQHIwY0cIvZ5.hZIbJl4m2Ispvfof3jOe3YGGSz3blo6', NULL, 'S-0118'),
	(32, '2020-08-15 03:05:11', 'admin', 'admin', '2020-08-15 03:05:11', b'1', b'1', b'1', b'1', NULL, b'1', NULL, NULL, '$2a$10$rLh684V3duP1UfcUqIl8Fu/1Q3V/OjLda82x.x4JPvMzJ3YjcY11a', NULL, 'S-0139'),
	(33, '2020-08-15 03:05:11', 'admin', 'admin', '2020-08-15 03:05:11', b'1', b'1', b'1', b'1', NULL, b'1', NULL, NULL, '$2a$10$SKSMhZTpaI4FRVndTU1Z9eRW2vYe21NQC3QQoSa8dcyMDDlLTqwfO', NULL, 'S-0032'),
	(34, '2020-08-15 03:05:12', 'admin', 'admin', '2020-08-15 03:05:12', b'1', b'1', b'1', b'1', NULL, b'1', NULL, NULL, '$2a$10$38pLDGBTN1eAR9I8AXOUOO7sR7yzK16.wcqYWAu4Myc/25Y0czdB6', NULL, 'S-0023'),
	(35, '2020-08-15 03:05:12', 'admin', 'admin', '2020-08-15 03:05:12', b'1', b'1', b'1', b'1', NULL, b'1', NULL, NULL, '$2a$10$H3/mD.BZoZhx7An4pLZcdOB0NVCb83WbVHAAPOIdPvH/zVuisOnVS', NULL, 'S-0187'),
	(36, '2020-08-15 03:05:12', 'admin', 'admin', '2020-08-15 03:05:12', b'1', b'1', b'1', b'1', NULL, b'1', NULL, NULL, '$2a$10$agQbcmJVdg4YJCxILZs0N.wT.VCOuc.Dg/.3S7npHPxjaxs6U9DBm', NULL, 'S-0213'),
	(37, '2020-08-15 03:05:12', 'admin', 'admin', '2020-08-15 03:05:12', b'1', b'1', b'1', b'1', NULL, b'1', NULL, NULL, '$2a$10$HDCYVGCYnEvzrLWafl1PGOjn/C0ehVmNfH3nd81.o3qCojHRNSOJy', NULL, 'S-0107'),
	(38, '2020-08-15 03:05:12', 'admin', 'admin', '2020-08-15 03:05:12', b'1', b'1', b'1', b'1', NULL, b'1', NULL, NULL, '$2a$10$hNEPy2ASSAenMloqEkBxmuBDs.HCQoloMy2XSEPl9f6w8PxI9c22O', NULL, 'S-0084'),
	(39, '2020-08-15 03:05:12', 'admin', 'admin', '2020-08-15 03:05:12', b'1', b'1', b'1', b'1', NULL, b'1', NULL, NULL, '$2a$10$xzKWEW3m/pygIYzunm8NXeoDNliGPT7SJQ3KpxXIuPURDBOGEw4X6', NULL, 'S-0131'),
	(40, '2020-08-15 03:05:13', 'admin', 'admin', '2020-08-15 03:05:13', b'1', b'1', b'1', b'1', NULL, b'1', NULL, NULL, '$2a$10$Thxf9.CF0oE/axs2.ynCzux9SOB1iYg4YbobDURxdBJaXnuaDki9a', NULL, 'S-0014'),
	(41, '2020-08-15 03:05:13', 'admin', 'admin', '2020-08-15 03:05:13', b'1', b'1', b'1', b'1', NULL, b'1', NULL, NULL, '$2a$10$YJKQQubCZYXhYlMZGQGGd.y3MtWzPNUndkTbCxv64OhEHXYnE.Xva', NULL, 'S-0243'),
	(42, '2020-08-15 03:05:13', 'admin', 'admin', '2020-08-15 03:05:13', b'1', b'1', b'1', b'1', NULL, b'1', NULL, NULL, '$2a$10$T/qcEvcj6NRiHxc3MOzQteSZjguz/vAGYnpsRhcYTREx3HJYLC2tK', NULL, 'S-0209'),
	(43, '2020-08-15 03:05:13', 'admin', 'admin', '2020-08-15 03:05:13', b'1', b'1', b'1', b'1', NULL, b'1', NULL, NULL, '$2a$10$3fkAOUwtxOCh6sm011C85e1JvO6nB2V5bJJ4.SnilwCZx8ep/UPsC', NULL, 'S-0081'),
	(44, '2020-08-15 03:05:13', 'admin', 'admin', '2020-08-15 03:05:13', b'1', b'1', b'1', b'1', NULL, b'1', NULL, NULL, '$2a$10$bp0FRuXP6yGBrkomtVCrZuuP0FdDK8YuY4tlVfs1YS0okUH/IBNXG', NULL, 'S-0053'),
	(45, '2020-08-15 03:05:14', 'admin', 'admin', '2020-08-15 03:05:14', b'1', b'1', b'1', b'1', NULL, b'1', NULL, NULL, '$2a$10$.enZO303CMz.UnBGNZOiduTgp2Nt7V6h7TTOSW9h8xc8Rb7N8pkKy', NULL, 'S-0035'),
	(46, '2020-08-15 03:05:14', 'admin', 'admin', '2020-08-15 03:05:14', b'1', b'1', b'1', b'1', NULL, b'1', NULL, NULL, '$2a$10$kQtUKx6CzLFvNEcGVZIh9u9cwmClQR6LV4J/8fIgXLwzT6vZvtfhO', NULL, 'S-0045'),
	(47, '2020-08-15 03:05:14', 'admin', 'admin', '2020-08-15 03:05:14', b'1', b'1', b'1', b'1', NULL, b'1', NULL, NULL, '$2a$10$oD9HYX/0s4cffJUMKsJiueThn0zJbSBgqqYgJwBbaK7Dl9fw7CX0S', NULL, 'S-0062'),
	(48, '2020-08-15 03:05:14', 'admin', 'admin', '2020-08-15 03:05:14', b'1', b'1', b'1', b'1', NULL, b'1', NULL, NULL, '$2a$10$EQOUDzzxKqF3EoAa.8RWDu1tO8y7excont9O9oOJjIUPebsYMP19e', NULL, 'S-0114'),
	(49, '2020-08-15 03:05:14', 'admin', 'admin', '2020-08-15 03:05:14', b'1', b'1', b'1', b'1', NULL, b'1', NULL, NULL, '$2a$10$s.VNsgNTn.ul3dfFdOjlw.DkPacUVcEH7YD1fBh97.QcfYSLpfYwu', NULL, 'S-0036'),
	(50, '2020-08-15 03:05:14', 'admin', 'admin', '2020-08-15 03:05:14', b'1', b'1', b'1', b'1', NULL, b'1', NULL, NULL, '$2a$10$Jger1tr245tk03IMTcZ1C.GCLUZcsdR9fHUb1/DIruCIeLAvowYVG', NULL, 'S-0056'),
	(51, '2020-08-15 03:05:15', 'admin', 'admin', '2020-08-15 03:05:15', b'1', b'1', b'1', b'1', NULL, b'1', NULL, NULL, '$2a$10$RfyTEDy9TGaA0CumY0/5u.eG2vfnnGrPeeo6GhFQRsLwSE1WUSRYu', NULL, 'S-0132'),
	(52, '2020-08-15 03:05:15', 'admin', 'admin', '2020-08-15 03:05:15', b'1', b'1', b'1', b'1', NULL, b'1', NULL, NULL, '$2a$10$bZnvQMJBPWwNqQLZRBAkyuU6.FIdHfCwPNtrqBwR8ySF1z80AzS3m', NULL, 'S-0104'),
	(53, '2020-08-15 03:05:15', 'admin', 'admin', '2020-08-15 03:05:15', b'1', b'1', b'1', b'1', NULL, b'1', NULL, NULL, '$2a$10$15eX6Kr7zTVzOIQnXF0F6.CGkDydpmdGJr2aTifM5Cg8Z4MH6VvRm', NULL, 'S-0141'),
	(54, '2020-08-15 03:05:15', 'admin', 'admin', '2020-08-15 03:05:15', b'1', b'1', b'1', b'1', NULL, b'1', NULL, NULL, '$2a$10$eyHu9Sy3/Z5NeqzDUKY.s./6NyCVKtvj0HFC9Eaqo7ks9f8Gqnctm', NULL, 'S-0245'),
	(55, '2020-08-15 03:05:15', 'admin', 'admin', '2020-08-15 03:05:15', b'1', b'1', b'1', b'1', NULL, b'1', NULL, NULL, '$2a$10$K5RIkzaWZLSBs3fe12rese0pMW.uS.7JEAh6eH9bSQL9iUqzLH1ca', NULL, 'S-0051'),
	(56, '2020-08-15 03:05:15', 'admin', 'admin', '2020-08-15 03:05:15', b'1', b'1', b'1', b'1', NULL, b'1', NULL, NULL, '$2a$10$KVw6FxNd20CdotlCUVWN4e7ET.DF9LbG/IdHrDf6csZg7bnfqafxm', NULL, 'S-0200'),
	(57, '2020-08-15 03:05:15', 'admin', 'admin', '2020-08-15 03:05:15', b'1', b'1', b'1', b'1', NULL, b'1', NULL, NULL, '$2a$10$.GJAnlTnEfdeJFjKuL0Z6eNb2ObTN8Udtc/w13CLTjGY1a3OxyKeW', NULL, 'S-0011'),
	(58, '2020-08-15 03:05:16', 'admin', 'admin', '2020-08-15 03:05:16', b'1', b'1', b'1', b'1', NULL, b'1', NULL, NULL, '$2a$10$dLClmI3I36ptmpGM.ZneL.eqrolyDzsZL8eAr/Dti.urIYhjZutTq', NULL, 'S-0041'),
	(59, '2020-08-15 03:05:16', 'admin', 'admin', '2020-08-15 03:05:16', b'1', b'1', b'1', b'1', NULL, b'1', NULL, NULL, '$2a$10$4YPhIblU.wjM94.lIWWvn.Um8aqxphXB299BIJh2Gulesuip83zZi', NULL, 'S-0185'),
	(60, '2020-08-15 03:05:16', 'admin', 'admin', '2020-08-15 03:05:16', b'1', b'1', b'1', b'1', NULL, b'1', NULL, NULL, '$2a$10$zu.Tf75hXY5laSJCgXsns.IzYTD2mmUuNrhz6PddpBUfZHbmRwcVG', NULL, 'S-0159'),
	(61, '2020-08-15 03:05:16', 'admin', 'admin', '2020-08-15 03:05:16', b'1', b'1', b'1', b'1', NULL, b'1', NULL, NULL, '$2a$10$NLAyZ/6uWNk3VUXUppqMdeWqpB.14gIZzbBE2qrdSTjsfVZprAIY.', NULL, 'S-0038'),
	(62, '2020-08-15 03:05:16', 'admin', 'admin', '2020-08-15 03:05:16', b'1', b'1', b'1', b'1', NULL, b'1', NULL, NULL, '$2a$10$a22ZCpXPHvS1CXWuUGXbFuTUzwM55Ulr4EzzxNzGZY17C5.CBCcJy', NULL, 'S-0128'),
	(63, '2020-08-15 03:05:16', 'admin', 'admin', '2020-08-15 03:05:16', b'1', b'1', b'1', b'1', NULL, b'1', NULL, NULL, '$2a$10$IBWoa0XJk.mz99LK1XD/J.g1MJd4JoH17LsSOg6WJLCE0DwKaI7YS', NULL, 'S-0223'),
	(64, '2020-08-15 03:05:16', 'admin', 'admin', '2020-08-15 03:05:16', b'1', b'1', b'1', b'1', NULL, b'1', NULL, NULL, '$2a$10$xP0FbK51PnsHlxZwrr0ss.8RQalFjshHOjoBfPB8spL2Khqsy9V4.', NULL, 'S-0169'),
	(65, '2020-08-15 03:05:17', 'admin', 'admin', '2020-08-15 03:05:17', b'1', b'1', b'1', b'1', NULL, b'1', NULL, NULL, '$2a$10$ykua6O1P/Ryh661RAB.1j.Z3PnslX64BFZS9R5HwxZOBipPufCoC.', NULL, 'S-0203'),
	(66, '2020-08-15 03:05:17', 'admin', 'admin', '2020-08-15 03:05:17', b'1', b'1', b'1', b'1', NULL, b'1', NULL, NULL, '$2a$10$b1LbiOC9svkvOtRjUzSFmORXP4hZ4sKW6y7G1WGSzxPo0shfLqMgC', NULL, 'S-0042'),
	(67, '2020-08-15 03:05:17', 'admin', 'admin', '2020-08-15 03:05:17', b'1', b'1', b'1', b'1', NULL, b'1', NULL, NULL, '$2a$10$7NxhE0wDoSBQ7UikKW9s3e/BNd2HD8qhCsUKgSFM0gvi4x0hFezpS', NULL, 'S-0230'),
	(68, '2020-08-15 03:05:17', 'admin', 'admin', '2020-08-15 03:05:17', b'1', b'1', b'1', b'1', NULL, b'1', NULL, NULL, '$2a$10$xQUixvdAURMpKX2YpNicquJ2CxDiepRecq9npz02feMG26xgXDl.i', NULL, 'S-0237'),
	(69, '2020-08-15 03:05:17', 'admin', 'admin', '2020-08-15 03:05:17', b'1', b'1', b'1', b'1', NULL, b'1', NULL, NULL, '$2a$10$9Y3Qz2r1abK5HI0T62NEXuCS35qAhnumCCNoklGb32iJgQ635kozu', NULL, 'S-0138'),
	(70, '2020-08-15 03:05:17', 'admin', 'admin', '2020-08-15 03:05:17', b'1', b'1', b'1', b'1', NULL, b'1', NULL, NULL, '$2a$10$KSnrQ5KxjEdeMjVI1Gwise.zG5WsoDoSCClB9Wt6sj5LaKrz8VOV2', NULL, 'S-0065'),
	(71, '2020-08-15 03:05:17', 'admin', 'admin', '2020-08-15 03:05:17', b'1', b'1', b'1', b'1', NULL, b'1', NULL, NULL, '$2a$10$6eMIS8QpOH.8e3bM4pNnOujG9vbZALTGUAifmwB3mwvagdG84o81G', NULL, 'S-0079'),
	(72, '2020-08-15 03:05:18', 'admin', 'admin', '2020-08-15 03:05:18', b'1', b'1', b'1', b'1', NULL, b'1', NULL, NULL, '$2a$10$UNsUVEUNLIGgC1heJBdQ8.040ewg92w334tnp8mqRKiOeP7XZcSs.', NULL, 'S-0172'),
	(73, '2020-08-15 03:05:18', 'admin', 'admin', '2020-08-15 03:05:18', b'1', b'1', b'1', b'1', NULL, b'1', NULL, NULL, '$2a$10$Pc4XQzRllnzfNr7XKf8m4evQ7OjS8xtBMjH0/5hOxJ9KSeG6wUxne', NULL, 'S-0052'),
	(74, '2020-08-15 03:05:18', 'admin', 'admin', '2020-08-15 03:05:18', b'1', b'1', b'1', b'1', NULL, b'1', NULL, NULL, '$2a$10$WmIFqC/G4vtXsh0LIBiGL.oguFzyBkYGqxOORt6Opgnkw84upw0OK', NULL, 'S-0070'),
	(75, '2020-08-15 03:05:18', 'admin', 'admin', '2020-08-15 03:05:18', b'1', b'1', b'1', b'1', NULL, b'1', NULL, NULL, '$2a$10$WIJomXUYu0N1ToLFPzMl9uPnAzX5e3bd62hBReVaWyDcMgFpIsGJe', NULL, 'S-0076'),
	(76, '2020-08-15 03:05:18', 'admin', 'admin', '2020-08-15 03:05:18', b'1', b'1', b'1', b'1', NULL, b'1', NULL, NULL, '$2a$10$n4TYiwDdUzvrzQDKyqO63eGchAjKdATN1U7LXf60dbGZDgjIDRuR.', NULL, 'S-0210'),
	(77, '2020-08-15 03:05:18', 'admin', 'admin', '2020-08-15 03:05:18', b'1', b'1', b'1', b'1', NULL, b'1', NULL, NULL, '$2a$10$hhlFIBi0r5DEN3wWai1kceZrR9u9h8goGi8hg/NdBbgSygiETUdlu', NULL, 'S-0055'),
	(78, '2020-08-15 03:05:18', 'admin', 'admin', '2020-08-15 03:05:18', b'1', b'1', b'1', b'1', NULL, b'1', NULL, NULL, '$2a$10$X7LbOBxHJ/pncjGUA0ZtDeOWNcna3iXwMNzp05gZVg0aTJFCYgkI2', NULL, 'S-0088'),
	(79, '2020-08-15 03:05:19', 'admin', 'admin', '2020-08-15 03:05:19', b'1', b'1', b'1', b'1', NULL, b'1', NULL, NULL, '$2a$10$.aHGdqP9fClo/DiI/ACB2OBU/JEh7U4ns.kyaJoS1/InXJSeu/OuG', NULL, 'S-0136'),
	(80, '2020-08-15 03:05:19', 'admin', 'admin', '2020-08-15 03:05:19', b'1', b'1', b'1', b'1', NULL, b'1', NULL, NULL, '$2a$10$9nff4QljUD4qqXT7uMB/9.Di.rbGZf8ZmZw8d0aikddb6EK1hPc8O', NULL, 'S-0012'),
	(81, '2020-08-15 03:05:19', 'admin', 'admin', '2020-08-15 03:05:19', b'1', b'1', b'1', b'1', NULL, b'1', NULL, NULL, '$2a$10$DrjlEzDzWyCDsEQLcPn0yOs7OizmYu3Pc2k0qwGc6sahBx/NQ0fOS', NULL, 'S-0140'),
	(82, '2020-08-15 03:05:19', 'admin', 'admin', '2020-08-15 03:05:19', b'1', b'1', b'1', b'1', NULL, b'1', NULL, NULL, '$2a$10$p.Q8dBp2PqjlnGimQ4ChYOeUmtKI6wT1qNUnnqjWavfrvB4WkxMt6', NULL, 'S-0224'),
	(83, '2020-08-15 03:05:19', 'admin', 'admin', '2020-08-15 03:05:19', b'1', b'1', b'1', b'1', NULL, b'1', NULL, NULL, '$2a$10$siR/u.2nbkAp9bv.q9S8Qe2zyKukxOmu1vSsnx2kuDu5bJot2et16', NULL, 'S-0236'),
	(84, '2020-08-15 03:05:19', 'admin', 'admin', '2020-08-15 03:05:19', b'1', b'1', b'1', b'1', NULL, b'1', NULL, NULL, '$2a$10$Vc16rJhxIa4ayddoxOH.1.gwFovQp/.bs3mC0pcRUviB12QouefgO', NULL, 'S-0073'),
	(85, '2020-08-15 03:05:19', 'admin', 'admin', '2020-08-15 03:05:19', b'1', b'1', b'1', b'1', NULL, b'1', NULL, NULL, '$2a$10$fQsda2Ham811EF0vAhhmH.uH96N5iKKObHvoCS695zKOx9bx8Z.5S', NULL, 'S-0217'),
	(86, '2020-08-15 03:05:20', 'admin', 'admin', '2020-08-15 03:05:20', b'1', b'1', b'1', b'1', NULL, b'1', NULL, NULL, '$2a$10$lG1IUyE3NNW./ev1sc7G..hBR0.8qcPQ7xAOExKz1g5jBtuZyqDvy', NULL, 'S-0202'),
	(87, '2020-08-15 03:05:20', 'admin', 'admin', '2020-08-15 03:05:20', b'1', b'1', b'1', b'1', NULL, b'1', NULL, NULL, '$2a$10$gC8PWTuNo3p3rQSs98LyFuWNHp.6IvgFEdLhdtRAKFIOK3jXfvujS', NULL, 'S-0010'),
	(88, '2020-08-15 03:05:20', 'admin', 'admin', '2020-08-15 03:05:20', b'1', b'1', b'1', b'1', NULL, b'1', NULL, NULL, '$2a$10$8biO/0Jej/z5wYIDsPFheODtsL6TLX4OAB6VijnWwQcv1LiPrFzdO', NULL, 'S-0154'),
	(89, '2020-08-15 03:05:20', 'admin', 'admin', '2020-08-15 03:05:20', b'1', b'1', b'1', b'1', NULL, b'1', NULL, NULL, '$2a$10$2XDh87zZKQ/qx6uMOf9xb.Z/AijIzmq7FonckXAx3UmfE/AVd8ufa', NULL, 'S-0083'),
	(90, '2020-08-15 03:05:20', 'admin', 'admin', '2020-08-15 03:05:20', b'1', b'1', b'1', b'1', NULL, b'1', NULL, NULL, '$2a$10$3V8iEMHra73RTqSuBrV4I.MgiGR6xkqNJie9zkZ4lhKsVThVx/adS', NULL, 'S-0013'),
	(91, '2020-08-15 03:05:20', 'admin', 'admin', '2020-08-15 03:05:20', b'1', b'1', b'1', b'1', NULL, b'1', NULL, NULL, '$2a$10$CQGbjiWcHLJ1T4YIMiVgZeJR5qLWXFOk3/okb4GqEXVUl6QKKLduu', NULL, 'S-0124'),
	(92, '2020-08-15 03:05:20', 'admin', 'admin', '2020-08-15 03:05:20', b'1', b'1', b'1', b'1', NULL, b'1', NULL, NULL, '$2a$10$szEs4f4Z6V9cjzxC.Z6C/ub57yocH5rDpSS3Og5XFFPDePt.VB5pm', NULL, 'S-0020'),
	(93, '2020-08-15 03:05:21', 'admin', 'admin', '2020-08-15 03:05:21', b'1', b'1', b'1', b'1', NULL, b'1', NULL, NULL, '$2a$10$Emapgi4YVKx.o3u6AjLbBOdSaLuu6JYO8mtKWLoHb5HecAl1hgFhO', NULL, 'S-0229'),
	(94, '2020-08-15 03:05:21', 'admin', 'admin', '2020-08-15 03:05:21', b'1', b'1', b'1', b'1', NULL, b'1', NULL, NULL, '$2a$10$Yhpvb5M0nmhnIr.4fPOBpuKCahYquaVEFAkh.UM61lYWti7UnAuV2', NULL, 'S-0112'),
	(95, '2020-08-15 03:05:21', 'admin', 'admin', '2020-08-15 03:05:21', b'1', b'1', b'1', b'1', NULL, b'1', NULL, NULL, '$2a$10$glsuzrnJ9XwbPnjG19zYw.LdlsCg/gxr89G7lYdCrda0EJ.ltm1Aa', NULL, 'S-0157'),
	(96, '2020-08-15 03:05:21', 'admin', 'admin', '2020-08-15 03:05:21', b'1', b'1', b'1', b'1', NULL, b'1', NULL, NULL, '$2a$10$uWxDWsebPv0US2/4EK3br.yDLYMUvnzGsMtw1wMTlQnkMfUcnj7/q', NULL, 'S-0027'),
	(97, '2020-08-15 03:05:21', 'admin', 'admin', '2020-08-15 03:05:21', b'1', b'1', b'1', b'1', NULL, b'1', NULL, NULL, '$2a$10$9funbYHiuY3jJkCb/SsxQ.VjkY.fnwOZ3fsJ/R6.haJ6N6CbfvyXG', NULL, 'S-0239'),
	(98, '2020-08-15 03:05:21', 'admin', 'admin', '2020-08-15 03:05:21', b'1', b'1', b'1', b'1', NULL, b'1', NULL, NULL, '$2a$10$l61okIrTe0fwBVvHmKUvf.RJ.Un5ztNvt2aga.RDZFPg/Ax6.I1ZC', NULL, 'S-0149'),
	(99, '2020-08-15 03:05:21', 'admin', 'admin', '2020-08-15 03:05:21', b'1', b'1', b'1', b'1', NULL, b'1', NULL, NULL, '$2a$10$8qbnGTKgBrJHStIY12HnF.qpIeZRAY79vQ4iVXIMcWnSx.4x52VQG', NULL, 'S-0101'),
	(100, '2020-08-15 03:05:22', 'admin', 'admin', '2020-08-15 03:05:22', b'1', b'1', b'1', b'1', NULL, b'1', NULL, NULL, '$2a$10$ODnbJLcEBr4c6hgsBIer9uLLYrPbxIJtEiK42ns2oQkt0HXaz4t4S', NULL, 'S-0050'),
	(101, '2020-08-15 03:05:22', 'admin', 'admin', '2020-08-15 03:05:22', b'1', b'1', b'1', b'1', NULL, b'1', NULL, NULL, '$2a$10$frYpJXrJREWBdtTEMMXrB.Dgo.aU4iex3eXQquq5hjTSkXeWKbH4K', NULL, 'S-0074'),
	(102, '2020-08-15 03:05:22', 'admin', 'admin', '2020-08-15 03:05:22', b'1', b'1', b'1', b'1', NULL, b'1', NULL, NULL, '$2a$10$zGmAn1eqM.ONq6H0/VqOcOMDMf4zRiJ/TGoJ8q/9vxhwzFlv3waA.', NULL, 'S-0129'),
	(103, '2020-08-15 03:05:22', 'admin', 'admin', '2020-08-15 03:05:22', b'1', b'1', b'1', b'1', NULL, b'1', NULL, NULL, '$2a$10$6QNTkEW0mE3Ml9MRU7VBpuEpsFkWuAME7bY6zhrXO3evzi/NWHR1K', NULL, 'S-0196'),
	(104, '2020-08-15 03:05:22', 'admin', 'admin', '2020-08-15 03:05:22', b'1', b'1', b'1', b'1', NULL, b'1', NULL, NULL, '$2a$10$XeN8eOgzV5euS7/XbZRksO.L0tk1zH5fok6bPQ1ryI8fZXpnV4QwW', NULL, 'S-0110'),
	(105, '2020-08-15 03:05:22', 'admin', 'admin', '2020-08-15 03:05:22', b'1', b'1', b'1', b'1', NULL, b'1', NULL, NULL, '$2a$10$Oaok8Erv48h7eBA.0xg5ceY0QdmoC22UwB.6RUnjhbCCh1Ai44JJS', NULL, 'S-0092'),
	(106, '2020-08-15 03:05:23', 'admin', 'admin', '2020-08-15 03:05:23', b'1', b'1', b'1', b'1', NULL, b'1', NULL, NULL, '$2a$10$onm/hMZFrizMHrDL/uPl4.j2XkLfYCzjoGu/C9TfmhvxF0rMSejn.', NULL, 'S-0085'),
	(107, '2020-08-15 03:05:23', 'admin', 'admin', '2020-08-15 03:05:23', b'1', b'1', b'1', b'1', NULL, b'1', NULL, NULL, '$2a$10$3fBbXzNGYuHs1qK4YP2sXOgeaFm1tv1ZLmNZM0KnBN8ythfP1VLeO', NULL, 'S-0222'),
	(108, '2020-08-15 03:05:23', 'admin', 'admin', '2020-08-15 03:05:23', b'1', b'1', b'1', b'1', NULL, b'1', NULL, NULL, '$2a$10$ftyHZsNBdnzC0wHADHEQaeFsKO70PRRA0.2KWbzfp9dhXxJqXPYc2', NULL, 'S-0006'),
	(109, '2020-08-15 03:05:23', 'admin', 'admin', '2020-08-15 03:05:23', b'1', b'1', b'1', b'1', NULL, b'1', NULL, NULL, '$2a$10$Vqkym0OuIDgfIONLTkRcM.nDf2U5KkpjJfpRaFvp5Lhq4dF0Hra/K', NULL, 'S-0116'),
	(110, '2020-08-15 03:05:23', 'admin', 'admin', '2020-08-15 03:05:23', b'1', b'1', b'1', b'1', NULL, b'1', NULL, NULL, '$2a$10$A6emnGuHyzIZ2TD/PrNvCetQgn6vCmT3ppmUTRABNREVFubn0Ye52', NULL, 'S-0234'),
	(111, '2020-08-15 03:05:23', 'admin', 'admin', '2020-08-15 03:05:23', b'1', b'1', b'1', b'1', NULL, b'1', NULL, NULL, '$2a$10$DP5b2HGO7A9UqyEwoBN4KOLiI3fdUlQziu8Ab9eppJIR27r86R33.', NULL, 'S-0096'),
	(112, '2020-08-15 03:05:23', 'admin', 'admin', '2020-08-15 03:05:23', b'1', b'1', b'1', b'1', NULL, b'1', NULL, NULL, '$2a$10$hg/yKjtTCne6QJFH8YbBu.ITNXl.gbsPsTJ10jZW2O3HEiiP4n5.u', NULL, 'S-0005'),
	(113, '2020-08-15 03:05:24', 'admin', 'admin', '2020-08-15 03:05:24', b'1', b'1', b'1', b'1', NULL, b'1', NULL, NULL, '$2a$10$XkRJSvnSZ9dJMIE7gcAyCOsl7.JViu9ouzpGcONj2a75CWdxXncf2', NULL, 'S-0007'),
	(114, '2020-08-15 03:05:24', 'admin', 'admin', '2020-08-15 03:05:24', b'1', b'1', b'1', b'1', NULL, b'1', NULL, NULL, '$2a$10$gf03QWfRdcVaIgJDDmOO2e3ZsjEp8fv2m9QPz2HpLqnYothCmg/Ba', NULL, 'S-0015'),
	(115, '2020-08-15 03:05:24', 'admin', 'admin', '2020-08-15 03:05:24', b'1', b'1', b'1', b'1', NULL, b'1', NULL, NULL, '$2a$10$G7wdmp5Vs0l4ANoE32c2BeYnOl2aKnWHCsU2axML2yrzvDA/10RF2', NULL, 'S-0033'),
	(116, '2020-08-15 03:05:24', 'admin', 'admin', '2020-08-15 03:05:24', b'1', b'1', b'1', b'1', NULL, b'1', NULL, NULL, '$2a$10$KwYy0o6lEak8kMooq7vBhOd1HVj7UEqP9U8n0oJGPxMBY3GyK.jVa', NULL, 'S-0178'),
	(117, '2020-08-15 03:05:24', 'admin', 'admin', '2020-08-15 03:05:24', b'1', b'1', b'1', b'1', NULL, b'1', NULL, NULL, '$2a$10$T9KCrWaNFfvfFcBFbJbuOuKMPNzAv9xZ.4nWm.Qm3Izczf0ZC4JZe', NULL, 'S-0100'),
	(118, '2020-08-15 03:05:24', 'admin', 'admin', '2020-08-15 03:05:24', b'1', b'1', b'1', b'1', NULL, b'1', NULL, NULL, '$2a$10$/y93UJWbIyGqmbJV0WmaA.5sNTrXd8xs6ctW33ALLZS7EWGWrvdKC', NULL, 'S-0071'),
	(119, '2020-08-15 03:05:24', 'admin', 'admin', '2020-08-15 03:05:24', b'1', b'1', b'1', b'1', NULL, b'1', NULL, NULL, '$2a$10$RSYYYbtClFsy5y45RXGxWeri4Jfhv.xDnrGRt0kdqLBTLo7EKcu0C', NULL, 'S-0093'),
	(120, '2020-08-15 03:05:24', 'admin', 'admin', '2020-08-15 03:05:24', b'1', b'1', b'1', b'1', NULL, b'1', NULL, NULL, '$2a$10$ZZR3G0GXcFEbsdCwJMjbCOcJreRkgEY3BGX9sTWCp.kDOKrpF.xBu', NULL, 'S-0098'),
	(121, '2020-08-15 03:05:25', 'admin', 'admin', '2020-08-15 03:05:25', b'1', b'1', b'1', b'1', NULL, b'1', NULL, NULL, '$2a$10$VNeTbwkwiA3STlgXvvMPOeR8AWUBaWQuqdPPU6YppFLDKjWzvkklG', NULL, 'S-0054'),
	(122, '2020-08-15 03:05:25', 'admin', 'admin', '2020-08-15 03:05:25', b'1', b'1', b'1', b'1', NULL, b'1', NULL, NULL, '$2a$10$QI2moCWkRcPipdkfcnn0qO.bqs1MyxmzZ8mfkV/wJoyobH/YMONpi', NULL, 'S-0211'),
	(123, '2020-08-15 03:05:25', 'admin', 'admin', '2020-08-15 03:05:25', b'1', b'1', b'1', b'1', NULL, b'1', NULL, NULL, '$2a$10$mv5QzDmcb/D38sTBQLwZ.uSvUegHL//zvzpFLKyO2jiwvOz6wyKzK', NULL, 'S-0219'),
	(124, '2020-08-15 03:05:25', 'admin', 'admin', '2020-08-15 03:05:25', b'1', b'1', b'1', b'1', NULL, b'1', NULL, NULL, '$2a$10$VVMnZlBrnIXSefebyZloPOhp0JMmukSAP5JYVv4xg6A0RsqgcX98a', NULL, 'S-0109'),
	(125, '2020-08-15 03:05:25', 'admin', 'admin', '2020-08-15 03:05:25', b'1', b'1', b'1', b'1', NULL, b'1', NULL, NULL, '$2a$10$9Bhx1CWMNP.q2K8dNkgdDusGUVNQfBZ.dv1D8XPuoPk5n4I6b5eo2', NULL, 'S-0215'),
	(126, '2020-08-15 03:05:25', 'admin', 'admin', '2020-08-15 03:05:25', b'1', b'1', b'1', b'1', NULL, b'1', NULL, NULL, '$2a$10$jzmg5AzaSLbexDkpaM3MBOD5lneSHx6.kJ3S/cQxmVHd9rt27rh8m', NULL, 'S-0238'),
	(127, '2020-08-15 03:05:25', 'admin', 'admin', '2020-08-15 03:05:25', b'1', b'1', b'1', b'1', NULL, b'1', NULL, NULL, '$2a$10$yGyywsZUgKQPVTSgzfCbn.7WZzmui1bvahiA2mq4wzals88WQMiqm', NULL, 'S-0228'),
	(128, '2020-08-15 03:05:26', 'admin', 'admin', '2020-08-15 03:05:26', b'1', b'1', b'1', b'1', NULL, b'1', NULL, NULL, '$2a$10$KHAy1YIjKVR7kCuWCpaGpemlO1kZawz7gukHXIWvserLXXSkZnCFi', NULL, 'S-0195'),
	(129, '2020-08-15 03:05:26', 'admin', 'admin', '2020-08-15 03:05:26', b'1', b'1', b'1', b'1', NULL, b'1', NULL, NULL, '$2a$10$iUOjfR0I.RuOuJO7qz329ukqK./9TOcmK13OABmeNfVaTXhHjR.yq', NULL, 'S-0047'),
	(130, '2020-08-15 03:05:26', 'admin', 'admin', '2020-08-15 03:05:26', b'1', b'1', b'1', b'1', NULL, b'1', NULL, NULL, '$2a$10$c68JF0448lUgUBcFgectGuGYkapXu3MvgCMTa/5ocMaAzz5mgK6S.', NULL, 'S-0103'),
	(131, '2020-08-15 03:05:26', 'admin', 'admin', '2020-08-15 03:05:26', b'1', b'1', b'1', b'1', NULL, b'1', NULL, NULL, '$2a$10$y1MYliGahuCFmvcAoTv.webNbrzIp9r8MMHl2LLrs6wdMVnoe2l7q', NULL, 'S-0001'),
	(132, '2020-08-15 03:05:26', 'admin', 'admin', '2020-08-15 03:05:26', b'1', b'1', b'1', b'1', NULL, b'1', NULL, NULL, '$2a$10$2eNdU/YKQuiWKdKKWOvqEONiXOWHvKf374KpYdWmUgg5XqxHf1GA6', NULL, 'S-0153'),
	(133, '2020-08-15 03:05:26', 'admin', 'admin', '2020-08-15 03:05:26', b'1', b'1', b'1', b'1', NULL, b'1', NULL, NULL, '$2a$10$gj7El4rN9L.vcGSTs3EiruKik0rTP/r70JJRSL2YF.RZkqyXUiIY6', NULL, 'S-0170'),
	(134, '2020-08-15 03:05:27', 'admin', 'admin', '2020-08-15 03:05:27', b'1', b'1', b'1', b'1', NULL, b'1', NULL, NULL, '$2a$10$8/rRV7tMdehRmLZ9rm4VaO2MwSx/gpFAUnqACMIVujiRIaEccAzDu', NULL, 'S-0218'),
	(135, '2020-08-15 03:05:27', 'admin', 'admin', '2020-08-15 03:05:27', b'1', b'1', b'1', b'1', NULL, b'1', NULL, NULL, '$2a$10$FKNDP9qJssEaHl.DseIrSuDvHFyD9ziBVruRZlkEX2swvU9Erw6uW', NULL, 'S-0137'),
	(136, '2020-08-15 03:05:27', 'admin', 'admin', '2020-08-15 03:05:27', b'1', b'1', b'1', b'1', NULL, b'1', NULL, NULL, '$2a$10$W8dfOjuJjGimk5tgn/59ie4w.ApZ7DZGVF6unFt31lyeDp1xAMhui', NULL, 'S-0235'),
	(137, '2020-08-15 03:05:27', 'admin', 'admin', '2020-08-15 03:05:27', b'1', b'1', b'1', b'1', NULL, b'1', NULL, NULL, '$2a$10$A5dWvNHCxBvmgwgAdshKi.CHqYUO8R1.kN6ZfT7lQllGbyn2UrcKS', NULL, 'S-0072'),
	(138, '2020-08-15 03:05:27', 'admin', 'admin', '2020-08-15 03:05:27', b'1', b'1', b'1', b'1', NULL, b'1', NULL, NULL, '$2a$10$km29.cvqt272Kc3QjDn3sOgR29OOpElAYccwCReVcS4suVfZU1UYC', NULL, 'S-0009'),
	(139, '2020-08-15 03:05:27', 'admin', 'admin', '2020-08-15 03:05:27', b'1', b'1', b'1', b'1', NULL, b'1', NULL, NULL, '$2a$10$haul/zPfKmgc6x88gtUH5eSg/RHHBGyA6HQ2EtoY5Q75YuwNSBjyC', NULL, 'S-0044'),
	(140, '2020-08-15 03:05:27', 'admin', 'admin', '2020-08-15 03:05:27', b'1', b'1', b'1', b'1', NULL, b'1', NULL, NULL, '$2a$10$X9oAn6oJNjx2fPKOMhuQnug48UBAXkREMYFyCBrhbEtKmcBB5OV0G', NULL, 'S-0025'),
	(141, '2020-08-15 03:05:27', 'admin', 'admin', '2020-08-15 03:05:27', b'1', b'1', b'1', b'1', NULL, b'1', NULL, NULL, '$2a$10$X4haAsX.PITAabGC2jNyTuvcfRnzX6EiP.wDkg/UngijoT0q4gCrO', NULL, 'S-0204'),
	(142, '2020-08-15 03:05:28', 'admin', 'admin', '2020-08-15 03:05:28', b'1', b'1', b'1', b'1', NULL, b'1', NULL, NULL, '$2a$10$Ni7SjhtzrhSWLA3a1w7ARe0AlATd9OrjHvVxEfzyhEmNW1.7c993e', NULL, 'S-0148'),
	(143, '2020-08-15 03:05:28', 'admin', 'admin', '2020-08-15 03:05:28', b'1', b'1', b'1', b'1', NULL, b'1', NULL, NULL, '$2a$10$AAEmJNQQY2gSxHEqkYCuy.SITEvatYNU89TCBbzV0neNRS9gbVGDm', NULL, 'S-0086'),
	(144, '2020-08-15 03:05:28', 'admin', 'admin', '2020-08-15 03:05:28', b'1', b'1', b'1', b'1', NULL, b'1', NULL, NULL, '$2a$10$or6tZMKF4/ft6RlRYYydH.qUs5n8Xh7pRrZQiNc/zCWSbCJfLa37W', NULL, 'S-0029'),
	(145, '2020-08-15 03:05:28', 'admin', 'admin', '2020-08-15 03:05:28', b'1', b'1', b'1', b'1', NULL, b'1', NULL, NULL, '$2a$10$qtcsUVQxGjDKBl/MP/.JnOR1FVWxJ2w7XDScl9sdeCwpticabnTqm', NULL, 'S-0066'),
	(146, '2020-08-15 03:05:28', 'admin', 'admin', '2020-08-15 03:05:28', b'1', b'1', b'1', b'1', NULL, b'1', NULL, NULL, '$2a$10$Q6fRC.zK13dcwbec/t6bcOwYyDvPWNinYwDUSbES0PkFfpXG0EHya', NULL, 'S-0022'),
	(147, '2020-08-15 03:05:28', 'admin', 'admin', '2020-08-15 03:05:28', b'1', b'1', b'1', b'1', NULL, b'1', NULL, NULL, '$2a$10$U7N3mKxfMT6hI9JAw3Ff5OdKV/u8PANt.ChWAkoDzs5aHhnpN7NB.', NULL, 'S-0121'),
	(148, '2020-08-15 03:05:29', 'admin', 'admin', '2020-08-15 03:05:29', b'1', b'1', b'1', b'1', NULL, b'1', NULL, NULL, '$2a$10$RQqcOfDAlbZD6.PN8nzQcOZB.YudPmG/xW6HF/ueFccmoVdcg.ake', NULL, 'S-0117'),
	(149, '2020-08-15 03:05:29', 'admin', 'admin', '2020-08-15 03:05:29', b'1', b'1', b'1', b'1', NULL, b'1', NULL, NULL, '$2a$10$x4B0dPo3.G9HegsqR1jna.oZkjgQ5kaQijrzQlQuPrGl/tY7j4JIy', NULL, 'S-0135'),
	(150, '2020-08-15 03:05:29', 'admin', 'admin', '2020-08-15 03:05:29', b'1', b'1', b'1', b'1', NULL, b'1', NULL, NULL, '$2a$10$oRq9fix9PAuKBAoBjf44Lua2li4QxfCbXSFUgZlgJji7fiCnDd/Pq', NULL, 'S-0127'),
	(151, '2020-08-15 03:05:29', 'admin', 'admin', '2020-08-15 03:05:29', b'1', b'1', b'1', b'1', NULL, b'1', NULL, NULL, '$2a$10$t/vJ59Q7hc1iyG.PWrWfp.C7g3DvO5X8rXd/NlD9EAa30Uwvpyk1a', NULL, 'S-0075'),
	(152, '2020-08-15 03:05:29', 'admin', 'admin', '2020-08-15 03:05:29', b'1', b'1', b'1', b'1', NULL, b'1', NULL, NULL, '$2a$10$LFJmJVzaOH1LSerXTSL/5eZRoQ.5raDoR9pHfyRWnQmatcy0FqznO', NULL, 'S-0049'),
	(153, '2020-08-15 03:05:29', 'admin', 'admin', '2020-08-15 03:05:29', b'1', b'1', b'1', b'1', NULL, b'1', NULL, NULL, '$2a$10$nDoIgeC1U22GrVZgnH46MOiSTuSFpnbXB8wyiyS5gRkLIWb9GA5qG', NULL, 'S-0069'),
	(154, '2020-08-15 03:05:29', 'admin', 'admin', '2020-08-15 03:05:29', b'1', b'1', b'1', b'1', NULL, b'1', NULL, NULL, '$2a$10$rZJ83j.x3AKiehCkG.m6ZutkSUyTqXtz0E4NNv6ZDwB91Iy9fjOje', NULL, 'S-0232'),
	(155, '2020-08-15 03:05:30', 'admin', 'admin', '2020-08-15 03:05:30', b'1', b'1', b'1', b'1', NULL, b'1', NULL, NULL, '$2a$10$Ber/14wS7M6B7vY2ZPrNeeR.AbErdn3e64bwyHxZlvf6NRpzSFKmi', NULL, 'S-0119'),
	(156, '2020-08-15 03:05:30', 'admin', 'admin', '2020-08-15 03:05:30', b'1', b'1', b'1', b'1', NULL, b'1', NULL, NULL, '$2a$10$2krd/UQJVfG/olOXXhXWrOlTW2ioRd0TBDZss1WPYPzfT.klV0pha', NULL, 'S-0094'),
	(157, '2020-08-15 03:05:30', 'admin', 'admin', '2020-08-15 03:05:30', b'1', b'1', b'1', b'1', NULL, b'1', NULL, NULL, '$2a$10$Pr2we0x6IRojaT.8wdRdu.3mFENKz3bjliD0lVq4YG3.5HSYcPJBq', NULL, 'S-0068'),
	(158, '2020-08-15 03:05:30', 'admin', 'admin', '2020-08-15 03:05:30', b'1', b'1', b'1', b'1', NULL, b'1', NULL, NULL, '$2a$10$XEZCby3cYxyrdnjWjLLSx.z82LBO4vbsTfRduR2D7JVRmWraBkZCS', NULL, 'S-0017'),
	(159, '2020-08-15 03:05:30', 'admin', 'admin', '2020-08-15 03:05:30', b'1', b'1', b'1', b'1', NULL, b'1', NULL, NULL, '$2a$10$cTJxeIx.Q4T1e5C8xVlbouOOdLkXmE1qsMF78uuOYv2u6RC7XiH3i', NULL, 'S-0244'),
	(160, '2020-08-15 03:05:30', 'admin', 'admin', '2020-08-15 03:05:30', b'1', b'1', b'1', b'1', NULL, b'1', NULL, NULL, '$2a$10$swmpXwC8YBbL83gJNF2pvOoh8S.COftQ0HrPuUxFwYo4xoioRGxWG', NULL, 'S-0151'),
	(161, '2020-08-15 03:05:31', 'admin', 'admin', '2020-08-15 03:05:31', b'1', b'1', b'1', b'1', NULL, b'1', NULL, NULL, '$2a$10$fJg/NFYLMQdlFNZrPCTO.uQiMXGMCpMGSKC4BJx6Ph7zoEZoXGoaC', NULL, 'S-0058'),
	(162, '2020-08-15 03:05:31', 'admin', 'admin', '2020-08-15 03:05:31', b'1', b'1', b'1', b'1', NULL, b'1', NULL, NULL, '$2a$10$SVRwp1KZyEb0m6f6S5nlxO5U/oUXSNRzppSkovs4Iscp8cp8j4SjO', NULL, 'S-0241'),
	(163, '2020-08-15 03:05:31', 'admin', 'admin', '2020-08-15 03:05:31', b'1', b'1', b'1', b'1', NULL, b'1', NULL, NULL, '$2a$10$iyuvzN9Zq7QzoxpIms0fSu8nLWhXLtVPfXEI5KJL6CpdCVVDkMjXm', NULL, 'S-0111'),
	(164, '2020-08-15 03:05:31', 'admin', 'admin', '2020-08-15 03:05:31', b'1', b'1', b'1', b'1', NULL, b'1', NULL, NULL, '$2a$10$5PPENqocpU.KwL.IQ.WWceVHMW47MdQ70Bv9ocPB1ZVJyDJq3XUpG', NULL, 'S-0078'),
	(165, '2020-08-15 03:05:31', 'admin', 'admin', '2020-08-15 03:05:31', b'1', b'1', b'1', b'1', NULL, b'1', NULL, NULL, '$2a$10$/scZxehDVuZweHmgwQlp4e4RnUH4ozZKMLVhmuD5RHl0VkJgRaV9W', NULL, 'S-0031'),
	(166, '2020-08-15 03:05:31', 'admin', 'admin', '2020-08-15 03:05:31', b'1', b'1', b'1', b'1', NULL, b'1', NULL, NULL, '$2a$10$rWMgew3cGCzw3PbW0sdoqeTWxU6F7NryYZK6ojUG.WmGv6RlnP.0S', NULL, 'S-0190'),
	(167, '2020-08-15 03:05:32', 'admin', 'admin', '2020-08-15 03:05:32', b'1', b'1', b'1', b'1', NULL, b'1', NULL, NULL, '$2a$10$wzuQjhX1f0Z3Ogd5oXCYTOnk1XJ/DM6KMWccAyeocVjSIjNWGzoe2', NULL, 'S-0108'),
	(168, '2020-08-15 03:05:32', 'admin', 'admin', '2020-08-15 03:05:32', b'1', b'1', b'1', b'1', NULL, b'1', NULL, NULL, '$2a$10$5JLNrkyEAeCXM4r4I6suVO5RZhBUQNLqMr/69OkKGJXa7U2ka3Lry', NULL, 'S-0040'),
	(169, '2020-08-15 03:05:32', 'admin', 'admin', '2020-08-15 03:05:32', b'1', b'1', b'1', b'1', NULL, b'1', NULL, NULL, '$2a$10$S/dAIpNSDdi47faI3LW9xOk2ep4apd8CDqGD./mDYGqaKqtE8NviG', NULL, 'S-0090'),
	(170, '2020-08-15 03:05:32', 'admin', 'admin', '2020-08-15 03:05:32', b'1', b'1', b'1', b'1', NULL, b'1', NULL, NULL, '$2a$10$wv8WNIN60STTslnn4ng5tuTeL1TDdfSYRmwY9E25zHvOGpY6ej3f6', NULL, 'S-0123'),
	(171, '2020-08-15 03:05:32', 'admin', 'admin', '2020-08-15 03:05:32', b'1', b'1', b'1', b'1', NULL, b'1', NULL, NULL, '$2a$10$68yazuIDNUbSQ8j0zyBS5.TK5DZVXK.c6HdQjisG5N7KxCX0A3BEK', NULL, 'S-0147'),
	(172, '2020-08-15 03:05:32', 'admin', 'admin', '2020-08-15 03:05:32', b'1', b'1', b'1', b'1', NULL, b'1', NULL, NULL, '$2a$10$0fBVjr7/k2RpwgJSULBvQ.d2OV6pdi/6J6lj8oclU/i1BBqOWhKzi', NULL, 'S-0163'),
	(173, '2020-08-15 03:05:32', 'admin', 'admin', '2020-08-15 03:05:32', b'1', b'1', b'1', b'1', NULL, b'1', NULL, NULL, '$2a$10$z9LVQ3h9aPk5a0Sne784G.6C.KqDw0Ft4jovERgARCDN1g6c4QLhy', NULL, 'S-0192'),
	(174, '2020-08-15 03:05:33', 'admin', 'admin', '2020-08-15 03:05:33', b'1', b'1', b'1', b'1', NULL, b'1', NULL, NULL, '$2a$10$HTaN9ufey0bDhXmoOo00wexdUnZtVRtmCIAW/sk0iqKSnYRXTRC5i', NULL, 'S-0184'),
	(175, '2020-08-15 03:05:33', 'admin', 'admin', '2020-08-15 03:05:33', b'1', b'1', b'1', b'1', NULL, b'1', NULL, NULL, '$2a$10$cSIBT4iiBBkqU6svUOXeQu8DXOyHZ.qgGzh/zVbDUNC/JbDJlYLRK', NULL, 'S-0091'),
	(176, '2020-08-15 03:05:33', 'admin', 'admin', '2020-08-15 03:05:33', b'1', b'1', b'1', b'1', NULL, b'1', NULL, NULL, '$2a$10$MZoqmL/q/EEUEfK.E2/yBefjBYLN1q..G4m5hvi3grHerk83xZtS2', NULL, 'S-0080'),
	(177, '2020-08-15 03:05:33', 'admin', 'admin', '2020-08-15 03:05:33', b'1', b'1', b'1', b'1', NULL, b'1', NULL, NULL, '$2a$10$/jipozS6/Kakh1JhtgAd..yh5.5Vbd6TKDDk5LO0c1BQzFTSHRG3O', NULL, 'S-0046'),
	(178, '2020-08-15 03:05:33', 'admin', 'admin', '2020-08-15 03:05:33', b'1', b'1', b'1', b'1', NULL, b'1', NULL, NULL, '$2a$10$jEOAr7do0SaLmjq.jeUAc.RVfJIFw9VfSOaCucp6x7oVwMTwVB48a', NULL, 'S-0134'),
	(179, '2020-08-15 03:05:33', 'admin', 'admin', '2020-08-15 03:05:33', b'1', b'1', b'1', b'1', NULL, b'1', NULL, NULL, '$2a$10$gMOcxqINM92seXvSdMsTO.cvnS7CFM/6rJvbmCmaRnv43xtI.HVTS', NULL, 'S-0133'),
	(180, '2020-08-15 03:05:33', 'admin', 'admin', '2020-08-15 03:05:33', b'1', b'1', b'1', b'1', NULL, b'1', NULL, NULL, '$2a$10$LC6p.q3mcxLENSD6jMs.f.aetYEUAPCX/g3GiVcA6DU4eoiyNF1oS', NULL, 'S-0115'),
	(181, '2020-08-15 03:05:34', 'admin', 'admin', '2020-08-15 03:05:34', b'1', b'1', b'1', b'1', NULL, b'1', NULL, NULL, '$2a$10$a.EfDf55CZsllpM9mAjCyOtN4stS.28ohwYE8ZdRKObhq2oBhy7w2', NULL, 'S-0225'),
	(182, '2020-08-15 03:05:34', 'admin', 'admin', '2020-08-15 03:05:34', b'1', b'1', b'1', b'1', NULL, b'1', NULL, NULL, '$2a$10$dzUfDLp/9pQnzoBkUlpLTekHRjyEGcJ1/mNSsE5XlZI2gZiQzUYsS', NULL, 'S-0189'),
	(183, '2020-08-15 03:05:34', 'admin', 'admin', '2020-08-15 03:05:34', b'1', b'1', b'1', b'1', NULL, b'1', NULL, NULL, '$2a$10$VaStzx0dIW.8zRJF2CcCK.0SPKl.cgnGKR7mVKrQfCbcIUIF5naDm', NULL, 'S-0077'),
	(184, '2020-08-15 03:05:34', 'admin', 'admin', '2020-08-15 03:05:34', b'1', b'1', b'1', b'1', NULL, b'1', NULL, NULL, '$2a$10$NV/CcPKtuLwsJ8lasuSf7u/3KWiOtbPCkAkyyRD0XGBFV8UL8zdJK', NULL, 'S-0191'),
	(185, '2020-08-15 03:05:34', 'admin', 'admin', '2020-08-15 03:05:34', b'1', b'1', b'1', b'1', NULL, b'1', NULL, NULL, '$2a$10$qP92DdxXjJ/kJKvJoDD3Q.OMDUXiWZ0TfHvIMyCCHAAY2/6NKetAG', NULL, 'S-0167'),
	(186, '2020-08-15 03:05:34', 'admin', 'admin', '2020-08-15 03:05:34', b'1', b'1', b'1', b'1', NULL, b'1', NULL, NULL, '$2a$10$2dxYivRaMVJeLTw4exYK/ucEosPK1JxQ8GBDOPz4pzkll7V49zsZ.', NULL, 'S-0057'),
	(187, '2020-08-15 03:05:35', 'admin', 'admin', '2020-08-15 03:05:35', b'1', b'1', b'1', b'1', NULL, b'1', NULL, NULL, '$2a$10$w95xbq2esED2hh.G/ZGaMO/rzsR.8xFeZDWdnm6m6ApALdbEx5Rga', NULL, 'S-0194'),
	(188, '2020-08-15 03:05:35', 'admin', 'admin', '2020-08-15 03:05:35', b'1', b'1', b'1', b'1', NULL, b'1', NULL, NULL, '$2a$10$0/Bb58ngkbnevTz37eJqWO/9Jwj38mxx9onoflb0Y0AQNMUDl9MEq', NULL, 'S-0164'),
	(189, '2020-08-15 03:05:35', 'admin', 'admin', '2020-08-15 03:05:35', b'1', b'1', b'1', b'1', NULL, b'1', NULL, NULL, '$2a$10$/wIAlpy8M3AlIGB3KmmGU.5oTn/wQwy4deMyYFe4WE/wv0oovzbee', NULL, 'S-0019'),
	(190, '2020-08-15 03:05:35', 'admin', 'admin', '2020-08-15 03:05:35', b'1', b'1', b'1', b'1', NULL, b'1', NULL, NULL, '$2a$10$jwdLCShn58Gmk3LCspxJQ.5Z4ag.iHJ7TZnQ3xQ7Fsxxow1Ob8T4q', NULL, 'S-0099'),
	(191, '2020-08-15 03:05:35', 'admin', 'admin', '2020-08-15 03:05:35', b'1', b'1', b'1', b'1', NULL, b'1', NULL, NULL, '$2a$10$pFRJUmkxlbfdTyhDFDVNOuHLblhgJnIJXkuo9Ea7gXjDilmbEMe3K', NULL, 'S-0188'),
	(192, '2020-08-15 03:05:35', 'admin', 'admin', '2020-08-15 03:05:35', b'1', b'1', b'1', b'1', NULL, b'1', NULL, NULL, '$2a$10$2ZO1.efVbVWHFHXCMN2MReIk5utVlPh9JFAbD3OjwtAnTY03zmqGS', NULL, 'S-0034'),
	(193, '2020-08-15 03:05:35', 'admin', 'admin', '2020-08-15 03:05:35', b'1', b'1', b'1', b'1', NULL, b'1', NULL, NULL, '$2a$10$5ynKNU9gOqp3FZPl2ouvPOON8O7TmVE5y9XOhpoJLByQsmnxzkL7q', NULL, 'S-0063'),
	(194, '2020-08-15 03:05:36', 'admin', 'admin', '2020-08-15 03:05:36', b'1', b'1', b'1', b'1', NULL, b'1', NULL, NULL, '$2a$10$qa90p45fxMvJYCiYfJH7IOL0bzfpuu2ykMLNEzVgo17FhIuNWrfta', NULL, 'S-0146'),
	(195, '2020-08-15 03:05:36', 'admin', 'admin', '2020-08-15 03:05:36', b'1', b'1', b'1', b'1', NULL, b'1', NULL, NULL, '$2a$10$TE6G/5pwJrvshYowECVKMeqbQ.UATOXil0YN3yP4aSFo8Gcv4Ka3q', NULL, 'S-0060'),
	(196, '2020-08-15 03:05:36', 'admin', 'admin', '2020-08-15 03:05:36', b'1', b'1', b'1', b'1', NULL, b'1', NULL, NULL, '$2a$10$45HMz7UAKDg1HEkQal5Jj.9iEbj.wm1IPdkCgIg7Rw7GXfR55ljeq', NULL, 'S-0105'),
	(197, '2020-08-15 03:05:36', 'admin', 'admin', '2020-08-15 03:05:36', b'1', b'1', b'1', b'1', NULL, b'1', NULL, NULL, '$2a$10$3rGW.XbZYHwzk6IFyyABM.Ck4/mXBZM9RZlselCX01.ZtdFcpFMKW', NULL, 'S-0186'),
	(198, '2020-08-15 03:05:36', 'admin', 'admin', '2020-08-15 03:05:36', b'1', b'1', b'1', b'1', NULL, b'1', NULL, NULL, '$2a$10$rX0RDnBAzUAI8FKM5FM96OCVEIGLS2pJwafSjLDnJt9nrfz8H5OmW', NULL, 'S-0126'),
	(199, '2020-08-15 03:05:36', 'admin', 'admin', '2020-08-15 03:05:36', b'1', b'1', b'1', b'1', NULL, b'1', NULL, NULL, '$2a$10$aHRGOdtMXio9sEcfgbUqJeZ.Dt.acKSWA79rdhdpkbKsF7OQxlZbm', NULL, 'S-0208'),
	(200, '2020-08-15 03:05:37', 'admin', 'admin', '2020-08-15 03:05:37', b'1', b'1', b'1', b'1', NULL, b'1', NULL, NULL, '$2a$10$TMuqASjRqbVYn8EXidyB7eZz3o/0AEQUt9ScOCn7iDshFemA7hXW.', NULL, 'S-0061'),
	(201, '2020-08-15 03:05:37', 'admin', 'admin', '2020-08-15 03:05:37', b'1', b'1', b'1', b'1', NULL, b'1', NULL, NULL, '$2a$10$LmNgPhL97k1QMUwodCAFouOG9gWydiJpKeLuViwv//.CLtYmpUxe2', NULL, 'S-0220'),
	(202, '2020-08-15 03:05:37', 'admin', 'admin', '2020-08-15 03:05:37', b'1', b'1', b'1', b'1', NULL, b'1', NULL, NULL, '$2a$10$qqtI/ybtbFvhXPUXS87lduDkGa/buMk8ogcKyHK.ZbiqT6gtRVkD6', NULL, 'S-0175'),
	(203, '2020-08-15 03:05:37', 'admin', 'admin', '2020-08-15 03:05:37', b'1', b'1', b'1', b'1', NULL, b'1', NULL, NULL, '$2a$10$aIpV6j4eyDZqPhcw7Iv24e5jXa0XYx53BXoGMfdi8dTGAknofb6dK', NULL, 'S-0155'),
	(204, '2020-08-15 03:05:37', 'admin', 'admin', '2020-08-15 03:05:37', b'1', b'1', b'1', b'1', NULL, b'1', NULL, NULL, '$2a$10$OuVG4nto59rELaKYY5orvu9kyyuIOgFzfBhRNL4yiK5XTfuSbyzR.', NULL, 'S-0160'),
	(205, '2020-08-15 03:05:37', 'admin', 'admin', '2020-08-15 03:05:37', b'1', b'1', b'1', b'1', NULL, b'1', NULL, NULL, '$2a$10$9kgJi7kqJDIRUbnORfFt8.LBMyfXxzKUUnxaeM4RtQ/ZroA53FLJm', NULL, 'S-0162'),
	(206, '2020-08-15 03:05:37', 'admin', 'admin', '2020-08-15 03:05:37', b'1', b'1', b'1', b'1', NULL, b'1', NULL, NULL, '$2a$10$tK6zReyL4FOc/kJbV/eDF.uYof471sX50usKzmiN6pYIpRDKgGF5m', NULL, 'S-0173'),
	(207, '2020-08-15 03:05:38', 'admin', 'admin', '2020-08-15 03:05:38', b'1', b'1', b'1', b'1', NULL, b'1', NULL, NULL, '$2a$10$fQjNtSgwv453enUPOlIFJ.3sO3BZNgCLLJZ8TxXyiitCSQ.zU2JIC', NULL, 'S-0216'),
	(208, '2020-08-15 03:05:38', 'admin', 'admin', '2020-08-15 03:05:38', b'1', b'1', b'1', b'1', NULL, b'1', NULL, NULL, '$2a$10$E6ypCXCRoT1SzNtaJ5JhJ.hGlXCFZBWknyywxlGLV/3lFSNtxfaF2', NULL, 'S-0182'),
	(209, '2020-08-15 03:05:38', 'admin', 'admin', '2020-08-15 03:05:38', b'1', b'1', b'1', b'1', NULL, b'1', NULL, NULL, '$2a$10$tMXsLa6zT4t5VKFV1ajPQ.VYEjyWc9Tp2QPtfOhXADVl47oTXun4y', NULL, 'S-0004'),
	(210, '2020-08-15 03:05:38', 'admin', 'admin', '2020-08-15 03:05:38', b'1', b'1', b'1', b'1', NULL, b'1', NULL, NULL, '$2a$10$lrVzGFMkhbmm0Vn5R7VibOHybNHmhvobKoQB8IKFEczQ/TLwhL4LC', NULL, 'S-0145'),
	(211, '2020-08-15 03:05:38', 'admin', 'admin', '2020-08-15 03:05:38', b'1', b'1', b'1', b'1', NULL, b'1', NULL, NULL, '$2a$10$9Ef5Do6mMG7WW5lG1q/LEuP35XyvkLt3pLT6/gbIE1.ZvQc0QFGj.', NULL, 'S-0048'),
	(212, '2020-08-15 03:05:38', 'admin', 'admin', '2020-08-15 03:05:38', b'1', b'1', b'1', b'1', NULL, b'1', NULL, NULL, '$2a$10$lox1dk2EsnqSsK3GaiR8FOWAO9Q9Wl92RVZqAlDXghkL8mvJxwCny', NULL, 'S-0212'),
	(213, '2020-08-15 03:05:38', 'admin', 'admin', '2020-08-15 03:05:38', b'1', b'1', b'1', b'1', NULL, b'1', NULL, NULL, '$2a$10$9HuVx03qlgfSROJIBp85POEuLL6bmkL1eaKS5YzA9b4NZj2Y8bcpi', NULL, 'S-0180'),
	(214, '2020-08-15 03:05:39', 'admin', 'admin', '2020-08-15 03:05:39', b'1', b'1', b'1', b'1', NULL, b'1', NULL, NULL, '$2a$10$5R.wdZS7Jgf7CjNrbEcHHuFYBcG9d0A4NtyvlsLX.Gip5dFKxYLXm', NULL, 'S-0064'),
	(215, '2020-08-15 03:05:39', 'admin', 'admin', '2020-08-15 03:05:39', b'1', b'1', b'1', b'1', NULL, b'1', NULL, NULL, '$2a$10$BGGOTkCkgFYIT1xDUXmV9ewq/BXLsiQDyOis0EKvM7x0pauuHi5Va', NULL, 'S-0150'),
	(216, '2020-08-15 03:05:39', 'admin', 'admin', '2020-08-15 03:05:39', b'1', b'1', b'1', b'1', NULL, b'1', NULL, NULL, '$2a$10$m7dkXEVKXd1OWqV0baZDe.5Nm3KRgXXKdaQ2dfJPnPc./bmKXpWd.', NULL, 'S-0201'),
	(217, '2020-08-15 03:05:39', 'admin', 'admin', '2020-08-15 03:05:39', b'1', b'1', b'1', b'1', NULL, b'1', NULL, NULL, '$2a$10$EOUEFV43IMetOOU1OwFcb.f9NyQ/U8Gdf.YjBXQByAJZ2pCtV9dr6', NULL, 'S-0120'),
	(218, '2020-08-15 03:05:39', 'admin', 'admin', '2020-08-15 03:05:39', b'1', b'1', b'1', b'1', NULL, b'1', NULL, NULL, '$2a$10$zFgjvjedJAqEXedCqinhqehGGsiYLFiGHQJae2UuCQ5UI6pAlUr.K', NULL, 'S-0067'),
	(219, '2020-08-15 03:05:39', 'admin', 'admin', '2020-08-15 03:05:39', b'1', b'1', b'1', b'1', NULL, b'1', NULL, NULL, '$2a$10$m1dajTQ.ARFEzR7YqWyXFuKmeVCElETMchc/PY82EWz0CbNO0Wosu', NULL, 'S-0207'),
	(220, '2020-08-15 03:05:39', 'admin', 'admin', '2020-08-15 03:05:39', b'1', b'1', b'1', b'1', NULL, b'1', NULL, NULL, '$2a$10$Dxuk5oJ/r4n8Pe/THwaTqOeMvH0DPJcW0Af8vg5He.Gfcen5Pz9gW', NULL, 'S-0102'),
	(221, '2020-08-15 03:05:40', 'admin', 'admin', '2020-08-15 03:05:40', b'1', b'1', b'1', b'1', NULL, b'1', NULL, NULL, '$2a$10$ftzozTBH127pRi/Drlpeee4dlvtShkyy/j2Gpr6CE.NNb7Rp.LQtS', NULL, 'S-0165'),
	(222, '2020-08-15 03:05:40', 'admin', 'admin', '2020-08-15 03:05:40', b'1', b'1', b'1', b'1', NULL, b'1', NULL, NULL, '$2a$10$mBTMjZl6Ng9oHxtgM1SzsehbKInHJrwNUEWhtY/1l0/fvbgUVqye6', NULL, 'S-0181'),
	(223, '2020-08-15 03:05:40', 'admin', 'admin', '2020-08-15 03:05:40', b'1', b'1', b'1', b'1', NULL, b'1', NULL, NULL, '$2a$10$8XNv29qNKLiNYv6RCntIlePJe2tBXFhSiTmZS1VsuvTC6f5CqiXjq', NULL, 'S-0198'),
	(224, '2020-08-15 03:05:40', 'admin', 'admin', '2020-08-15 03:05:40', b'1', b'1', b'1', b'1', NULL, b'1', NULL, NULL, '$2a$10$NbreU3hrhLD4Qr19SACN3OF.nMnPzjmLC1KEGMpGa6HMF0VKkP2BS', NULL, 'S-0024'),
	(225, '2020-08-15 03:05:40', 'admin', 'admin', '2020-08-15 03:05:40', b'1', b'1', b'1', b'1', NULL, b'1', NULL, NULL, '$2a$10$FttcIBpp4cy6fnGmk5ITb.N06vcz7F/jMx2Opy2XDuva3GYYedQwy', NULL, 'S-0193'),
	(226, '2020-08-15 03:05:40', 'admin', 'admin', '2020-08-15 03:05:40', b'1', b'1', b'1', b'1', NULL, b'1', NULL, NULL, '$2a$10$JJNgsA2Qfyql6lMnw9i6cOAjgfczsXwZyL8qzdjLlGx5IPtOQT7ES', NULL, 'S-0206'),
	(227, '2020-08-15 03:05:40', 'admin', 'admin', '2020-08-15 03:05:40', b'1', b'1', b'1', b'1', NULL, b'1', NULL, NULL, '$2a$10$NhOozk1XD9gvYmJv7..Xd.OIdjYqT4uzo64UlaPLYaYgySdhJJGfu', NULL, 'S-0205'),
	(228, '2020-08-15 03:05:41', 'admin', 'admin', '2020-08-15 03:05:41', b'1', b'1', b'1', b'1', NULL, b'1', NULL, NULL, '$2a$10$RyCG/5Op8UMk4XKa.Qhvierl0nbZ4AWAEl3yKJkd.UndlC5e6rK46', NULL, 'S-0087'),
	(229, '2020-08-15 03:05:41', 'admin', 'admin', '2020-08-15 03:05:41', b'1', b'1', b'1', b'1', NULL, b'1', NULL, NULL, '$2a$10$wOlyWxNEpU6e5bmhT320ouqjZxciYUElyPfRTkhMPOYdrwVNUlk6O', NULL, 'S-0214'),
	(230, '2020-08-15 03:05:41', 'admin', 'admin', '2020-08-15 03:05:41', b'1', b'1', b'1', b'1', NULL, b'1', NULL, NULL, '$2a$10$Lk7UV6CkA19Wfdy7I0bXkelAA7dYNUyOV5p6xURidQbEuYxJDxHmm', NULL, 'S-0142'),
	(231, '2020-08-15 03:05:41', 'admin', 'admin', '2020-08-15 03:05:41', b'1', b'1', b'1', b'1', NULL, b'1', NULL, NULL, '$2a$10$77I6wxOMnBbWfc6BHlJX4uusGRBvbXWhU6.mOmz5ZDNxX4RVRID8m', NULL, 'S-0008'),
	(232, '2020-08-15 03:05:41', 'admin', 'admin', '2020-08-15 03:05:41', b'1', b'1', b'1', b'1', NULL, b'1', NULL, NULL, '$2a$10$n0HHhA.uqtiVkkuxq9XeIOCW8dlWqgJVDtyEgQ2OJW7MmrjjleBp.', NULL, 'S-0016'),
	(233, '2020-08-15 03:05:41', 'admin', 'admin', '2020-08-15 03:05:41', b'1', b'1', b'1', b'1', NULL, b'1', NULL, NULL, '$2a$10$lkUjZjtLj1T4o3PFsdvXruWWj3iYFGbv8RGnFx8N1DiuRUpm4mJt6', NULL, 'S-0233'),
	(234, '2020-08-15 03:05:41', 'admin', 'admin', '2020-08-15 03:05:41', b'1', b'1', b'1', b'1', NULL, b'1', NULL, NULL, '$2a$10$y6GcW/MXlDwHshoxI/QInenr5E.seEXl8IVvp7SuXa14YZXQm9FCC', NULL, 'S-0037'),
	(235, '2020-08-15 03:05:42', 'admin', 'admin', '2020-08-15 03:05:42', b'1', b'1', b'1', b'1', NULL, b'1', NULL, NULL, '$2a$10$/G.A75r0U0TqpxD3sIN.2.L3uVS4GMibpUFG2Q85M7rvHY7H5qvfG', NULL, 'S-0168'),
	(236, '2020-08-15 03:05:42', 'admin', 'admin', '2020-08-15 03:05:42', b'1', b'1', b'1', b'1', NULL, b'1', NULL, NULL, '$2a$10$bpGuHtMsxF23cwgtPHwEF.BFz4V9w2Aem8l.lT8k8VH1e.9lZYeNC', NULL, 'S-0144'),
	(237, '2020-08-15 03:05:42', 'admin', 'admin', '2020-08-15 03:05:42', b'1', b'1', b'1', b'1', NULL, b'1', NULL, NULL, '$2a$10$32ivegJkd3v6LbtrC9IUJ.HfcVgBeXXvDU.wia.TicafVzu8Js1xa', NULL, 'S-0240'),
	(238, '2020-08-15 03:05:42', 'admin', 'admin', '2020-08-15 03:05:42', b'1', b'1', b'1', b'1', NULL, b'1', NULL, NULL, '$2a$10$yzY/c2GdP46Zx0NwLQe6TuhrgEbk6HuoWbCzvhWDtUVnPTaHg0eqO', NULL, 'S-0095'),
	(239, '2020-08-15 03:05:42', 'admin', 'admin', '2020-08-15 03:05:42', b'1', b'1', b'1', b'1', NULL, b'1', NULL, NULL, '$2a$10$xZDh0Ezfj2tQawe9RNNNpeH7J.YmMmfSMROcSbp8XllPhWHQmSjIG', NULL, 'S-0018'),
	(240, '2020-08-15 03:05:42', 'admin', 'admin', '2020-08-15 03:05:42', b'1', b'1', b'1', b'1', NULL, b'1', NULL, NULL, '$2a$10$77OcCcER2qs.6yGUvirVK.KpCA4uYkNBmNtP9SDKp0zgEymJLXqQ6', NULL, 'S-0199'),
	(241, '2020-08-15 03:05:42', 'admin', 'admin', '2020-08-15 03:05:42', b'1', b'1', b'1', b'1', NULL, b'1', NULL, NULL, '$2a$10$qQjc5NCOA1.aQ2dQ2lqUBuQ3Y4kz5a/0EAJooWxwiyS/6lkYCqFWW', NULL, 'S-0039'),
	(242, '2020-08-15 03:05:43', 'admin', 'admin', '2020-08-15 03:05:43', b'1', b'1', b'1', b'1', NULL, b'1', NULL, NULL, '$2a$10$QzMPldVGCeIPhlGo4TyYqeXUG2iJxU/1X2DE5Z47DsTSc/v2v/8p2', NULL, 'S-0177'),
	(243, '2020-08-15 03:05:43', 'admin', 'admin', '2020-08-15 03:05:43', b'1', b'1', b'1', b'1', NULL, b'1', NULL, NULL, '$2a$10$hZqkNB1Aty5F7kTBzgkUOOzdoqQ9nT5/GbIRyDRg9yiYt/izwHRMm', NULL, 'S-0059'),
	(244, '2020-08-15 03:05:43', 'admin', 'admin', '2020-08-15 03:05:43', b'1', b'1', b'1', b'1', NULL, b'1', NULL, NULL, '$2a$10$.2OUlp1aJmHzFyGKE5PgEepgsAdTeQWcs07ireIY.l6NmPfVT8YEW', NULL, 'S-0143'),
	(245, '2020-08-15 03:05:43', 'admin', 'admin', '2020-08-15 03:05:43', b'1', b'1', b'1', b'1', NULL, b'1', NULL, NULL, '$2a$10$Hx5tymTDVTE7lT1YeuqRCuuiTkSGPkF44jttMB9ZxvLoxfSIl9wSm', NULL, 'S-0125'),
	(246, '2020-08-15 03:05:43', 'admin', 'admin', '2020-08-15 03:05:43', b'1', b'1', b'1', b'1', NULL, b'1', NULL, NULL, '$2a$10$NG0U3BLSTLXgKTOHiDpacukJEJIl513Pg/vLefq.f4O7ATd77q.Ya', NULL, 'S-0152'),
	(247, '2020-08-15 03:05:43', 'admin', 'admin', '2020-08-15 03:05:43', b'1', b'1', b'1', b'1', NULL, b'1', NULL, NULL, '$2a$10$vDZ.9E24sEglctwCwm/6fepsrFWO9LaPwUB9ZMHTtpQc0ZNpJNHn6', NULL, 'S-0026'),
	(248, '2020-08-15 03:05:44', 'admin', 'admin', '2020-08-15 03:05:44', b'1', b'1', b'1', b'1', NULL, b'1', NULL, NULL, '$2a$10$YvFj6BHRqFdMjr1wTdZSYuM2lg4lSzlYX2g6ramTWUTuQitEghoMG', NULL, 'S-0183'),
	(249, '2020-08-15 03:05:44', 'admin', 'admin', '2020-08-15 03:05:44', b'1', b'1', b'1', b'1', NULL, b'1', NULL, NULL, '$2a$10$8qfkVWK0eZdA4nDk1wWvw.a2LW6RmydRfPrflqNAMvANNzPF2IicS', NULL, 'S-0122'),
	(250, '2020-08-15 03:05:44', 'admin', 'admin', '2020-08-15 03:05:44', b'1', b'1', b'1', b'1', NULL, b'1', NULL, NULL, '$2a$10$8p/8EQsjqJN/fxYuXNu7qebf6ww1QoETX0rROveecO1/dYXswM6j6', NULL, 'S-0197'),
	(251, '2020-08-15 03:05:44', 'admin', 'admin', '2020-08-15 03:05:44', b'1', b'1', b'1', b'1', NULL, b'1', NULL, NULL, '$2a$10$myRbu3o0zgZhJ.nRP7UxuOilp2mlY2vserafyN5v5cWpt8lifmKYm', NULL, 'S-0002'),
	(252, '2020-08-15 05:24:36', 'admin', NULL, '2020-08-15 05:24:36', b'1', b'1', b'1', b'1', 'test@gmail.com', b'1', NULL, NULL, '$2a$10$8dgdrSNlrniAptlzZ8XNzufer.iro1O5Ucl1L88rKAcYPVsS8XMAa', NULL, 'test@gmail.com'),
	(253, '2020-08-15 05:36:46', 'admin', NULL, '2020-08-15 05:36:46', b'1', b'1', b'1', b'1', 'test2@gmail.com', b'1', NULL, NULL, '$2a$10$WTgWWq7JEEJUo//hq1R43ewMHfq8kdP5WHjdZW7QUcoJsQlolo3Me', NULL, 'test2@gmail.com');
/*!40000 ALTER TABLE `tbl_user` ENABLE KEYS */;

-- Dumping structure for table eqa.tbl_user_group
CREATE TABLE IF NOT EXISTS `tbl_user_group` (
  `id` bigint(20) NOT NULL AUTO_INCREMENT,
  `create_date` datetime NOT NULL,
  `created_by` varchar(100) NOT NULL,
  `modified_by` varchar(100) DEFAULT NULL,
  `modify_date` datetime DEFAULT NULL,
  `description` varchar(1000) DEFAULT NULL,
  `name` varchar(100) NOT NULL,
  PRIMARY KEY (`id`)
) ENGINE=MyISAM DEFAULT CHARSET=utf8;

-- Dumping data for table eqa.tbl_user_group: 0 rows
/*!40000 ALTER TABLE `tbl_user_group` DISABLE KEYS */;
/*!40000 ALTER TABLE `tbl_user_group` ENABLE KEYS */;

-- Dumping structure for table eqa.tbl_user_in_health_org
CREATE TABLE IF NOT EXISTS `tbl_user_in_health_org` (
  `id` varchar(255) NOT NULL,
  `create_date` datetime NOT NULL,
  `created_by` varchar(100) NOT NULL,
  `modified_by` varchar(100) DEFAULT NULL,
  `modify_date` datetime DEFAULT NULL,
  `uuid_key` varchar(255) DEFAULT NULL,
  `voided` bit(1) DEFAULT NULL,
  `health_org_id` varchar(255) DEFAULT NULL,
  `user_id` bigint(20) DEFAULT NULL,
  PRIMARY KEY (`id`),
  KEY `FKaksa9tehwoscvni1rasxw947c` (`health_org_id`),
  KEY `FKacsf423iwpb9t4pg3uvky6gsa` (`user_id`)
) ENGINE=MyISAM DEFAULT CHARSET=utf8;

-- Dumping data for table eqa.tbl_user_in_health_org: 1 rows
/*!40000 ALTER TABLE `tbl_user_in_health_org` DISABLE KEYS */;
INSERT INTO `tbl_user_in_health_org` (`id`, `create_date`, `created_by`, `modified_by`, `modify_date`, `uuid_key`, `voided`, `health_org_id`, `user_id`) VALUES
	('e4f6579d-94ef-4f8b-86d2-ba7977330c1b', '2020-08-15 02:55:07', 'admin', 'admin', '2020-08-15 02:55:07', 'a5a68da2-4f90-4c59-bbf8-fb781fb95dd1', NULL, '7d323516-eb86-4904-85b4-18931c3847af', 3),
	('7a6979cf-5cac-4ade-9110-d21a26aa3f51', '2020-08-15 03:05:06', 'admin', 'admin', '2020-08-15 03:05:06', '9bd4ed4f-8eec-4fa4-a1f5-a47a123b2f28', NULL, '0124b114-c587-441c-9c58-effaa6564b22', 6),
	('1fa6f706-3d33-48e8-8a3c-84615b5ac06f', '2020-08-15 03:05:06', 'admin', 'admin', '2020-08-15 03:05:06', '6e061fd7-d30e-4080-936a-19ad10ae471e', NULL, '016449fb-182b-44c2-8970-8c9c53803ebf', 7),
	('a08bf36a-508c-4586-972a-4b4bc5afe5a2', '2020-08-15 03:05:06', 'admin', 'admin', '2020-08-15 03:05:06', 'a744f781-427b-4e99-b1e4-0564b6b66b7e', NULL, '02bd823c-a3be-4570-9c7a-0932dee99e78', 8),
	('dd5e39fe-6f80-410e-bfc0-0b663348ecec', '2020-08-15 03:05:07', 'admin', 'admin', '2020-08-15 03:05:07', 'd941a501-4977-446e-8b5d-31ea22171794', NULL, '03048cf2-48ed-431b-ad60-71961ca4fb55', 9),
	('c694470d-a8a0-459c-badf-822cee0254ba', '2020-08-15 03:05:07', 'admin', 'admin', '2020-08-15 03:05:07', '4a57a1db-32fe-4db7-bf9e-bc1ed99b46cd', NULL, '044c394e-1898-417d-be61-cf91c597a132', 10),
	('844e224e-c7b9-4802-83a5-d4df982a47ab', '2020-08-15 03:05:07', 'admin', 'admin', '2020-08-15 03:05:07', '3f597a96-9fa5-4130-8aa9-c5523aefa62d', NULL, '04965acb-44b4-4543-8716-b9aba526d678', 11),
	('3ddd03e5-b85e-4937-97f4-fb97f9a12485', '2020-08-15 03:05:07', 'admin', 'admin', '2020-08-15 03:05:07', '4d6bba7e-b9ca-4a67-b56e-804820676b72', NULL, '04d6a1b0-33ef-4373-8c60-8345dbd68cd0', 12),
	('73a97824-1a1f-4854-a92c-15612e2380fb', '2020-08-15 03:05:07', 'admin', 'admin', '2020-08-15 03:05:07', '0c42a22e-1c76-4e54-ad63-189e974a992a', NULL, '05841440-9fd7-4786-8604-902b4bbeae1b', 13),
	('bf835dbe-0e14-42d2-a292-4de27ce7a1a0', '2020-08-15 03:05:08', 'admin', 'admin', '2020-08-15 03:05:08', '537feed5-5b33-47a0-9ed7-faad92eebe3a', NULL, '05e9b472-6cc9-43ac-bb82-41da263e90a1', 14),
	('fa872e84-ada2-439f-8ffe-af896b64fa2f', '2020-08-15 03:05:08', 'admin', 'admin', '2020-08-15 03:05:08', '8654e080-15bd-4376-83b5-d1bcf2776716', NULL, '060aac4b-ce10-4dd0-ab01-ca54c992f1a9', 15),
	('b1577a45-9990-45ef-bc0d-f348c25b0e4d', '2020-08-15 03:05:08', 'admin', 'admin', '2020-08-15 03:05:08', '1ff085ef-0775-4b21-86bb-1b2b54af5a51', NULL, '065c87e8-6f19-42e5-8169-6cb31c5abedd', 16),
	('da54ed91-5a2e-4e82-a34d-4f5b98bc32de', '2020-08-15 03:05:08', 'admin', 'admin', '2020-08-15 03:05:08', 'bcc0ca5c-3e45-40d8-b40c-c819b01592e8', NULL, '06e8c877-ad23-4669-a8e6-8467ae1c4a13', 17),
	('3d4ba96d-85f6-473e-9280-48830fcd8725', '2020-08-15 03:05:08', 'admin', 'admin', '2020-08-15 03:05:08', '2f6a6fa7-05f1-460d-9e3b-a5f59cdb3781', NULL, '0746bc5a-85b9-440c-9b6f-802799258deb', 18),
	('6a6c54d7-38c8-4b4f-9a6f-cfa971ef6c63', '2020-08-15 03:05:09', 'admin', 'admin', '2020-08-15 03:05:09', 'a59734cb-f98f-48e1-8f04-6adbeedb304e', NULL, '07d2d6e2-e94c-47fe-bf3f-ac42b22e4135', 19),
	('3e5c9a71-4b48-4b38-8cf0-aa7b7d1668d2', '2020-08-15 03:05:09', 'admin', 'admin', '2020-08-15 03:05:09', 'aea4adb9-3911-4a4f-a0ab-20ed5c5bfe97', NULL, '086f27ac-def6-4399-bca2-f569786aebfd', 20),
	('505c3c82-5162-4c6e-b554-dcdb71180b3f', '2020-08-15 03:05:09', 'admin', 'admin', '2020-08-15 03:05:09', 'f2af55f6-5338-4d18-8b95-b7cdfd8a04dd', NULL, '091ec5a6-69c2-4dc4-abc8-33a7f4397814', 21),
	('0a86ce2d-17ec-4797-84fe-3b02a444f09c', '2020-08-15 03:05:09', 'admin', 'admin', '2020-08-15 03:05:09', 'abed4618-e89d-4c14-999d-9db063edb8bc', NULL, '093215a9-d524-4a5f-840f-38a2bb55565c', 22),
	('a795ae78-d807-40e7-bb63-9e236fa3b965', '2020-08-15 03:05:09', 'admin', 'admin', '2020-08-15 03:05:09', '746dfe89-d08c-48f6-97e6-497d7a5514e0', NULL, '0c885e7a-c569-4606-b290-44a1ce10b8fb', 23),
	('1362e05e-aa9d-4b89-8d04-0bcf7551e131', '2020-08-15 03:05:09', 'admin', 'admin', '2020-08-15 03:05:09', '94d304c3-d04b-4482-b876-4b8236edae42', NULL, '0d6222d8-7ae0-4c2c-9586-8d5f8ac58e07', 24),
	('286e2bc7-0da4-4535-aa8d-04a2e423947c', '2020-08-15 03:05:10', 'admin', 'admin', '2020-08-15 03:05:10', '5edd2b32-9bfa-4be2-a8e2-60850bffe33f', NULL, '0d9bf712-b2a0-421a-b045-cff2e9190135', 25),
	('c972462c-3e7f-455e-813e-b078de5832d7', '2020-08-15 03:05:10', 'admin', 'admin', '2020-08-15 03:05:10', 'eac19e43-acdd-40f6-ae12-e63f73168d52', NULL, '0e4c4e75-f396-456c-9123-21672ac5862f', 26),
	('a9438d58-72c1-4c3a-a60d-c690c86932a2', '2020-08-15 03:05:10', 'admin', 'admin', '2020-08-15 03:05:10', '3ee287da-c76e-49c4-8bdb-6bace61066bb', NULL, '0f4615e5-95aa-4105-aaba-8ca081ef2663', 27),
	('ebd35861-3a7e-44b4-8584-14828bb28476', '2020-08-15 03:05:10', 'admin', 'admin', '2020-08-15 03:05:10', 'e12258a1-cc40-4f45-96d5-2af1c2d8f0be', NULL, '0f9fd2c9-9420-4e2d-9c7f-d8d2a5e49d9a', 28),
	('b8d55b27-ea14-4990-a467-135119d6e5ff', '2020-08-15 03:05:10', 'admin', 'admin', '2020-08-15 03:05:10', '8be76862-2989-49b2-b485-4fecdc248bf5', NULL, '0fb44ad2-1320-4d11-873e-f2aa44674a06', 29),
	('57bb0379-4125-46f9-bfd0-cafd895bb578', '2020-08-15 03:05:11', 'admin', 'admin', '2020-08-15 03:05:11', '32383dd9-64d4-4e46-8526-4b5e9c45de19', NULL, '0fd9d7f5-acb9-497e-b8ce-6438dea36e3c', 30),
	('4cfc734f-0bd5-421d-afc7-c1dcb873a191', '2020-08-15 03:05:11', 'admin', 'admin', '2020-08-15 03:05:11', 'd23dc609-0851-4020-aea8-c579ba8a3983', NULL, '10fdee6d-626b-45a5-8e5a-839ee08901e8', 31),
	('3ad8066f-10c7-4f40-9488-264780966082', '2020-08-15 03:05:11', 'admin', 'admin', '2020-08-15 03:05:11', '3136a467-b277-417f-8990-5f6770411f38', NULL, '166647b7-da8c-4a86-a42b-2c9e4356a7f7', 32),
	('45b28478-21c2-4cf9-ad28-cc6a2314a625', '2020-08-15 03:05:11', 'admin', 'admin', '2020-08-15 03:05:11', 'f9d06fa3-6382-47ea-b8f7-175a99adfc61', NULL, '171c0985-d467-4075-9b3d-aa13d1c74aa2', 4),
	('ed5fb6fa-f649-4e4e-bb2d-c3192b51ffa4', '2020-08-15 03:05:11', 'admin', 'admin', '2020-08-15 03:05:11', '2a8384ac-ec98-4eb3-a344-b09e06c74046', NULL, '17ca92dc-8355-4ead-ba51-1cd97b9f8236', 33),
	('37deb57a-2336-4c60-94ab-8a55fe046727', '2020-08-15 03:05:12', 'admin', 'admin', '2020-08-15 03:05:12', 'b55ad64b-7a06-4354-9132-d046037bbf45', NULL, '18fdbe4b-f61c-4032-83ed-919eab8f7793', 34),
	('7787335f-4cd8-4e1d-b123-3f339afac9f1', '2020-08-15 03:05:12', 'admin', 'admin', '2020-08-15 03:05:12', '16a43fdb-5c23-46f0-943d-06d4616bdaca', NULL, '19759a3e-8450-4b66-bc41-68e71818bca9', 35),
	('4c2cf3e5-a36a-4238-a19b-d79aa40010ec', '2020-08-15 03:05:12', 'admin', 'admin', '2020-08-15 03:05:12', 'b91dcabe-78de-4230-bf8d-cffc52a19c98', NULL, '197eac9d-54ba-4740-bb66-c33eeb4d4370', 36),
	('9b4e2f0b-f45c-45ba-9b79-a39ca75ec6c0', '2020-08-15 03:05:12', 'admin', 'admin', '2020-08-15 03:05:12', 'a9bc7ee7-4a87-4ba5-848c-74d5bf83907b', NULL, '1bbb75ae-ce22-444c-917e-44557f137e72', 37),
	('fef9cddd-257b-408a-ac4b-b1da46031447', '2020-08-15 03:05:12', 'admin', 'admin', '2020-08-15 03:05:12', '554ced6e-e09e-4a45-a3fd-7330f1bdfa61', NULL, '1cd40996-8557-484e-9ac3-ce169dec9707', 38),
	('4868a492-9989-4239-8bef-26214dccdb0a', '2020-08-15 03:05:12', 'admin', 'admin', '2020-08-15 03:05:12', '15e12562-b809-485d-b67c-b0a4efa83050', NULL, '220124d0-7c4d-4274-87d2-3d7226a17efa', 39),
	('817edc8b-498e-458b-b4b1-f6cc85bb5ae8', '2020-08-15 03:05:13', 'admin', 'admin', '2020-08-15 03:05:13', '0191d25d-f48d-461d-8b64-73975085384b', NULL, '23c4f358-1ece-4c82-8f33-a7480d39e723', 40),
	('3658a462-4dcc-4675-8862-876d2751d275', '2020-08-15 03:05:13', 'admin', 'admin', '2020-08-15 03:05:13', '4da8b287-76fd-4f36-a050-721831456167', NULL, '2597b993-2bc1-4d9f-8fb9-ab4464a41303', 41),
	('f3474827-c8fa-4aab-94a1-f8668db06bda', '2020-08-15 03:05:13', 'admin', 'admin', '2020-08-15 03:05:13', '5beaf96a-352a-48f4-9f24-9ae1aa387acd', NULL, '2626321d-29a9-4086-90b4-0a34443fb4f4', 42),
	('7396e3e8-aff3-46f9-a509-1df7dbb8c9d1', '2020-08-15 03:05:13', 'admin', 'admin', '2020-08-15 03:05:13', '6e6c471e-fd5f-438b-9308-6bff192d2866', NULL, '27e8204d-068a-4259-9a27-d2b7b677b0ea', 43),
	('3b9d64cf-0c88-4b75-b836-d21f4935209f', '2020-08-15 03:05:13', 'admin', 'admin', '2020-08-15 03:05:13', 'b87bb179-11ab-4f74-af2d-56ce5bfe39d8', NULL, '2867c5df-3048-4423-94e4-d5ebb4d5b75f', 44),
	('f3a35c36-ce8a-452d-9806-ebe7bcfeaded', '2020-08-15 03:05:14', 'admin', 'admin', '2020-08-15 03:05:14', '2fc8e505-89f5-49cf-9423-13c5f8a16422', NULL, '29ce94d3-04f4-4a6b-a628-391f24417812', 45),
	('74925f76-f1b8-4906-89ae-d3d90157d33e', '2020-08-15 03:05:14', 'admin', 'admin', '2020-08-15 03:05:14', 'c6921f45-c326-4170-8c16-ecabcf17d490', NULL, '29e411c1-0ccb-4eb0-8cfd-f28e3649bd1c', 46),
	('1adac325-4730-43c7-86da-aeb695fb8166', '2020-08-15 03:05:14', 'admin', 'admin', '2020-08-15 03:05:14', '5092304f-660f-4b04-b7cd-c17194c63407', NULL, '2b4ce269-3d1f-4db6-887c-8e990b4a49c9', 47),
	('f4a0fde4-d4fd-402b-a500-cb292d35c262', '2020-08-15 03:05:14', 'admin', 'admin', '2020-08-15 03:05:14', '49decefd-2fcf-437e-acd0-5c179341055c', NULL, '2c4af76d-4951-44eb-9865-a0dc77941b3f', 48),
	('db81afc0-0e2e-4141-a40a-483fe95dda9b', '2020-08-15 03:05:14', 'admin', 'admin', '2020-08-15 03:05:14', '95d22573-43cc-4e93-b99f-4bab5384acf5', NULL, '2c66959d-ec9c-4a0e-ad57-726df1ad8534', 49),
	('0e32635e-973a-4b98-b9a6-d221d0d25984', '2020-08-15 03:05:14', 'admin', 'admin', '2020-08-15 03:05:14', '510d1089-6b92-4d22-970d-10632bdb3235', NULL, '2df59d9b-c1c7-4ea7-942c-5373dbc1e5cb', 50),
	('396a22be-2ed3-42c7-882c-e1859cb56ae8', '2020-08-15 03:05:15', 'admin', 'admin', '2020-08-15 03:05:15', '699ec6f3-9a44-40bf-bcf1-7b7e1022429d', NULL, '2e7f0420-4ede-46c6-9bb0-e35f62071c98', 51),
	('57630b1e-2a7d-40fb-a061-a93f827b21ef', '2020-08-15 03:05:15', 'admin', 'admin', '2020-08-15 03:05:15', '45ec3699-35d6-4d04-8341-751f6686cce2', NULL, '2eebcfb5-15aa-48ac-a4b6-9f91c151973d', 52),
	('0db6ff95-8cbe-494f-89ae-261eedad5832', '2020-08-15 03:05:15', 'admin', 'admin', '2020-08-15 03:05:15', '38a415a8-57a3-42e1-a0ca-c4123f8fa062', NULL, '2ef04019-a096-4bb1-8439-240819e17967', 53),
	('6b7e4a7a-03d1-48fd-853a-316f7b2543d7', '2020-08-15 03:05:15', 'admin', 'admin', '2020-08-15 03:05:15', 'f3fe7716-a711-42cf-84f9-8ad88228be95', NULL, '2f2340f2-22b7-4708-ad51-84dc73773678', 54),
	('979b365a-7209-43a0-a598-8cfeff91b44b', '2020-08-15 03:05:15', 'admin', 'admin', '2020-08-15 03:05:15', 'c991340b-7eb8-4746-b859-75be59b17dba', NULL, '2f657658-a934-4580-8c74-d5e48300d978', 55),
	('505c6faf-9afc-488a-9a2a-86448a7e9a96', '2020-08-15 03:05:15', 'admin', 'admin', '2020-08-15 03:05:15', '76cdb000-0066-446c-9d19-f624cf4ef751', NULL, '2fbffd72-fc80-4ff9-9eff-8bda69aced22', 56),
	('2d0775a6-ca54-4cdb-9141-506dfa00010b', '2020-08-15 03:05:15', 'admin', 'admin', '2020-08-15 03:05:15', '0fe35a38-1ee2-4956-94f6-c68681c350cf', NULL, '328ac1d0-69dc-4615-ab56-95bf36542c1c', 57),
	('d8e7f3c6-9386-4a8e-98d2-e279da40d846', '2020-08-15 03:05:16', 'admin', 'admin', '2020-08-15 03:05:16', '483463e0-518a-4f8b-ae66-9461ac5d94e6', NULL, '328cc835-5117-4996-b02c-7eec9cfd7064', 58),
	('7d2d349e-bb4b-400f-896a-62b5945541a6', '2020-08-15 03:05:16', 'admin', 'admin', '2020-08-15 03:05:16', 'c5092125-6aa9-4e61-9244-8aed8132091c', NULL, '32c97b9e-f71a-4f27-aff4-9f546e9473c4', 59),
	('0dee066b-b1ed-4a14-8bd2-a04977a13f2e', '2020-08-15 03:05:16', 'admin', 'admin', '2020-08-15 03:05:16', '02898de6-0800-4384-82b6-28c04dc660a5', NULL, '34695068-4a9b-4646-bed6-8dc79aa44ecd', 60),
	('d9f8783e-bee2-4535-8176-3f85b6770026', '2020-08-15 03:05:16', 'admin', 'admin', '2020-08-15 03:05:16', '5804727d-67d0-4e76-89e3-f1a9ab968b4d', NULL, '34b42f36-5ff8-45b3-81e5-3e6cee67f1d5', 61),
	('2b8f1eec-7522-477b-ba2f-e2feb25b6330', '2020-08-15 03:05:16', 'admin', 'admin', '2020-08-15 03:05:16', '69d18087-5b5f-4e1a-bb31-957aac52c2ca', NULL, '350b6214-060e-43bf-a333-b157cca8f66b', 62),
	('c0b6e2b7-6aa2-461d-91fc-cc4f154d1832', '2020-08-15 03:05:16', 'admin', 'admin', '2020-08-15 03:05:16', 'fd17ba27-79ab-4be9-a65d-b6f179ae48a1', NULL, '36322695-151d-41ff-aef8-2ce5f27d687d', 63),
	('e9cf4570-9465-4e4a-8daa-8ad948e15e28', '2020-08-15 03:05:16', 'admin', 'admin', '2020-08-15 03:05:16', '9976c8b6-e0b2-4f9e-8106-768845c63e12', NULL, '365bd026-d0d7-4852-8508-252121d5fd6a', 64),
	('eb4a07f0-7ba0-4b2e-9222-5f5836922db5', '2020-08-15 03:05:17', 'admin', 'admin', '2020-08-15 03:05:17', 'a34e8350-f4a7-4de9-abe1-d64fee81b670', NULL, '367fb751-3411-445e-a154-d1c97a5c17fc', 65),
	('6202d91a-5f2b-4593-a39b-f53883968dfd', '2020-08-15 03:05:17', 'admin', 'admin', '2020-08-15 03:05:17', '94e9436c-b3c6-49c7-9273-3aac8a93571d', NULL, '378e4d58-6e8f-4255-bd4d-e54ac3fa9569', 66),
	('53fc1ae5-f95f-4130-ae5c-f11086f4704f', '2020-08-15 03:05:17', 'admin', 'admin', '2020-08-15 03:05:17', '26fcea39-f728-4a57-91e1-f5e2dabe6a10', NULL, '379be23a-7a38-4588-8ba1-3cdf42c3b3c5', 67),
	('2bc81baa-6ffa-452a-8507-3d0e07158837', '2020-08-15 03:05:17', 'admin', 'admin', '2020-08-15 03:05:17', '08894d01-5ae1-4054-88d9-b32a2d66226d', NULL, '3c06af8c-98b0-42ea-9a44-8888f4bb4eab', 68),
	('10e67ff8-89a4-4394-935b-fcc611373a6a', '2020-08-15 03:05:17', 'admin', 'admin', '2020-08-15 03:05:17', 'ece08411-0bfe-4784-9aba-576136cfa8c0', NULL, '3db2025b-9606-446f-8ca0-d51208a50ff5', 69),
	('eaf67eb1-7798-4569-90d2-460831683b38', '2020-08-15 03:05:17', 'admin', 'admin', '2020-08-15 03:05:17', 'b5ba13d3-881b-4167-8fc9-30d5b752c329', NULL, '3dd9adb3-10a6-40a8-8822-a2b4a4c5c3a2', 70),
	('097e361e-b3d1-42fc-8dce-e83bbe206c6f', '2020-08-15 03:05:17', 'admin', 'admin', '2020-08-15 03:05:17', '76ed24df-66fb-4719-94c2-f53514f410ce', NULL, '3e28af0a-469b-4fbd-a61d-a61badc6f0f8', 71),
	('482160b0-a99e-42af-bdd9-00d9681bbab3', '2020-08-15 03:05:18', 'admin', 'admin', '2020-08-15 03:05:18', '5961cc92-30c2-405e-996c-e64ee69636c0', NULL, '3e3f32f6-13db-4afe-bbc2-2a1ff530ee3d', 72),
	('adfc2c52-214c-45a2-a7b6-1a8e7668de18', '2020-08-15 03:05:18', 'admin', 'admin', '2020-08-15 03:05:18', 'b9600274-cc48-464a-bb2e-a6e0c2761cf4', NULL, '3e9e8642-4975-4827-b3ef-946a0070b194', 73),
	('16f0fe3d-c05e-4969-9935-d36759f918ce', '2020-08-15 03:05:18', 'admin', 'admin', '2020-08-15 03:05:18', '670525c5-e399-484b-80e0-c79fd5e86c67', NULL, '3eefeb39-72ae-4f2c-a168-d69a22db3f2e', 74),
	('9d98f17d-c085-4a6a-9687-366cc472e2b2', '2020-08-15 03:05:18', 'admin', 'admin', '2020-08-15 03:05:18', '609c1d63-155b-4039-a6a3-0f85b77d0d61', NULL, '3faf12de-1d58-4a41-8ff8-0d64d93d4306', 75),
	('cf926eaa-a972-43c7-99d4-23ee1ed85529', '2020-08-15 03:05:18', 'admin', 'admin', '2020-08-15 03:05:18', '1dba0837-e5a3-4b24-ae3a-81712aa182a4', NULL, '41d78239-0b92-4c84-aa0c-c458488ceb34', 76),
	('92683bcf-94ea-49d9-881c-58c409e69c5d', '2020-08-15 03:05:18', 'admin', 'admin', '2020-08-15 03:05:18', '6019fd03-e16f-43af-8a20-f42bf2933415', NULL, '41dde68a-63de-45a1-9ca0-0e3fa0c3d374', 77),
	('d2eb9504-53d6-453a-b069-0ed5eef4e17b', '2020-08-15 03:05:18', 'admin', 'admin', '2020-08-15 03:05:18', '4747ff7d-13fb-407f-b104-5b0670ebfad7', NULL, '47e48120-5fee-459b-8e55-e57391b27630', 78),
	('016e5ebd-a1e7-4cc9-a706-cb94fef3b703', '2020-08-15 03:05:19', 'admin', 'admin', '2020-08-15 03:05:19', 'dd81e6fa-ae1e-4d03-ad61-7a968494f3ee', NULL, '48c1a8e4-69d5-4210-ad10-66dc9f2f1fcf', 79),
	('b839feb2-66af-46ce-b651-57130d3cd596', '2020-08-15 03:05:19', 'admin', 'admin', '2020-08-15 03:05:19', '165d5bc7-da9f-48f0-bc70-1e92318f8170', NULL, '4addc731-79f6-455c-b0e6-d0d6c047eaaf', 80),
	('28834e5e-4cc6-40f3-a78d-1e740cc78b44', '2020-08-15 03:05:19', 'admin', 'admin', '2020-08-15 03:05:19', 'a3d475d9-8905-42eb-bede-900a7883cd4d', NULL, '4b328064-fc09-481a-a8d3-93be9e477fb7', 81),
	('cdcedb5e-af96-4dd1-9c64-a43d862856c9', '2020-08-15 03:05:19', 'admin', 'admin', '2020-08-15 03:05:19', '5316d4c0-41dd-426b-ab29-84b96240c094', NULL, '4b6088b0-8377-4243-b515-442caf54cdb4', 82),
	('05f67c36-a16b-45b9-a124-f50e81a5c618', '2020-08-15 03:05:19', 'admin', 'admin', '2020-08-15 03:05:19', '49af176a-bf0e-4e43-9c08-7398b8d17486', NULL, '4b9b4c1f-75f3-48c3-abcb-66fa8b7bcd48', 83),
	('445a88d0-614b-4ae7-9990-741adee14b55', '2020-08-15 03:05:19', 'admin', 'admin', '2020-08-15 03:05:19', 'e119c498-4208-4df9-bc90-835a0878f169', NULL, '4bcec724-3ece-4817-b5ff-bcfd5b574fa8', 84),
	('13f17cfc-5a90-4c02-9d18-c0e191cbc3c7', '2020-08-15 03:05:19', 'admin', 'admin', '2020-08-15 03:05:19', 'e48d0550-36cf-4720-8a65-cec957405def', NULL, '4c7c813f-e775-4fd6-91b3-8077e3131e72', 85),
	('3be21d86-5115-4e3f-b633-c1cb278269b0', '2020-08-15 03:05:20', 'admin', 'admin', '2020-08-15 03:05:20', 'c261522f-b17f-453b-b9d8-189c8d3009fb', NULL, '4e29a7b9-b630-418f-ab03-6869950b5468', 86),
	('96d8ce64-d28b-45a8-bbda-3a0f5d98564b', '2020-08-15 03:05:20', 'admin', 'admin', '2020-08-15 03:05:20', '5e67ceb1-6192-4d28-bed6-f79e4ea3d8df', NULL, '4f727002-2985-4f14-a62f-ac89c7ecfdb8', 87),
	('492e11ed-4381-49a6-9455-eb6cc2b5b9c1', '2020-08-15 03:05:20', 'admin', 'admin', '2020-08-15 03:05:20', '620a8381-290b-4479-a959-7909ccecea68', NULL, '4fcfa3c6-8f90-4a32-b45c-338ca8ed6f1e', 88),
	('93a96623-d2a3-464a-a200-4abfbaf102ac', '2020-08-15 03:05:20', 'admin', 'admin', '2020-08-15 03:05:20', 'b407c251-c31d-4220-8594-0d1c7fae3d23', NULL, '53170d9b-1ce9-4325-90e5-153caa865522', 89),
	('77180bbd-f020-494c-9ae9-2ed4a7559e4e', '2020-08-15 03:05:20', 'admin', 'admin', '2020-08-15 03:05:20', 'f624e0fc-4246-447a-a3f9-c07621f4e459', NULL, '53ea02ed-8df7-4459-ba8b-a4f2e0c61306', 90),
	('683f4a5a-9d4a-4bfa-a2d5-6fe73daf82bd', '2020-08-15 03:05:20', 'admin', 'admin', '2020-08-15 03:05:20', 'efcc555a-2e1f-47eb-a7a1-5c8de820f204', NULL, '548bc3d2-9b26-4e36-b8d5-0adfbfed10d5', 91),
	('e9e37ed8-ab05-4a2f-94c6-26bc78e8578f', '2020-08-15 03:05:20', 'admin', 'admin', '2020-08-15 03:05:20', 'cf90c3a6-9c54-4f46-a03c-4e195857b01e', NULL, '54cc5b9e-4d9b-45f4-a511-c1c31acf9ab1', 92),
	('0bcaa709-52dd-4a6b-8f49-f5abcfc936ca', '2020-08-15 03:05:21', 'admin', 'admin', '2020-08-15 03:05:21', 'a241658b-3f39-4bbb-9068-59c2bb9e5e2c', NULL, '56daa492-e8ff-40f5-8a99-49628e743c87', 93),
	('f2d7dd87-30e9-4530-b445-6c81ea9ce2c5', '2020-08-15 03:05:21', 'admin', 'admin', '2020-08-15 03:05:21', 'af17c737-0cf2-4e8c-88f3-61fc3e152d44', NULL, '57149533-1b4d-4b74-8c63-2ae8dd184d4e', 94),
	('d7af4f38-0456-4663-8886-f1429e1c08d0', '2020-08-15 03:05:21', 'admin', 'admin', '2020-08-15 03:05:21', '25fa70c5-3d48-4902-9e2e-a32fbd81335f', NULL, '584fa7db-db6d-492c-b30e-e71229b48b01', 95),
	('c5b4fdda-46da-4461-91a2-c27fb680d810', '2020-08-15 03:05:21', 'admin', 'admin', '2020-08-15 03:05:21', '0252926f-04d9-4d4b-9b16-1eda9199ef29', NULL, '59bfc792-92e8-4924-af94-1c12f65c2563', 96),
	('b1afee42-34fa-4701-aaaa-b895c4f0d558', '2020-08-15 03:05:21', 'admin', 'admin', '2020-08-15 03:05:21', '6da65848-5e55-4db4-9ac0-da912ecd8239', NULL, '5a16ff68-a048-41a5-aa73-7bd0c810e600', 97),
	('fd915ea2-0741-4ddf-ae2c-3a04ef00cb83', '2020-08-15 03:05:21', 'admin', 'admin', '2020-08-15 03:05:21', '948e56c1-617c-4127-800c-fb1ce6f5c34a', NULL, '5a40ba2a-3533-4ad0-bbc7-6d0a27e035b4', 98),
	('44cadb5e-2a21-4ae3-b1e9-47d739fb20cd', '2020-08-15 03:05:21', 'admin', 'admin', '2020-08-15 03:05:21', '8317b91e-b33c-471d-9172-2a5f515e83ae', NULL, '5a5e9c7f-d9da-4b70-883a-c586bbd0a437', 99),
	('6a265868-5fa6-4217-8f0e-0ad00096d6ef', '2020-08-15 03:05:22', 'admin', 'admin', '2020-08-15 03:05:22', '3b86708b-b635-4adb-a419-76ea360945cd', NULL, '5bc52b60-e4a4-4b78-9f8b-7e1bf7165059', 100),
	('cc66a77d-f0ea-49d3-ba16-370ef3bc0fa3', '2020-08-15 03:05:22', 'admin', 'admin', '2020-08-15 03:05:22', 'e64d27b0-8ebb-417e-9ee8-7947994f6f1b', NULL, '5c31f835-c76e-4c23-a242-e5e852f7ebda', 101),
	('2edfe543-beb5-4155-aa46-42c18dec18e0', '2020-08-15 03:05:22', 'admin', 'admin', '2020-08-15 03:05:22', '7a7a4e59-4539-4f15-acaf-9918a7cc11a6', NULL, '5d4cdde0-62e7-4173-a38e-b7e4f6beb6b1', 102),
	('254664df-3d9c-46db-b895-e1c0d5c33830', '2020-08-15 03:05:22', 'admin', 'admin', '2020-08-15 03:05:22', 'd76c5887-8837-4e5e-9bc3-926ae1677ce9', NULL, '5d4ff4ff-ff7c-49d0-81d5-9a026c633010', 103),
	('957c555a-6fd5-4545-b0df-e3c8aef0eada', '2020-08-15 03:05:22', 'admin', 'admin', '2020-08-15 03:05:22', '0546d44d-cd18-41a5-8b3a-42b588029529', NULL, '5df6bb9d-7856-4532-a435-8dbdcf89675c', 104),
	('1a8a4f1d-2cb3-4073-b52d-ec4aae9ba35e', '2020-08-15 03:05:22', 'admin', 'admin', '2020-08-15 03:05:22', '0e840e0a-fcd2-445a-83bc-183b498b9b84', NULL, '5e306b42-7344-4bc0-a080-d93d71c09f68', 105),
	('95ea372a-bf3b-4fee-80e1-20a85b7d4c95', '2020-08-15 03:05:23', 'admin', 'admin', '2020-08-15 03:05:23', '0b0bbe19-f64e-414a-9cac-55601e936389', NULL, '60e915fb-2a15-48f2-85d0-3047e219256a', 106),
	('09890d81-7ac9-4bd2-868c-0ed6eaddf4b2', '2020-08-15 03:05:23', 'admin', 'admin', '2020-08-15 03:05:23', '01b21314-3930-4d15-ad8f-9fda941bd2eb', NULL, '61bc8350-c3c4-4b59-961a-dd79f7e7231b', 107),
	('5751848e-c477-4163-af96-755d6b41c4c6', '2020-08-15 03:05:23', 'admin', 'admin', '2020-08-15 03:05:23', '070c42ec-299a-460a-8670-ef81944dad33', NULL, '64e26b98-1b12-49e2-a3dd-42c593ea2d25', 108),
	('bc6fe54b-5923-415f-9407-97aca5d59df2', '2020-08-15 03:05:23', 'admin', 'admin', '2020-08-15 03:05:23', 'bb5ff50f-1808-4601-ac88-0ff424aad751', NULL, '66c2b79c-785c-4229-94a3-aebbf76aff6d', 109),
	('603a8add-2a31-471d-ba60-5b3ee1564d36', '2020-08-15 03:05:23', 'admin', 'admin', '2020-08-15 03:05:23', '551c4b06-efd7-4b4d-98d4-43fb0b9f5596', NULL, '6763dd74-314e-4d0c-8a99-744d55ae1866', 110),
	('933b3406-536f-4791-bb46-f25b02cde1de', '2020-08-15 03:05:23', 'admin', 'admin', '2020-08-15 03:05:23', 'bf9e7e31-5af7-4c64-99ed-e5aa4fcc3ec3', NULL, '67afdd0d-2d74-4cad-a914-eecd415cc5e6', 111),
	('26745422-d9cd-4afc-8b53-ef163882498c', '2020-08-15 03:05:23', 'admin', 'admin', '2020-08-15 03:05:23', '7fd7715d-3a29-4af3-ae84-f8ea5b9b58c1', NULL, '69782e35-7120-4622-95f4-6b321c63d150', 112),
	('b955573a-1613-42a1-83fc-b803eca54f1c', '2020-08-15 03:05:24', 'admin', 'admin', '2020-08-15 03:05:24', 'dda101ad-ae03-40d0-904e-122405466d5f', NULL, '6a344238-08b3-440d-b4c1-0ef15034f993', 113),
	('68bcde84-015b-4382-838f-085c54f84c34', '2020-08-15 03:05:24', 'admin', 'admin', '2020-08-15 03:05:24', 'fa9e41f2-b0b1-4f5d-b32b-3bbcb9b1fdfa', NULL, '6af9f01f-e56b-4c13-a05a-0f7bc34a3db1', 114),
	('b91a2195-77bc-472b-9197-e2704f368770', '2020-08-15 03:05:24', 'admin', 'admin', '2020-08-15 03:05:24', '80e51b18-b3fc-4ce0-92a6-ae6a026b2fed', NULL, '6ceef60e-140c-4a91-982e-e62ec53b8cb8', 115),
	('3d331b3c-1abc-412d-9092-6395fcc18eb0', '2020-08-15 03:05:24', 'admin', 'admin', '2020-08-15 03:05:24', '6039f063-77bf-4171-8e54-75c515e5058e', NULL, '6d1692d6-5023-436e-b2f4-885d946770ce', 116),
	('ecbaf29b-ca29-4c3e-b0fa-b9ce26a9ada4', '2020-08-15 03:05:24', 'admin', 'admin', '2020-08-15 03:05:24', '7061f7ef-ce9c-4608-acbc-d6dd5e440214', NULL, '6e4627d2-bbf1-46df-822a-446607243c3f', 117),
	('b3d81150-8c00-4448-b6b6-542d56d18ec0', '2020-08-15 03:05:24', 'admin', 'admin', '2020-08-15 03:05:24', '04351771-a0a5-47e4-9bb2-8b9ff2bf41a8', NULL, '6ec448f5-8458-4c95-a18c-123600cfb6c5', 118),
	('a18b6e59-c83d-41f5-b77a-0e9794796a82', '2020-08-15 03:05:24', 'admin', 'admin', '2020-08-15 03:05:24', '55952aff-194f-4965-b2d1-94185f8ee745', NULL, '6ed18233-f4c1-4dac-869a-2f54c6aeb078', 119),
	('feab86bd-c37f-407d-8490-f5e452f9ab49', '2020-08-15 03:05:24', 'admin', 'admin', '2020-08-15 03:05:24', '0cfe5645-9a9d-4d6c-ae17-895735f0849b', NULL, '720f17b9-1b9c-4fb8-a761-0d7d87402ea5', 120),
	('005ae3aa-294a-4af3-89b1-7770cbfb668c', '2020-08-15 03:05:25', 'admin', 'admin', '2020-08-15 03:05:25', 'eda4c42a-834e-470b-9b20-9d23c48589d8', NULL, '72924120-ecf1-4d85-899e-3f2ecafe906f', 121),
	('7f749211-26cf-4dab-9487-3d221238337c', '2020-08-15 03:05:25', 'admin', 'admin', '2020-08-15 03:05:25', '40620177-df4a-40af-9372-5690e91e6fa4', NULL, '72a1af13-7ef0-4fbe-a528-fdf5f8de0248', 122),
	('fd408846-725e-4e4e-a061-0c0704a1789e', '2020-08-15 03:05:25', 'admin', 'admin', '2020-08-15 03:05:25', '0b81f570-af2a-40f4-8238-810d1d413230', NULL, '72ed8043-bcbd-44df-bf92-fd7989261492', 123),
	('3aadb926-f2b0-4335-82cb-eea7cb3b7cd2', '2020-08-15 03:05:25', 'admin', 'admin', '2020-08-15 03:05:25', '94cd9938-ee7a-416f-83e0-a620d4d79906', NULL, '73c3ceec-bfbf-4a15-bbe3-ef9832a65c72', 124),
	('f9cc3e62-f4d9-4611-a6ec-4883e75bc4a7', '2020-08-15 03:05:25', 'admin', 'admin', '2020-08-15 03:05:25', 'e206a849-f2c1-4259-bd9a-b318179eb2d9', NULL, '76773d8e-d430-4825-b224-1150adace9e5', 125),
	('79342b6e-bebc-45c6-903c-d711363a8621', '2020-08-15 03:05:25', 'admin', 'admin', '2020-08-15 03:05:25', 'dfa987a9-df64-462e-bb15-a33a38f2478a', NULL, '77573ed1-ff24-44b9-815e-af9f7d6cf08c', 126),
	('e46778d7-678e-4f63-a48a-895000052d2c', '2020-08-15 03:05:25', 'admin', 'admin', '2020-08-15 03:05:25', '72d8fcad-8bd1-43a9-99b2-b18c6a7d8f8c', NULL, '77bb3f4e-2994-400d-b31e-a8b252942619', 127),
	('4aab63e3-fdef-4c62-a943-65ff1a6f64ae', '2020-08-15 03:05:26', 'admin', 'admin', '2020-08-15 03:05:26', '94b7139e-15bb-4ff2-acf1-302a478e3b89', NULL, '77c5dc45-314e-4e0b-a529-095e531d2851', 128),
	('05c06da9-dae0-4045-9cb6-7b6627ad2790', '2020-08-15 03:05:26', 'admin', 'admin', '2020-08-15 03:05:26', 'bc8eeaf6-32e5-4ef8-8cf8-046902b35f6e', NULL, '79ffb2f3-c432-4b16-91c0-b0f369343e9c', 129),
	('e89619f0-47bb-4581-83cf-ecec55dcdd6c', '2020-08-15 03:05:26', 'admin', 'admin', '2020-08-15 03:05:26', 'c863ecc5-8a41-4b63-b41b-dcf67bae2b69', NULL, '7aabb455-cb31-4f5a-9340-c009dbe9a314', 130),
	('1c2d7259-a7ff-4655-be22-b9f86c969d10', '2020-08-15 03:05:26', 'admin', 'admin', '2020-08-15 03:05:26', 'e20888bd-22a2-4e79-885f-aaa5c543ccaa', NULL, '7d323516-eb86-4904-85b4-18931c3847af', 131),
	('90e02376-0d78-4308-8985-2dd4c46cfb21', '2020-08-15 03:05:26', 'admin', 'admin', '2020-08-15 03:05:26', '3b195a72-9d78-45ae-bb4f-44077921c792', NULL, '7dd20d78-6822-4e24-a3db-ffa3037e0504', 132),
	('8079bf6b-1152-4b40-9977-c25cc4c6fc26', '2020-08-15 03:05:26', 'admin', 'admin', '2020-08-15 03:05:26', '3ca26db3-e02e-4494-ad60-0ed2e95c6e7b', NULL, '7f217886-f8c2-4633-9c26-f8c57ac6ef84', 133),
	('ddb18176-a015-4922-b682-113186a3d42f', '2020-08-15 03:05:27', 'admin', 'admin', '2020-08-15 03:05:27', '3c723709-ffc0-4cf5-a0a6-152ddeef8986', NULL, '80244d8a-9ef3-4753-9f56-2e8f66bc3d4d', 134),
	('0466c0d6-fab9-4637-8919-34b62fe8cb59', '2020-08-15 03:05:27', 'admin', 'admin', '2020-08-15 03:05:27', '921ae166-63d9-4261-a173-a9054ab596e4', NULL, '80d35282-a4f4-406a-8dbf-75742db7f973', 135),
	('15ff89ce-a60c-4aea-b06c-30cd17ac4c47', '2020-08-15 03:05:27', 'admin', 'admin', '2020-08-15 03:05:27', '6ba19d6e-9f99-454e-85eb-97f29b116eec', NULL, '828058b3-c440-4099-8725-67fabffd1582', 136),
	('05e08567-14ff-455d-8c33-e480bbac94d7', '2020-08-15 03:05:27', 'admin', 'admin', '2020-08-15 03:05:27', 'ad66078d-9472-43c0-a735-e58ea3bf366f', NULL, '82b02501-6b7d-4e0a-afa0-cb94a9c35d89', 137),
	('48505814-20be-42de-9e05-843e9e941aa6', '2020-08-15 03:05:27', 'admin', 'admin', '2020-08-15 03:05:27', '0a75aa42-d88b-4774-9446-ede0a793552e', NULL, '8438e895-cbe3-4000-94c3-7774bcbd2dc3', 138),
	('0f37c308-c106-46da-b805-ee984af517e1', '2020-08-15 03:05:27', 'admin', 'admin', '2020-08-15 03:05:27', '8253527a-769c-4ff0-bb2a-88229f0742d1', NULL, '844f2bd2-9382-44e7-88f5-7b07478aa6cd', 139),
	('edb7c584-58ce-487d-b33e-3eddca0e82b1', '2020-08-15 03:05:27', 'admin', 'admin', '2020-08-15 03:05:27', 'a4190c04-ff46-48d8-af2a-7ffeb4415648', NULL, '84b9c67c-457a-450d-9c36-475413dede0f', 140),
	('c3114d7c-6e26-48b5-9e06-22c5941f3cea', '2020-08-15 03:05:27', 'admin', 'admin', '2020-08-15 03:05:27', 'ac8b07f6-e864-48a7-91be-cb9f21f5a67e', NULL, '8686b0f6-22c6-464c-b027-1b30562d9484', 141),
	('bb8d627b-83ba-43ea-913c-630b3a7d045c', '2020-08-15 03:05:28', 'admin', 'admin', '2020-08-15 03:05:28', 'fa3decbe-3f47-47bf-b9b8-d1d9d49a7bd7', NULL, '86e01585-f4a4-4ada-aba8-9b78637f46b9', 142),
	('6cb0346c-ddb6-42d6-bce7-fc450a56fa01', '2020-08-15 03:05:28', 'admin', 'admin', '2020-08-15 03:05:28', '05bdca6d-4c6e-4d09-8c15-67e4bf6a3af5', NULL, '872c7e53-c526-4c55-a122-bee139358f6f', 143),
	('a3e939d2-4034-4793-bc0c-4544fec8933e', '2020-08-15 03:05:28', 'admin', 'admin', '2020-08-15 03:05:28', '20c14072-a11a-4d67-81e2-8b821cccee5a', NULL, '88f88357-e12d-4ceb-afd0-882d93f610b1', 144),
	('97f4466d-1382-4687-b0f8-bddbd3a3a09d', '2020-08-15 03:05:28', 'admin', 'admin', '2020-08-15 03:05:28', 'e6c83584-c09e-4c5c-8a99-0e233067c4a8', NULL, '89daf7c2-8ccc-4e68-a20e-ee2fd207ff82', 145),
	('40de2105-d2af-4366-a7bb-0f142093547b', '2020-08-15 03:05:28', 'admin', 'admin', '2020-08-15 03:05:28', 'e635d64c-5b8b-46d9-b221-8df2ef2117db', NULL, '8b7564ae-7d57-47ed-9248-371ae8de368a', 146),
	('ae6d7bde-f9e5-4b17-ac17-e79e790bfe99', '2020-08-15 03:05:28', 'admin', 'admin', '2020-08-15 03:05:28', '14d14543-b400-4025-a468-c90876becbce', NULL, '8d642bbe-1517-4694-a332-4d50fa744f6c', 147),
	('57f15965-1c97-489f-93a8-aa49cf1c15ec', '2020-08-15 03:05:29', 'admin', 'admin', '2020-08-15 03:05:29', '093506e4-89a3-4dcb-bfd0-a2d838449e3a', NULL, '8deafa22-8454-47cb-b721-d679ea549a94', 148),
	('98f99dbb-696b-4245-9e58-abe48b4d95ce', '2020-08-15 03:05:29', 'admin', 'admin', '2020-08-15 03:05:29', 'e6333bd0-d1db-469b-b460-1d840a06fbb1', NULL, '8e2b3fcd-003d-40fa-9f62-e561b8439899', 149),
	('bc38dae7-a4be-40e6-bb59-977624ca8e92', '2020-08-15 03:05:29', 'admin', 'admin', '2020-08-15 03:05:29', '92bafc24-7e28-44e1-952c-0bdea86209b6', NULL, '8e6bbd71-e668-4ab2-a458-83213cdee38b', 150),
	('4d049aea-cc0c-4ccd-8146-efe110f98f1d', '2020-08-15 03:05:29', 'admin', 'admin', '2020-08-15 03:05:29', '03b867e8-11ea-4691-9b73-63c2f048606f', NULL, '90c2f06f-eb87-486d-9445-9b0de2160b86', 151),
	('db124955-a4fe-4f3a-9f29-82d9bf2947b7', '2020-08-15 03:05:29', 'admin', 'admin', '2020-08-15 03:05:29', '8659c0d9-ff50-4393-b9a8-4f54624d8c1a', NULL, '9128c1c6-552b-4eb1-843d-10281c86a28f', 152),
	('1ac6e768-9c89-4bf2-a191-a7186ffe98fe', '2020-08-15 03:05:29', 'admin', 'admin', '2020-08-15 03:05:29', '868abd89-25b5-4817-9013-b223e2f87008', NULL, '922bb06f-c909-4c60-a25e-06caebe8ba6a', 153),
	('357c83f7-aa34-4438-9d3a-c5839708b093', '2020-08-15 03:05:30', 'admin', 'admin', '2020-08-15 03:05:30', 'e4d8f3cf-1cb4-49da-9cf7-e537265647a7', NULL, '99817e72-414b-42d7-8a65-eb95871acad6', 154),
	('080a183c-a6ad-448a-b30a-1fd380adf6c6', '2020-08-15 03:05:30', 'admin', 'admin', '2020-08-15 03:05:30', 'c2345021-d318-45f5-916b-515aac28f6a0', NULL, '9a6ba63f-c58e-4f02-b3bf-8eba68860340', 155),
	('8a40b8ff-9e48-4cc3-b3b5-e68479194852', '2020-08-15 03:05:30', 'admin', 'admin', '2020-08-15 03:05:30', '9e662724-e595-4428-838e-54c5e947b088', NULL, '9cf16f37-bb34-4a34-8fdc-d47497011eb7', 156),
	('122d46c6-f5f3-4c04-8030-b3d166a4abe0', '2020-08-15 03:05:30', 'admin', 'admin', '2020-08-15 03:05:30', '7e6014cb-1a7e-4a2c-9bd9-e6c1263828f9', NULL, '9dc3c841-e7b7-4549-b04e-e8baa87fd39c', 157),
	('2d1e9f52-3163-474d-8b09-481953863941', '2020-08-15 03:05:30', 'admin', 'admin', '2020-08-15 03:05:30', '589f9774-dc78-4955-a76f-f69609072cde', NULL, '9ea1c2a2-6fc0-40e5-96d2-2ce1b0836d62', 158),
	('994c0d5f-4edc-4060-9014-ee14e1b271e7', '2020-08-15 03:05:30', 'admin', 'admin', '2020-08-15 03:05:30', '8a092875-aa61-4c3a-b238-17ee988f4e01', NULL, '9f0c2350-a92f-462e-8e38-72f75db3c145', 159),
	('b709a920-cc80-45e1-8ca6-6ff2279b4e65', '2020-08-15 03:05:30', 'admin', 'admin', '2020-08-15 03:05:30', 'ecabfcc3-a41a-448b-99e7-e9722b56b185', NULL, '9fb369c9-21b2-4861-9e33-865d7855576d', 160),
	('32860d5a-9fc5-4822-88cf-d1dfdcb42e10', '2020-08-15 03:05:31', 'admin', 'admin', '2020-08-15 03:05:31', '2a38e987-5a61-4026-b5a5-ac5bba1f2057', NULL, 'a01b9b07-51cf-4bf6-91c2-7d16edb928c8', 161),
	('11868b6d-7810-4722-9b8f-5722d97d9435', '2020-08-15 03:05:31', 'admin', 'admin', '2020-08-15 03:05:31', '8fb355ee-9c02-4026-88b3-172d25afd5db', NULL, 'a1b782b7-553d-440b-87bd-baeae500c2bd', 162),
	('898ebb27-b81d-4f8d-ba81-eff9596d3dff', '2020-08-15 03:05:31', 'admin', 'admin', '2020-08-15 03:05:31', 'f5e86ac1-efa7-412e-88ae-7d5a715f43bf', NULL, 'a1c4971e-d341-4436-a169-c20ee736b29a', 163),
	('5ccdae66-f355-4420-918e-312b8f9aa831', '2020-08-15 03:05:31', 'admin', 'admin', '2020-08-15 03:05:31', '3e1324dd-8add-4e1a-b5ae-3d78fc8d1ddc', NULL, 'a34a6c7e-d09d-403f-86cc-08729133595d', 164),
	('aff47cb7-70c7-41dc-a486-29a04f4116ad', '2020-08-15 03:05:31', 'admin', 'admin', '2020-08-15 03:05:31', '217797af-0f93-404f-aa3b-a23c5765953a', NULL, 'a34fcbf6-3c58-466a-b0e6-9738f7228007', 165),
	('78bed320-ab51-49b5-9ef6-373840abe922', '2020-08-15 03:05:31', 'admin', 'admin', '2020-08-15 03:05:31', '6189b1f8-0c16-42ff-963b-03769ffd05ef', NULL, 'a5ca5aae-d547-4296-9bc2-493d5e5977cb', 166),
	('cf55536d-1182-4709-840f-f21a61eb961e', '2020-08-15 03:05:32', 'admin', 'admin', '2020-08-15 03:05:32', '8c0a99b8-ce73-44a3-8f5c-657558ee5d6c', NULL, 'a601fe38-fb07-424e-87c2-9c78f2ae5789', 167),
	('bcc8394d-9e2e-4086-a268-81c04337824d', '2020-08-15 03:05:32', 'admin', 'admin', '2020-08-15 03:05:32', '774d1256-3375-421e-b8b4-654c94c73906', NULL, 'a63474e2-7d50-4093-990f-9d80050f21f0', 168),
	('9ebd1a14-14c0-44fd-bef8-7795df7f36e4', '2020-08-15 03:05:32', 'admin', 'admin', '2020-08-15 03:05:32', 'e1b3685a-aaa5-4529-b286-63c297a6e622', NULL, 'a646924a-f7df-47e3-aba3-9f243dc9e159', 169),
	('88a93d3b-71d6-4d6f-9c54-7810706ed2c9', '2020-08-15 03:05:32', 'admin', 'admin', '2020-08-15 03:05:32', '45ccf216-272a-4ad4-9a73-c9ef8d49b91e', NULL, 'a728e78c-61b4-44dc-8cbf-c58ba94654c8', 170),
	('b4eb55ab-bbcb-42a0-aa46-663719842edf', '2020-08-15 03:05:32', 'admin', 'admin', '2020-08-15 03:05:32', '38a52c4a-1ecc-4bad-9010-137bf0c5f38c', NULL, 'a8da516b-100a-4d44-9af1-d4e3e514c2e8', 171),
	('66f76cf0-1342-4c35-b0d6-1c0351f39705', '2020-08-15 03:05:32', 'admin', 'admin', '2020-08-15 03:05:32', 'e4eb10db-8406-4281-bd14-b809bbdbed7f', NULL, 'a8ea0aa6-d41d-441d-a47b-dc051393e90c', 172),
	('6835b7df-6e35-44a0-9eb2-11d1c9acff26', '2020-08-15 03:05:32', 'admin', 'admin', '2020-08-15 03:05:32', 'c73f48a0-4ae0-4406-9b14-b32209d197f2', NULL, 'a9e71d60-cc21-49c3-b7c0-3d09592c9869', 173),
	('f473a1fc-0d8b-4fa4-8c23-6c5814e66ddc', '2020-08-15 03:05:33', 'admin', 'admin', '2020-08-15 03:05:33', '3630b3cf-5680-4e25-8324-e4a341d70b88', NULL, 'ab02d802-3b1d-450a-a710-d356bfd8c29f', 174),
	('801b5622-6060-43ab-a376-e5b0a75256bc', '2020-08-15 03:05:33', 'admin', 'admin', '2020-08-15 03:05:33', '89b14a45-9d14-4def-a59f-a44ccb4e60fa', NULL, 'ab14cade-e53a-475a-aafa-f6bdf310c512', 175),
	('69e54ff6-d008-418b-8c35-9bd94ccc5674', '2020-08-15 03:05:33', 'admin', 'admin', '2020-08-15 03:05:33', '813c5225-3dc8-428a-a164-1a6578d048d4', NULL, 'ab26655f-e007-47ff-9b52-7f9159cb39fe', 176),
	('037dac2d-3979-43fc-9389-46cb0165c754', '2020-08-15 03:05:33', 'admin', 'admin', '2020-08-15 03:05:33', '2afe265a-d5c7-4c12-8841-7feade2e29d5', NULL, 'ad73b402-bbd0-409f-b341-71646271a7b4', 177),
	('c60e9a31-2971-4769-b603-c450c398d7a9', '2020-08-15 03:05:33', 'admin', 'admin', '2020-08-15 03:05:33', '381246c5-880b-44d1-a6c8-265765c85b51', NULL, 'ada8c301-2d52-44fc-9ce6-bcedc0aa8c47', 178),
	('1a0cc49b-04a4-45ee-b581-677d22a1fd03', '2020-08-15 03:05:33', 'admin', 'admin', '2020-08-15 03:05:33', 'af937571-9199-42dd-a2ed-573af13c99cc', NULL, 'ade23903-c962-44ba-9a04-6f7dac735080', 179),
	('869b6bb8-ba3a-40ab-8bb4-295f27e9d1e9', '2020-08-15 03:05:33', 'admin', 'admin', '2020-08-15 03:05:33', '6fa2f3cf-1fe0-4ccb-aca4-455311576317', NULL, 'b2007522-97ff-40c7-805c-597701fe4a0f', 180),
	('fc944118-9888-4246-9d57-f0671c19bb12', '2020-08-15 03:05:34', 'admin', 'admin', '2020-08-15 03:05:34', 'e39b0bef-0964-44df-bc79-066d5f8956da', NULL, 'b27b13dc-2122-493d-95af-b6203b08d4b7', 181),
	('1c91e8de-4c02-42d6-82bd-0835b56f0d48', '2020-08-15 03:05:34', 'admin', 'admin', '2020-08-15 03:05:34', '15eb50ab-b0d5-4043-a1e6-3b516f095546', NULL, 'b2f88503-327c-43b4-aac3-f3cb496660f9', 182),
	('fa226719-5622-4abc-ac3a-fd457780a3cf', '2020-08-15 03:05:34', 'admin', 'admin', '2020-08-15 03:05:34', 'bb2ff84a-0e45-4500-a85a-31969ecfe50e', NULL, 'b35caddd-b6b4-4b56-aab9-904774ebaef3', 183),
	('f7115f84-9676-4a06-b75b-54080c85e210', '2020-08-15 03:05:34', 'admin', 'admin', '2020-08-15 03:05:34', 'c43d63a2-acb3-4472-8d06-518cf86d5a56', NULL, 'b3edafa5-cdf7-4277-87aa-66f26dc80afe', 184),
	('40990b2c-8293-46d1-8efb-90344abe090a', '2020-08-15 03:05:34', 'admin', 'admin', '2020-08-15 03:05:34', '7e7e6e6d-059d-4fe9-800a-50f2d57629a1', NULL, 'b54acddf-b1b7-43fa-8599-719497401c1c', 185),
	('13b42434-9724-4c36-b47c-ed99e66e4e21', '2020-08-15 03:05:34', 'admin', 'admin', '2020-08-15 03:05:34', 'c5a6762c-4a1d-4aff-ac1a-59d49cfa80d9', NULL, 'b67f0c79-4819-43cd-aff3-5409b554876a', 186),
	('c3f0fcfb-645f-45cf-84b8-73fb919866f8', '2020-08-15 03:05:35', 'admin', 'admin', '2020-08-15 03:05:35', '7a0edfc0-be62-48eb-8375-42a8fb72acfb', NULL, 'b6d6e842-a258-4038-a588-e1937bb9bbcc', 187),
	('2526f4db-4750-426f-ba1e-c6f5ca2ff19a', '2020-08-15 03:05:35', 'admin', 'admin', '2020-08-15 03:05:35', 'b6b75f94-bf03-4305-9e91-2204d5dba27b', NULL, 'b896babc-cece-49f9-9d10-b8d2fb38d9ef', 188),
	('ab2f122c-c5f8-494c-876f-01c6d7d29d73', '2020-08-15 03:05:35', 'admin', 'admin', '2020-08-15 03:05:35', '44fda0e0-eedc-49c3-b457-758b85bb313d', NULL, 'ba07302e-68cc-4b38-8445-d13fc81c11d6', 189),
	('3010bc7b-4929-4711-bc0f-96b3c5b10916', '2020-08-15 03:05:35', 'admin', 'admin', '2020-08-15 03:05:35', 'dd260d88-98e1-430d-9e25-1ac428beb02b', NULL, 'bbedbdd5-4a45-4f9a-b299-9dda7b71cb7d', 190),
	('2e026dbc-4993-404a-ba75-6ad00255e8fa', '2020-08-15 03:05:35', 'admin', 'admin', '2020-08-15 03:05:35', '164662ee-b1ef-4618-85cd-625cfe9e9ea5', NULL, 'bbfc4943-5a49-41da-a516-6ae4a35bcb02', 191),
	('c69bedb8-ed84-4147-bd55-f1da85650e85', '2020-08-15 03:05:35', 'admin', 'admin', '2020-08-15 03:05:35', 'a280a36d-8631-46e9-9901-707fc426cebe', NULL, 'bbfd5c0c-36ad-45bc-a641-5cdb2eef6d8a', 192),
	('96d4d24f-4d8b-45e2-b382-eb905842e94a', '2020-08-15 03:05:35', 'admin', 'admin', '2020-08-15 03:05:35', '4473a59f-a783-481b-82cf-3d0998176060', NULL, 'bd227f30-671f-412c-a23f-83dacf12a53f', 193),
	('ab0ead31-7431-4a80-ba90-60ee2371c886', '2020-08-15 03:05:36', 'admin', 'admin', '2020-08-15 03:05:36', 'a4ae3b35-7c5a-4faf-8b79-1a0ac8769525', NULL, 'bd711266-17bd-4fd1-907f-97e041ed0880', 194),
	('fe62550a-2644-4e61-b7c1-21da63623687', '2020-08-15 03:05:36', 'admin', 'admin', '2020-08-15 03:05:36', 'a04d8a59-3444-43e9-9e3f-d19ce4599445', NULL, 'be088698-49f4-4936-b7ec-ea03fb1f96aa', 195),
	('c486d9a6-b88c-48ce-a2e1-53f97e8d8f5c', '2020-08-15 03:05:36', 'admin', 'admin', '2020-08-15 03:05:36', '32eefa32-9b43-4530-9a9a-4964478dcbf9', NULL, 'bee9a72d-8048-40d5-950a-3243895670e1', 196),
	('25f41f5e-3ba4-4acb-832b-27d109d3ffa6', '2020-08-15 03:05:36', 'admin', 'admin', '2020-08-15 03:05:36', '1dfcaa9d-49cf-4e2e-9635-b51904f62734', NULL, 'c241f9c5-c282-4766-9ee9-82fe56c763c5', 197),
	('4ccf9991-1e2d-40b6-a77f-ef1e2ab083a1', '2020-08-15 03:05:36', 'admin', 'admin', '2020-08-15 03:05:36', 'c4d48dc1-d6cb-41ce-8e0d-25ac41b52686', NULL, 'c39f5683-34ba-405d-95ee-35f03acd05b5', 198),
	('e6304f50-01c5-49c5-9f51-fab4746a5628', '2020-08-15 03:05:36', 'admin', 'admin', '2020-08-15 03:05:36', 'adf85ed7-1d97-46ef-861b-bf67d111edb6', NULL, 'c5ca4aa4-1271-402f-bcdd-4a4da0fa38e9', 199),
	('f8d43cf1-d755-43a6-a097-1583269eff61', '2020-08-15 03:05:37', 'admin', 'admin', '2020-08-15 03:05:37', 'a506ddc0-b9a1-425d-9a8f-db6010b34527', NULL, 'c68b39bc-a476-4fab-b3b8-ad12df68793a', 200),
	('3c479203-3150-4b20-a7f5-62f418e97c1c', '2020-08-15 03:05:37', 'admin', 'admin', '2020-08-15 03:05:37', 'b2e1e2de-1537-4325-8067-a4cc4878a9d5', NULL, 'c6f313a2-42b4-4ec9-8296-b52da8249908', 201),
	('4bbcf8e6-3ff2-4356-ae0b-8eb55e11916d', '2020-08-15 03:05:37', 'admin', 'admin', '2020-08-15 03:05:37', '5aad2a38-6e4b-4ac8-807d-94498a0b9ef7', NULL, 'c81ba4b4-f485-44a7-9ef1-fccd29a327b8', 202),
	('09744526-7939-41a9-bd88-1f1c9643f39e', '2020-08-15 03:05:37', 'admin', 'admin', '2020-08-15 03:05:37', '875d18e5-b879-4d5d-abd7-17ccff6289e8', NULL, 'c8c758f4-6f09-46ed-ac9f-d34b2392b683', 203),
	('7ec24225-aca1-4c1a-9121-3937672ff579', '2020-08-15 03:05:37', 'admin', 'admin', '2020-08-15 03:05:37', 'dc09837f-9661-4e13-82f1-cceac1448fa0', NULL, 'ca26e983-06ee-4ed2-a6d3-4adf66b13e3f', 204),
	('78effc8e-a8e7-42b2-9f76-d36418c70474', '2020-08-15 03:05:37', 'admin', 'admin', '2020-08-15 03:05:37', 'ac9a9003-2dc6-4b2f-a669-ad132d3cb566', NULL, 'cb21aac3-61d7-413d-866c-638aab49176b', 205),
	('a8ceb1ff-23cd-4f09-bdb9-05b5b0f579fa', '2020-08-15 03:05:37', 'admin', 'admin', '2020-08-15 03:05:37', '54c0485a-6a72-4862-9447-fa42c7e60ca3', NULL, 'cbf4d508-3773-46f5-8aba-7c1acf5148ce', 206),
	('8990f31a-445b-4c5c-90c6-78509f669f47', '2020-08-15 03:05:38', 'admin', 'admin', '2020-08-15 03:05:38', '204da8e8-39a8-46d6-be1a-fd749502aa41', NULL, 'ccb5a20c-919f-4ae9-9ff9-7d56c1291f0a', 207),
	('3d4b9e1b-07a2-4925-bf4b-f3bac066ac6b', '2020-08-15 03:05:38', 'admin', 'admin', '2020-08-15 03:05:38', 'c1753477-4236-4102-b7dc-5fd5633de627', NULL, 'cd808f9f-9d3c-4879-a8cc-400146b9427b', 208),
	('5af04060-f5bd-4b71-8bb5-41a4373cc2a0', '2020-08-15 03:05:38', 'admin', 'admin', '2020-08-15 03:05:38', 'd6fbc676-fbbb-46a0-ae03-0373218cdca7', NULL, 'ce5212c0-25f0-46cc-a96d-8ebb844a87f2', 209),
	('a5c1decd-5646-4f28-b837-df05998f6bfb', '2020-08-15 03:05:38', 'admin', 'admin', '2020-08-15 03:05:38', 'a3155ee7-6a81-4a32-9a78-92ce144d7556', NULL, 'd052bc8d-d930-4c61-9e43-806d090d3d2d', 210),
	('f5838fbb-e92c-4414-acfe-eaed2544372a', '2020-08-15 03:05:38', 'admin', 'admin', '2020-08-15 03:05:38', 'e29b349f-05d0-46c1-a666-944445603279', NULL, 'd09db482-9fed-4f48-81eb-1e5fd433aa1f', 211),
	('6e98b1ca-46ce-4b30-aae4-ba6cdac5cbfa', '2020-08-15 03:05:38', 'admin', 'admin', '2020-08-15 03:05:38', '7d6caf28-8e07-47f6-8818-b052d7d0c586', NULL, 'd1a93d56-a2c0-45cd-ac1c-a3a9d22c30af', 212),
	('6c015f43-f6be-4566-a613-fa11bda4b576', '2020-08-15 03:05:38', 'admin', 'admin', '2020-08-15 03:05:38', '35d3d37d-25df-4f21-8573-9aacc4f80e86', NULL, 'd22a780e-56fe-47e8-b8e1-74e59615a2ba', 213),
	('6d4b7018-eafc-43ee-a47a-5335f73d7829', '2020-08-15 03:05:39', 'admin', 'admin', '2020-08-15 03:05:39', '38463bd2-e63f-400b-baaf-4db39f30627f', NULL, 'd3efa63b-be8b-4a33-8ab8-4cf3ff6a8993', 214),
	('1c636202-1b27-4295-9fb6-a1e856768f92', '2020-08-15 03:05:39', 'admin', 'admin', '2020-08-15 03:05:39', '5117f689-bc9a-4f82-9ed1-071afb93f01d', NULL, 'd4846f80-02fb-4ab5-9581-b5ebddb84569', 215),
	('71d9340d-47db-492b-aa4e-b1964b5a30b7', '2020-08-15 03:05:39', 'admin', 'admin', '2020-08-15 03:05:39', '580a6604-9d9a-4462-9814-be250674f55b', NULL, 'd615744f-a375-4ab7-8ed1-e8f1c4ff856a', 216),
	('e6f3c9ed-5688-4f09-bc18-c0aeb6e18ec6', '2020-08-15 03:05:39', 'admin', 'admin', '2020-08-15 03:05:39', 'f1314f97-185e-4f33-a87e-bb1d3c0decb2', NULL, 'd7cbaeb8-d6b8-4cb1-9954-0e329dbcc1e1', 217),
	('c4acc927-03e2-4dcf-9292-0cf9ef2ce5fd', '2020-08-15 03:05:39', 'admin', 'admin', '2020-08-15 03:05:39', '0153eb73-dd51-44e4-9c69-f192e26a982b', NULL, 'd8bb9b90-2eca-4b65-9bb2-2dd3824cfc40', 218),
	('4ec05f3c-c983-4a29-8111-f30a441f826a', '2020-08-15 03:05:39', 'admin', 'admin', '2020-08-15 03:05:39', '21c557b1-7ca1-4624-a654-6cf584456eac', NULL, 'd8ec61a0-9b5c-4d0b-a80c-a2052a047a3b', 219),
	('8ffee73e-b478-4dae-9c0f-e948a51165fc', '2020-08-15 03:05:39', 'admin', 'admin', '2020-08-15 03:05:39', 'f59005e5-98d9-4b3e-9cb1-702f380df467', NULL, 'd90d9a56-c186-48b1-a728-c0b9c2f9e862', 220),
	('56f8f5c4-2962-407d-b07b-cef2d45a4482', '2020-08-15 03:05:40', 'admin', 'admin', '2020-08-15 03:05:40', '9cefc09d-01fb-4f88-ba35-03e338f67de2', NULL, 'dc17dbb1-d5af-4993-899d-79c643abd45d', 221),
	('3629efaa-e683-4cb3-9aa1-bc0f86b997a3', '2020-08-15 03:05:40', 'admin', 'admin', '2020-08-15 03:05:40', 'fcf290b2-a089-4d0c-81d8-ce6474f76bb9', NULL, 'dc90e404-ee85-4ac0-8b68-21110daad43d', 222),
	('176b982c-5679-4669-aca6-b2764b2a44ca', '2020-08-15 03:05:40', 'admin', 'admin', '2020-08-15 03:05:40', 'bfe7ca7e-166f-4d8b-926a-45ac9ec7a170', NULL, 'dce11300-9f1d-4393-9892-531dcb64ee9b', 223),
	('f497184c-688d-4f6d-9868-02a8f591d81b', '2020-08-15 03:05:40', 'admin', 'admin', '2020-08-15 03:05:40', '9db186f6-c8b7-41c2-a5f8-d3600ac643b2', NULL, 'dd16f53f-24e6-49fa-ba2c-7e8e627983c9', 224),
	('58870a07-c3ec-4553-899f-0fde1893765b', '2020-08-15 03:05:40', 'admin', 'admin', '2020-08-15 03:05:40', 'b788a248-8c2a-449e-852f-f4f86bafe491', NULL, 'df71ff1c-9ebf-4053-9466-eb766e4c8931', 225),
	('5d856f45-41b5-42c1-bef2-dadaae0a1b03', '2020-08-15 03:05:40', 'admin', 'admin', '2020-08-15 03:05:40', '4eae3abf-e853-4070-b569-a879c103fd46', NULL, 'dfe3dabd-4f40-48a8-9e94-4c31f466b060', 226),
	('382d22d6-129c-4ace-b123-2b703ca0b222', '2020-08-15 03:05:40', 'admin', 'admin', '2020-08-15 03:05:40', '8fe89061-e4b0-43da-a724-02ce96922c35', NULL, 'e012b13d-12cf-4727-8053-4f639c67e2e2', 227),
	('d42784cf-50a5-44f8-8d2a-3212d67622ea', '2020-08-15 03:05:41', 'admin', 'admin', '2020-08-15 03:05:41', '15dd1028-0d8f-4441-979f-40afc57b4646', NULL, 'e050269f-b344-4d49-bf5e-4c81630aac18', 228),
	('a5b2c4fe-0045-44a8-bcd7-28086923a19c', '2020-08-15 03:05:41', 'admin', 'admin', '2020-08-15 03:05:41', '47c41f9c-f791-45d4-924f-5a47fe10c6ed', NULL, 'e3eb05f1-8f74-40ad-b464-c3132a6a8c53', 229),
	('4a3723ee-1869-4dec-85d6-55da9256a604', '2020-08-15 03:05:41', 'admin', 'admin', '2020-08-15 03:05:41', 'dcac1335-fab9-462d-b8b9-693e8b77a89a', NULL, 'e49eb414-90e6-4841-96c9-695285d3d560', 230),
	('93c10b37-3c4e-404e-9653-295c82887568', '2020-08-15 03:05:41', 'admin', 'admin', '2020-08-15 03:05:41', '557d6e1c-8f06-4c7b-98d3-0495b59332a5', NULL, 'e6862df5-7640-4c45-853c-e89010f4c87c', 231),
	('a91d73ab-e50c-46a9-b3fd-e404d822d743', '2020-08-15 03:05:41', 'admin', 'admin', '2020-08-15 03:05:41', '38807d31-fc34-419d-b7dd-e212c80813d3', NULL, 'e6b5796f-b073-46c6-be4f-80860e23d12e', 232),
	('26c75145-a9f9-4291-9f37-81b5fd8b3532', '2020-08-15 03:05:41', 'admin', 'admin', '2020-08-15 03:05:41', '81ce6ed9-0f90-4eef-a00b-eb8b9c123b5f', NULL, 'e735fe35-6f56-4f5a-970d-8ea2be0f520f', 233),
	('358a34f4-55f8-4b79-9ad0-d12d21c125cf', '2020-08-15 03:05:41', 'admin', 'admin', '2020-08-15 03:05:41', '89817ec0-5057-4a24-af0e-b3375ee07dfb', NULL, 'eb076443-232e-4aaa-b64c-384cab6792e4', 234),
	('c2fc89c7-c478-44d6-b87e-e300a851a7c8', '2020-08-15 03:05:42', 'admin', 'admin', '2020-08-15 03:05:42', '1b5c3541-251d-4b16-ba62-8bbf51d82fb1', NULL, 'eb140c2c-baf2-4012-b48c-f8eeca5efdd8', 235),
	('a0c64080-ff75-4954-8bc1-978e63e61b86', '2020-08-15 03:05:42', 'admin', 'admin', '2020-08-15 03:05:42', 'd77241dc-776a-40e0-8fc2-3f627a158987', NULL, 'eb77acb6-fb79-41a7-af63-e5bad1080609', 236),
	('c89dc6b8-58ba-4d0f-a37b-14c8757a832d', '2020-08-15 03:05:42', 'admin', 'admin', '2020-08-15 03:05:42', 'dcd4b266-25b0-4420-8f1f-0fbff23ca3ed', NULL, 'efa637f1-0d9c-4a65-b1b7-d97ce0e64b85', 237),
	('1476f50b-87fe-4c32-8331-c1f4e829f2a5', '2020-08-15 03:05:42', 'admin', 'admin', '2020-08-15 03:05:42', '30c46b8a-45a0-4061-b52a-7cfde44496e6', NULL, 'efce7224-6a01-4a2f-8416-80135451ceaa', 238),
	('06272745-1a82-40a6-a796-42afe3e9204f', '2020-08-15 03:05:42', 'admin', 'admin', '2020-08-15 03:05:42', '7ae2c169-3643-41ed-8a7b-4b383addb659', NULL, 'f0452ae1-47de-4b8b-b02f-58fa70666ddb', 239),
	('7208dfa1-437b-48ce-9e04-dfd3426b7378', '2020-08-15 03:05:42', 'admin', 'admin', '2020-08-15 03:05:42', 'e66a5b16-7d16-4abb-b4f9-11dcdabf4b06', NULL, 'f0a73979-4303-4f04-aac6-f2931a7fd631', 240),
	('8b98e314-3cc7-4f05-8224-9cedf7981420', '2020-08-15 03:05:42', 'admin', 'admin', '2020-08-15 03:05:42', '350080c4-4f65-4bbd-92d4-a6996be0984f', NULL, 'f144c84c-9470-4a0b-b444-bda261d0bec5', 241),
	('3a489516-d56e-45a1-8675-bcc9915e5a02', '2020-08-15 03:05:43', 'admin', 'admin', '2020-08-15 03:05:43', '789a9587-7789-4440-ac78-4b155ce02df1', NULL, 'f147e097-2789-4627-846d-b3ce23327f72', 242),
	('91535e67-9453-4d76-9017-5b9ff1ec2792', '2020-08-15 03:05:43', 'admin', 'admin', '2020-08-15 03:05:43', 'd97d7381-2050-42bb-9d9d-c5da1bb1f64b', NULL, 'f1cba45b-d61d-4436-96aa-94e20ef01303', 243),
	('c0c96304-e0df-4b3c-b9ed-ddb93c7bd043', '2020-08-15 03:05:43', 'admin', 'admin', '2020-08-15 03:05:43', '450b48c3-7204-4ba5-bbc6-8256bafc723c', NULL, 'f38e3949-da9d-4a1d-a4b2-f448f3c6045b', 244),
	('0810f5d5-92d7-4df1-9009-e4b8285c9a76', '2020-08-15 03:05:43', 'admin', 'admin', '2020-08-15 03:05:43', '511a3200-287b-4cf1-a44b-b9a3423712e7', NULL, 'f5f38d50-9ef0-40e2-ae2f-0eb5a7d1b7a8', 245),
	('392c5ba4-005c-4ef4-a8fb-1fef4a6467a2', '2020-08-15 03:05:43', 'admin', 'admin', '2020-08-15 03:05:43', 'cda57ae4-2f20-4d36-8265-5fc185ccdae4', NULL, 'f8cb655f-5931-4b50-8ec1-c9855f61c046', 4),
	('8f0666fe-2968-4fa6-a86b-0f4ba7167817', '2020-08-15 03:05:43', 'admin', 'admin', '2020-08-15 03:05:43', '6a0eaaf6-fd10-4a83-ade5-e802d9703667', NULL, 'f8da065b-c4eb-4590-b867-f2d41e232cf5', 246),
	('f46d5c80-6483-4633-85e2-57e10509f502', '2020-08-15 03:05:43', 'admin', 'admin', '2020-08-15 03:05:43', '66e3c815-15c6-468c-964f-75eeab407946', NULL, 'fb98b527-07f4-4e10-81a4-906f52504cd7', 247),
	('75ce72f7-23ec-4526-a79e-a91fa4dae0f1', '2020-08-15 03:05:44', 'admin', 'admin', '2020-08-15 03:05:44', 'ded52ab7-57b6-49e2-ab4e-6fea7a0b455e', NULL, 'fd3feb14-b6ea-4e6c-bb74-32a2efcaef2a', 248),
	('0676e8fe-9c82-485a-b471-df07b6a4185f', '2020-08-15 03:05:44', 'admin', 'admin', '2020-08-15 03:05:44', '1b2431a7-fd09-4197-b8d7-43d9f3f2598c', NULL, 'fe106d48-16f8-44d9-877a-c91ec0ace8b5', 249),
	('b7671f44-45c5-47b1-ab7f-64348176b121', '2020-08-15 03:05:44', 'admin', 'admin', '2020-08-15 03:05:44', '48e62f24-6c43-45cf-a2da-5d33668cb0ef', NULL, 'fe21d8a8-c829-4cb3-9e3d-d1d13918482a', 250),
	('ab5f83ef-3bdb-4b27-9a68-1c7621f9eac1', '2020-08-15 03:05:44', 'admin', 'admin', '2020-08-15 03:05:44', 'eca1957a-93b6-403d-8745-75849c6dfa50', NULL, 'fef97188-56f7-450f-8914-e39e1bafbc16', 251),
	('5bf0456f-43ee-4908-beea-a2943634cbf9', '2020-08-15 03:09:08', 'admin', 'admin', '2020-08-15 03:09:08', 'af0e0f72-9b37-42af-ac20-00c750aa7550', NULL, '03048cf2-48ed-431b-ad60-71961ca4fb55', 3),
	('2128d681-7350-4f28-99c5-fbcadd72b88d', '2020-08-15 03:09:08', 'admin', 'admin', '2020-08-15 03:09:08', '787b25d4-356e-414a-9a64-856481f755af', NULL, 'ce5212c0-25f0-46cc-a96d-8ebb844a87f2', 3),
	('0c234ad7-5f10-4efb-bdf6-60c7d1f8df00', '2020-08-15 03:09:08', 'admin', 'admin', '2020-08-15 03:09:08', '7276ba40-7fc8-407d-af99-c00cefb9a03e', NULL, '69782e35-7120-4622-95f4-6b321c63d150', 3);
/*!40000 ALTER TABLE `tbl_user_in_health_org` ENABLE KEYS */;

-- Dumping structure for table eqa.tbl_user_role
CREATE TABLE IF NOT EXISTS `tbl_user_role` (
  `user_id` bigint(20) NOT NULL,
  `role_id` bigint(20) NOT NULL,
  PRIMARY KEY (`user_id`,`role_id`),
  KEY `FK6phlytlf1w3h9vutsu019xor5` (`role_id`)
) ENGINE=MyISAM DEFAULT CHARSET=utf8;

-- Dumping data for table eqa.tbl_user_role: 7 rows
/*!40000 ALTER TABLE `tbl_user_role` DISABLE KEYS */;
INSERT INTO `tbl_user_role` (`user_id`, `role_id`) VALUES
	(1, 1),
	(1, 2),
	(2, 1),
	(3, 2),
	(3, 3),
	(4, 2),
	(4, 3),
	(5, 2),
	(5, 3),
	(6, 2),
	(6, 3),
	(7, 2),
	(7, 3),
	(8, 2),
	(8, 3),
	(9, 2),
	(9, 3),
	(10, 2),
	(10, 3),
	(11, 2),
	(11, 3),
	(12, 2),
	(12, 3),
	(13, 2),
	(13, 3),
	(14, 2),
	(14, 3),
	(15, 2),
	(15, 3),
	(16, 2),
	(16, 3),
	(17, 2),
	(17, 3),
	(18, 2),
	(18, 3),
	(19, 2),
	(19, 3),
	(20, 2),
	(20, 3),
	(21, 2),
	(21, 3),
	(22, 2),
	(22, 3),
	(23, 2),
	(23, 3),
	(24, 2),
	(24, 3),
	(25, 2),
	(25, 3),
	(26, 2),
	(26, 3),
	(27, 2),
	(27, 3),
	(28, 2),
	(28, 3),
	(29, 2),
	(29, 3),
	(30, 2),
	(30, 3),
	(31, 2),
	(31, 3),
	(32, 2),
	(32, 3),
	(33, 2),
	(33, 3),
	(34, 2),
	(34, 3),
	(35, 2),
	(35, 3),
	(36, 2),
	(36, 3),
	(37, 2),
	(37, 3),
	(38, 2),
	(38, 3),
	(39, 2),
	(39, 3),
	(40, 2),
	(40, 3),
	(41, 2),
	(41, 3),
	(42, 2),
	(42, 3),
	(43, 2),
	(43, 3),
	(44, 2),
	(44, 3),
	(45, 2),
	(45, 3),
	(46, 2),
	(46, 3),
	(47, 2),
	(47, 3),
	(48, 2),
	(48, 3),
	(49, 2),
	(49, 3),
	(50, 2),
	(50, 3),
	(51, 2),
	(51, 3),
	(52, 2),
	(52, 3),
	(53, 2),
	(53, 3),
	(54, 2),
	(54, 3),
	(55, 2),
	(55, 3),
	(56, 2),
	(56, 3),
	(57, 2),
	(57, 3),
	(58, 2),
	(58, 3),
	(59, 2),
	(59, 3),
	(60, 2),
	(60, 3),
	(61, 2),
	(61, 3),
	(62, 2),
	(62, 3),
	(63, 2),
	(63, 3),
	(64, 2),
	(64, 3),
	(65, 2),
	(65, 3),
	(66, 2),
	(66, 3),
	(67, 2),
	(67, 3),
	(68, 2),
	(68, 3),
	(69, 2),
	(69, 3),
	(70, 2),
	(70, 3),
	(71, 2),
	(71, 3),
	(72, 2),
	(72, 3),
	(73, 2),
	(73, 3),
	(74, 2),
	(74, 3),
	(75, 2),
	(75, 3),
	(76, 2),
	(76, 3),
	(77, 2),
	(77, 3),
	(78, 2),
	(78, 3),
	(79, 2),
	(79, 3),
	(80, 2),
	(80, 3),
	(81, 2),
	(81, 3),
	(82, 2),
	(82, 3),
	(83, 2),
	(83, 3),
	(84, 2),
	(84, 3),
	(85, 2),
	(85, 3),
	(86, 2),
	(86, 3),
	(87, 2),
	(87, 3),
	(88, 2),
	(88, 3),
	(89, 2),
	(89, 3),
	(90, 2),
	(90, 3),
	(91, 2),
	(91, 3),
	(92, 2),
	(92, 3),
	(93, 2),
	(93, 3),
	(94, 2),
	(94, 3),
	(95, 2),
	(95, 3),
	(96, 2),
	(96, 3),
	(97, 2),
	(97, 3),
	(98, 2),
	(98, 3),
	(99, 2),
	(99, 3),
	(100, 2),
	(100, 3),
	(101, 2),
	(101, 3),
	(102, 2),
	(102, 3),
	(103, 2),
	(103, 3),
	(104, 2),
	(104, 3),
	(105, 2),
	(105, 3),
	(106, 2),
	(106, 3),
	(107, 2),
	(107, 3),
	(108, 2),
	(108, 3),
	(109, 2),
	(109, 3),
	(110, 2),
	(110, 3),
	(111, 2),
	(111, 3),
	(112, 2),
	(112, 3),
	(113, 2),
	(113, 3),
	(114, 2),
	(114, 3),
	(115, 2),
	(115, 3),
	(116, 2),
	(116, 3),
	(117, 2),
	(117, 3),
	(118, 2),
	(118, 3),
	(119, 2),
	(119, 3),
	(120, 2),
	(120, 3),
	(121, 2),
	(121, 3),
	(122, 2),
	(122, 3),
	(123, 2),
	(123, 3),
	(124, 2),
	(124, 3),
	(125, 2),
	(125, 3),
	(126, 2),
	(126, 3),
	(127, 2),
	(127, 3),
	(128, 2),
	(128, 3),
	(129, 2),
	(129, 3),
	(130, 2),
	(130, 3),
	(131, 2),
	(131, 3),
	(132, 2),
	(132, 3),
	(133, 2),
	(133, 3),
	(134, 2),
	(134, 3),
	(135, 2),
	(135, 3),
	(136, 2),
	(136, 3),
	(137, 2),
	(137, 3),
	(138, 2),
	(138, 3),
	(139, 2),
	(139, 3),
	(140, 2),
	(140, 3),
	(141, 2),
	(141, 3),
	(142, 2),
	(142, 3),
	(143, 2),
	(143, 3),
	(144, 2),
	(144, 3),
	(145, 2),
	(145, 3),
	(146, 2),
	(146, 3),
	(147, 2),
	(147, 3),
	(148, 2),
	(148, 3),
	(149, 2),
	(149, 3),
	(150, 2),
	(150, 3),
	(151, 2),
	(151, 3),
	(152, 2),
	(152, 3),
	(153, 2),
	(153, 3),
	(154, 2),
	(154, 3),
	(155, 2),
	(155, 3),
	(156, 2),
	(156, 3),
	(157, 2),
	(157, 3),
	(158, 2),
	(158, 3),
	(159, 2),
	(159, 3),
	(160, 2),
	(160, 3),
	(161, 2),
	(161, 3),
	(162, 2),
	(162, 3),
	(163, 2),
	(163, 3),
	(164, 2),
	(164, 3),
	(165, 2),
	(165, 3),
	(166, 2),
	(166, 3),
	(167, 2),
	(167, 3),
	(168, 2),
	(168, 3),
	(169, 2),
	(169, 3),
	(170, 2),
	(170, 3),
	(171, 2),
	(171, 3),
	(172, 2),
	(172, 3),
	(173, 2),
	(173, 3),
	(174, 2),
	(174, 3),
	(175, 2),
	(175, 3),
	(176, 2),
	(176, 3),
	(177, 2),
	(177, 3),
	(178, 2),
	(178, 3),
	(179, 2),
	(179, 3),
	(180, 2),
	(180, 3),
	(181, 2),
	(181, 3),
	(182, 2),
	(182, 3),
	(183, 2),
	(183, 3),
	(184, 2),
	(184, 3),
	(185, 2),
	(185, 3),
	(186, 2),
	(186, 3),
	(187, 2),
	(187, 3),
	(188, 2),
	(188, 3),
	(189, 2),
	(189, 3),
	(190, 2),
	(190, 3),
	(191, 2),
	(191, 3),
	(192, 2),
	(192, 3),
	(193, 2),
	(193, 3),
	(194, 2),
	(194, 3),
	(195, 2),
	(195, 3),
	(196, 2),
	(196, 3),
	(197, 2),
	(197, 3),
	(198, 2),
	(198, 3),
	(199, 2),
	(199, 3),
	(200, 2),
	(200, 3),
	(201, 2),
	(201, 3),
	(202, 2),
	(202, 3),
	(203, 2),
	(203, 3),
	(204, 2),
	(204, 3),
	(205, 2),
	(205, 3),
	(206, 2),
	(206, 3),
	(207, 2),
	(207, 3),
	(208, 2),
	(208, 3),
	(209, 2),
	(209, 3),
	(210, 2),
	(210, 3),
	(211, 2),
	(211, 3),
	(212, 2),
	(212, 3),
	(213, 2),
	(213, 3),
	(214, 2),
	(214, 3),
	(215, 2),
	(215, 3),
	(216, 2),
	(216, 3),
	(217, 2),
	(217, 3),
	(218, 2),
	(218, 3),
	(219, 2),
	(219, 3),
	(220, 2),
	(220, 3),
	(221, 2),
	(221, 3),
	(222, 2),
	(222, 3),
	(223, 2),
	(223, 3),
	(224, 2),
	(224, 3),
	(225, 2),
	(225, 3),
	(226, 2),
	(226, 3),
	(227, 2),
	(227, 3),
	(228, 2),
	(228, 3),
	(229, 2),
	(229, 3),
	(230, 2),
	(230, 3),
	(231, 2),
	(231, 3),
	(232, 2),
	(232, 3),
	(233, 2),
	(233, 3),
	(234, 2),
	(234, 3),
	(235, 2),
	(235, 3),
	(236, 2),
	(236, 3),
	(237, 2),
	(237, 3),
	(238, 2),
	(238, 3),
	(239, 2),
	(239, 3),
	(240, 2),
	(240, 3),
	(241, 2),
	(241, 3),
	(242, 2),
	(242, 3),
	(243, 2),
	(243, 3),
	(244, 2),
	(244, 3),
	(245, 2),
	(245, 3),
	(246, 2),
	(246, 3),
	(247, 2),
	(247, 3),
	(248, 2),
	(248, 3),
	(249, 2),
	(249, 3),
	(250, 2),
	(250, 3),
	(251, 2),
	(251, 3),
	(253, 2),
	(253, 3);
/*!40000 ALTER TABLE `tbl_user_role` ENABLE KEYS */;

-- Dumping structure for table eqa.tbl_user_trainning_base
CREATE TABLE IF NOT EXISTS `tbl_user_trainning_base` (
  `id` varchar(255) NOT NULL,
  `create_date` datetime NOT NULL,
  `created_by` varchar(100) NOT NULL,
  `modified_by` varchar(100) DEFAULT NULL,
  `modify_date` datetime DEFAULT NULL,
  `uuid_key` varchar(255) DEFAULT NULL,
  `voided` bit(1) DEFAULT NULL,
  `from_date` datetime DEFAULT NULL,
  `to_date` datetime DEFAULT NULL,
  `training_base_id` varchar(255) DEFAULT NULL,
  `user_id` bigint(20) DEFAULT NULL,
  PRIMARY KEY (`id`),
  KEY `FK95lxeuf149ya6x06u46uc8h4g` (`training_base_id`),
  KEY `FKjkkdf7cuva3s5l91x2h16iy70` (`user_id`)
) ENGINE=MyISAM DEFAULT CHARSET=utf8;

-- Dumping data for table eqa.tbl_user_trainning_base: 0 rows
/*!40000 ALTER TABLE `tbl_user_trainning_base` DISABLE KEYS */;
/*!40000 ALTER TABLE `tbl_user_trainning_base` ENABLE KEYS */;

-- Dumping structure for table eqa.tbl_user_usergroup
CREATE TABLE IF NOT EXISTS `tbl_user_usergroup` (
  `user_id` bigint(20) NOT NULL,
  `group_id` bigint(20) NOT NULL,
  PRIMARY KEY (`user_id`,`group_id`),
  KEY `FKrks54p81jnell5nyq6g6yvl1m` (`group_id`)
) ENGINE=MyISAM DEFAULT CHARSET=utf8;

-- Dumping data for table eqa.tbl_user_usergroup: 0 rows
/*!40000 ALTER TABLE `tbl_user_usergroup` DISABLE KEYS */;
/*!40000 ALTER TABLE `tbl_user_usergroup` ENABLE KEYS */;

/*!40101 SET SQL_MODE=IFNULL(@OLD_SQL_MODE, '') */;
/*!40014 SET FOREIGN_KEY_CHECKS=IF(@OLD_FOREIGN_KEY_CHECKS IS NULL, 1, @OLD_FOREIGN_KEY_CHECKS) */;
/*!40101 SET CHARACTER_SET_CLIENT=@OLD_CHARACTER_SET_CLIENT */;
