-- --------------------------------------------------------
-- Host:                         127.0.0.1
-- Server version:               5.7.30-log - MySQL Community Server (GPL)
-- Server OS:                    Win64
-- HeidiSQL Version:             11.0.0.5919
-- --------------------------------------------------------

/*!40101 SET @OLD_CHARACTER_SET_CLIENT=@@CHARACTER_SET_CLIENT */;
/*!40101 SET NAMES utf8 */;
/*!50503 SET NAMES utf8mb4 */;
/*!40014 SET @OLD_FOREIGN_KEY_CHECKS=@@FOREIGN_KEY_CHECKS, FOREIGN_KEY_CHECKS=0 */;
/*!40101 SET @OLD_SQL_MODE=@@SQL_MODE, SQL_MODE='NO_AUTO_VALUE_ON_ZERO' */;


-- Dumping database structure for eqa_blank
CREATE DATABASE IF NOT EXISTS `eqa_blank` /*!40100 DEFAULT CHARACTER SET utf8 */;
USE `eqa_blank`;

-- Dumping structure for table eqa_blank.clientdetails
CREATE TABLE IF NOT EXISTS `clientdetails` (
  `appId` varchar(255) NOT NULL,
  `resourceIds` varchar(255) DEFAULT NULL,
  `appSecret` varchar(255) DEFAULT NULL,
  `scope` varchar(255) DEFAULT NULL,
  `grantTypes` varchar(255) DEFAULT NULL,
  `redirectUrl` varchar(255) DEFAULT NULL,
  `authorities` varchar(255) DEFAULT NULL,
  `access_token_validity` int(11) DEFAULT NULL,
  `refresh_token_validity` int(11) DEFAULT NULL,
  `additionalInformation` varchar(4096) DEFAULT NULL,
  `autoApproveScopes` varchar(255) DEFAULT NULL,
  PRIMARY KEY (`appId`)
) ENGINE=InnoDB DEFAULT CHARSET=utf8;

-- Dumping data for table eqa_blank.clientdetails: ~0 rows (approximately)
/*!40000 ALTER TABLE `clientdetails` DISABLE KEYS */;
/*!40000 ALTER TABLE `clientdetails` ENABLE KEYS */;

-- Dumping structure for table eqa_blank.oauth_access_token
CREATE TABLE IF NOT EXISTS `oauth_access_token` (
  `authentication_id` varchar(255) NOT NULL,
  `authentication` mediumblob,
  `client_id` varchar(255) DEFAULT NULL,
  `defaultOAuth2AccessToken` tinyblob,
  `refresh_token` varchar(255) DEFAULT NULL,
  `token` mediumblob,
  `token_id` varchar(255) DEFAULT NULL,
  `user_name` varchar(255) DEFAULT NULL,
  PRIMARY KEY (`authentication_id`)
) ENGINE=InnoDB DEFAULT CHARSET=utf8;

-- Dumping data for table eqa_blank.oauth_access_token: ~1 rows (approximately)
/*!40000 ALTER TABLE `oauth_access_token` DISABLE KEYS */;
INSERT INTO `oauth_access_token` (`authentication_id`, `authentication`, `client_id`, `defaultOAuth2AccessToken`, `refresh_token`, `token`, `token_id`, `user_name`) VALUES
	('1ed26509805cb0c5e26ddf7e54eab968', _binary 0xACED0005737200416F72672E737072696E676672616D65776F726B2E73656375726974792E6F61757468322E70726F76696465722E4F417574683241757468656E7469636174696F6EBD400B02166252130200024C000D73746F7265645265717565737474003C4C6F72672F737072696E676672616D65776F726B2F73656375726974792F6F61757468322F70726F76696465722F4F4175746832526571756573743B4C00127573657241757468656E7469636174696F6E7400324C6F72672F737072696E676672616D65776F726B2F73656375726974792F636F72652F41757468656E7469636174696F6E3B787200476F72672E737072696E676672616D65776F726B2E73656375726974792E61757468656E7469636174696F6E2E416273747261637441757468656E7469636174696F6E546F6B656ED3AA287E6E47640E0200035A000D61757468656E746963617465644C000B617574686F7269746965737400164C6A6176612F7574696C2F436F6C6C656374696F6E3B4C000764657461696C737400124C6A6176612F6C616E672F4F626A6563743B787000737200266A6176612E7574696C2E436F6C6C656374696F6E7324556E6D6F6469666961626C654C697374FC0F2531B5EC8E100200014C00046C6973747400104C6A6176612F7574696C2F4C6973743B7872002C6A6176612E7574696C2E436F6C6C656374696F6E7324556E6D6F6469666961626C65436F6C6C656374696F6E19420080CB5EF71E0200014C00016371007E00047870737200136A6176612E7574696C2E41727261794C6973747881D21D99C7619D03000149000473697A6578700000000277040000000273720020636F6D2E676C6F626974732E73656375726974792E646F6D61696E2E526F6C6557AEBA369D591F0F0200034C000B6465736372697074696F6E7400124C6A6176612F6C616E672F537472696E673B4C000269647400104C6A6176612F6C616E672F4C6F6E673B4C00046E616D6571007E000E78720029636F6D2E676C6F626974732E636F72652E6175646974696E672E417564697461626C65456E746974793F485AC6CAF26D940200044C000A6372656174654461746574001D4C6F72672F6A6F64612F74696D652F4C6F63616C4461746554696D653B4C000963726561746564427971007E000E4C000A6D6F646966696564427971007E000E4C000A6D6F646966794461746571007E0011787070707070707372000E6A6176612E6C616E672E4C6F6E673B8BE490CC8F23DF0200014A000576616C7565787200106A6176612E6C616E672E4E756D62657286AC951D0B94E08B02000078700000000000000001740010524F4C455F53555045525F41444D494E7371007E000D70707070707371007E0013000000000000000274000A524F4C455F41444D494E7871007E000C707372003A6F72672E737072696E676672616D65776F726B2E73656375726974792E6F61757468322E70726F76696465722E4F41757468325265717565737400000000000000010200075A0008617070726F7665644C000B617574686F72697469657371007E00044C000A657874656E73696F6E7374000F4C6A6176612F7574696C2F4D61703B4C000B726564697265637455726971007E000E4C00077265667265736874003B4C6F72672F737072696E676672616D65776F726B2F73656375726974792F6F61757468322F70726F76696465722F546F6B656E526571756573743B4C000B7265736F7572636549647374000F4C6A6176612F7574696C2F5365743B4C000D726573706F6E7365547970657371007E001D787200386F72672E737072696E676672616D65776F726B2E73656375726974792E6F61757468322E70726F76696465722E426173655265717565737436287A3EA37169BD0200034C0008636C69656E74496471007E000E4C001172657175657374506172616D657465727371007E001B4C000573636F706571007E001D787074000B636F72655F636C69656E74737200256A6176612E7574696C2E436F6C6C656374696F6E7324556E6D6F6469666961626C654D6170F1A5A8FE74F507420200014C00016D71007E001B7870737200116A6176612E7574696C2E486173684D61700507DAC1C31660D103000246000A6C6F6164466163746F724900097468726573686F6C6478703F400000000000067708000000080000000374000A6772616E745F7479706574000870617373776F7264740009636C69656E745F696474000B636F72655F636C69656E74740008757365726E616D6574000561646D696E78737200256A6176612E7574696C2E436F6C6C656374696F6E7324556E6D6F6469666961626C65536574801D92D18F9B80550200007871007E0009737200176A6176612E7574696C2E4C696E6B656448617368536574D86CD75A95DD2A1E020000787200116A6176612E7574696C2E48617368536574BA44859596B8B7340300007870770C000000103F4000000000000374000472656164740005777269746574000664656C65746578017371007E002E770C000000103F40000000000000787371007E00233F40000000000000770800000010000000007870707371007E002E770C000000103F40000000000000787371007E002E770C000000103F40000000000000787372004F6F72672E737072696E676672616D65776F726B2E73656375726974792E61757468656E7469636174696F6E2E557365726E616D6550617373776F726441757468656E7469636174696F6E546F6B656E00000000000001FE0200024C000B63726564656E7469616C7371007E00054C00097072696E636970616C71007E00057871007E0003017371007E00077371007E000B0000000277040000000271007E001271007E00177871007E003A737200176A6176612E7574696C2E4C696E6B6564486173684D617034C04E5C106CC0FB0200015A000B6163636573734F726465727871007E00233F400000000000067708000000080000000474000D636C69656E745F73656372657474000673656372657471007E002571007E002671007E002771007E002871007E002971007E002A78007073720020636F6D2E676C6F626974732E73656375726974792E646F6D61696E2E557365723F7659FAE0AED2900200114C00116163636F756E744E6F6E457870697265647400134C6A6176612F6C616E672F426F6F6C65616E3B4C00106163636F756E744E6F6E4C6F636B656471007E00404C000661637469766571007E00404C000E6368616E676550617373776F726471007E00404C000F636F6E6669726D50617373776F726471007E000E4C001563726564656E7469616C734E6F6E4578706972656471007E00404C0005656D61696C71007E000E4C000667726F75707371007E001D4C0002696471007E000F4C000B6A7573744372656174656471007E00404C00116C6173744C6F67696E4661696C7572657371007E000F4C000D6C6173744C6F67696E54696D657400104C6A6176612F7574696C2F446174653B4C000870617373776F726471007E000E4C0006706572736F6E7400204C636F6D2F676C6F626974732F636F72652F646F6D61696E2F506572736F6E3B4C0005726F6C657371007E001D4C0012746F74616C4C6F67696E4661696C7572657371007E000F4C0008757365726E616D6571007E000E7871007E001070707070737200116A6176612E6C616E672E426F6F6C65616ECD207280D59CFAEE0200015A000576616C756578700171007E004571007E00457371007E0044007071007E004574001161646D696E40676C6F626974732E6E65747371007E002E770C000000103F400000000000007871007E001871007E0045707074003C243261243130247253623253564B506D7A6D42617A46314852504B6675342E553337655745624F4A5A477936366453573678414E556A64395A4947797372001E636F6D2E676C6F626974732E636F72652E646F6D61696E2E506572736F6E10E3086BDC66408D02001F4C0005456D61696C71007E000E4C00076164647265737371007E001D4C000962697274684461746571007E00414C000A6269727468506C61636571007E000E4C000663617272657271007E000E4C0016636F6D6D756E69737450617274794A6F696E4461746571007E00414C001B636F6D6D756E697374596F757468556E696F6E4A6F696E4461746571007E00414C000B646973706C61794E616D6571007E000E4C0007656E644461746571007E00414C00076574686E6963737400214C636F6D2F676C6F626974732F636F72652F646F6D61696E2F4574686E6963733B4C001166616D696C79536F6369616C436C6173737400254C636F6D2F676C6F626974732F636F72652F646F6D61696E2F536F6369616C436C6173733B4C001466616D696C79536F6369616C5072696F726974797400284C636F6D2F676C6F626974732F636F72652F646F6D61696E2F536F6369616C5072696F726974793B4C000966697273744E616D6571007E000E4C000667656E64657271007E000E4C000869644E756D62657271007E000E4C000F69644E756D6265724973737565427971007E000E4C001169644E756D62657249737375654461746571007E00414C0009696D6167655061746871007E000E4C000669734465616471007E00404C00086C6173744E616D6571007E000E4C000D6D61726974616C5374617475737400134C6A6176612F6C616E672F496E74656765723B4C000B6E6174696F6E616C6974797400214C636F6D2F676C6F626974732F636F72652F646F6D61696E2F436F756E7472793B4C000D6E617469766556696C6C61676574002C4C636F6D2F676C6F626974732F636F72652F646F6D61696E2F41646D696E697374726174697665556E69743B4C0016706572736F6E616C536F6369616C5072696F7269747971007E004D4C000B70686F6E654E756D62657271007E000E5B000570686F746F7400025B424C000C70686F746F43726F7070656471007E00404C000872656C6967696F6E7400224C636F6D2F676C6F626974732F636F72652F646F6D61696E2F52656C6967696F6E3B4C000973686F72744E616D6571007E000E4C000973746172744461746571007E00414C0004757365727400224C636F6D2F676C6F626974732F73656375726974792F646F6D61696E2F557365723B78720022636F6D2E676C6F626974732E636F72652E646F6D61696E2E426173654F626A65637400000000000000010200034C000269647400104C6A6176612F7574696C2F555549443B4C0007757569644B657971007E00554C0006766F6964656471007E00407871007E0010707070707372000E6A6176612E7574696C2E55554944BC9903F7986D852F0200024A000C6C65617374536967426974734A000B6D6F7374536967426974737870B6B4F21FB870B0AEE7DE68F54FB04DC57371007E00578415AAB9292E7FBDBA93D4278AF0441470707371007E002E770C000000103F4000000000000078707070707074000A41646D696E20557365727070707074000541646D696E7400014D70707070707400045573657270707070707070707070707371007E002E770C000000103F4000000000000271007E001271007E0017787074000561646D696E, 'core_client', NULL, 'f70eb10ee8a99f3734e9eebe06d14dd4', _binary 0xACED0005737200436F72672E737072696E676672616D65776F726B2E73656375726974792E6F61757468322E636F6D6D6F6E2E44656661756C744F4175746832416363657373546F6B656E0CB29E361B24FACE0200064C00156164646974696F6E616C496E666F726D6174696F6E74000F4C6A6176612F7574696C2F4D61703B4C000A65787069726174696F6E7400104C6A6176612F7574696C2F446174653B4C000C72656672657368546F6B656E74003F4C6F72672F737072696E676672616D65776F726B2F73656375726974792F6F61757468322F636F6D6D6F6E2F4F417574683252656672657368546F6B656E3B4C000573636F706574000F4C6A6176612F7574696C2F5365743B4C0009746F6B656E547970657400124C6A6176612F6C616E672F537472696E673B4C000576616C756571007E00057870737200176A6176612E7574696C2E4C696E6B6564486173684D617034C04E5C106CC0FB0200015A000B6163636573734F72646572787200116A6176612E7574696C2E486173684D61700507DAC1C31660D103000246000A6C6F6164466163746F724900097468726573686F6C6478703F400000000000017708000000020000000174000C6F7267616E697A6174696F6E74000961646D696E784F6E7178007372000E6A6176612E7574696C2E44617465686A81014B597419030000787077080000017492360125787372004C6F72672E737072696E676672616D65776F726B2E73656375726974792E6F61757468322E636F6D6D6F6E2E44656661756C744578706972696E674F417574683252656672657368546F6B656E2FDF47639DD0C9B70200014C000A65787069726174696F6E71007E0002787200446F72672E737072696E676672616D65776F726B2E73656375726974792E6F61757468322E636F6D6D6F6E2E44656661756C744F417574683252656672657368546F6B656E73E10E0A6354D45E0200014C000576616C756571007E0005787074002465376363363362352D646133352D343466652D396434322D3464666463373739316630307371007E000C7708000001749236011F78737200256A6176612E7574696C2E436F6C6C656374696F6E7324556E6D6F6469666961626C65536574801D92D18F9B80550200007872002C6A6176612E7574696C2E436F6C6C656374696F6E7324556E6D6F6469666961626C65436F6C6C656374696F6E19420080CB5EF71E0200014C0001637400164C6A6176612F7574696C2F436F6C6C656374696F6E3B7870737200176A6176612E7574696C2E4C696E6B656448617368536574D86CD75A95DD2A1E020000787200116A6176612E7574696C2E48617368536574BA44859596B8B7340300007870770C000000103F4000000000000374000472656164740005777269746574000664656C6574657874000662656172657274002433303637633730322D666638382D343166372D386631652D613930326262363738613638, 'd7a449f4aed00681a77959c1b391c232', 'admin');
/*!40000 ALTER TABLE `oauth_access_token` ENABLE KEYS */;

-- Dumping structure for table eqa_blank.oauth_client_details
CREATE TABLE IF NOT EXISTS `oauth_client_details` (
  `client_id` varchar(255) NOT NULL,
  `resource_ids` varchar(255) DEFAULT NULL,
  `client_secret` varchar(255) DEFAULT NULL,
  `scope` varchar(255) DEFAULT NULL,
  `authorized_grant_types` varchar(255) DEFAULT NULL,
  `web_server_redirect_uri` varchar(255) DEFAULT NULL,
  `authorities` varchar(255) DEFAULT NULL,
  `access_token_validity` int(11) DEFAULT NULL,
  `refresh_token_validity` int(11) DEFAULT NULL,
  `additional_information` varchar(4096) DEFAULT NULL,
  `autoapprove` varchar(255) DEFAULT NULL,
  PRIMARY KEY (`client_id`)
) ENGINE=InnoDB DEFAULT CHARSET=utf8;

-- Dumping data for table eqa_blank.oauth_client_details: ~2 rows (approximately)
/*!40000 ALTER TABLE `oauth_client_details` DISABLE KEYS */;
INSERT INTO `oauth_client_details` (`client_id`, `resource_ids`, `client_secret`, `scope`, `authorized_grant_types`, `web_server_redirect_uri`, `authorities`, `access_token_validity`, `refresh_token_validity`, `additional_information`, `autoapprove`) VALUES
	('core_client', NULL, '$2a$10$ePZ9kwbN2JyipmgJeCT4RudBZJ5Cwt6HeI1KzdHwJt37.WUFAE.a2', 'read,write,delete', 'password,authorization_code,refresh_token', NULL, NULL, 36000, 36000, NULL, '1'),
	('education_client', NULL, 'password', 'read,write,delete', 'password,authorization_code,refresh_token', NULL, NULL, 36000, 36000, NULL, '1');
/*!40000 ALTER TABLE `oauth_client_details` ENABLE KEYS */;

-- Dumping structure for table eqa_blank.oauth_client_token
CREATE TABLE IF NOT EXISTS `oauth_client_token` (
  `token_id` varchar(255) DEFAULT NULL,
  `token` mediumblob,
  `authentication_id` varchar(255) NOT NULL,
  `user_name` varchar(255) DEFAULT NULL,
  `client_id` varchar(255) DEFAULT NULL,
  PRIMARY KEY (`authentication_id`)
) ENGINE=InnoDB DEFAULT CHARSET=utf8;

-- Dumping data for table eqa_blank.oauth_client_token: ~0 rows (approximately)
/*!40000 ALTER TABLE `oauth_client_token` DISABLE KEYS */;
/*!40000 ALTER TABLE `oauth_client_token` ENABLE KEYS */;

-- Dumping structure for table eqa_blank.oauth_code
CREATE TABLE IF NOT EXISTS `oauth_code` (
  `code` varchar(255) DEFAULT NULL,
  `authentication` mediumblob
) ENGINE=InnoDB DEFAULT CHARSET=utf8;

-- Dumping data for table eqa_blank.oauth_code: ~0 rows (approximately)
/*!40000 ALTER TABLE `oauth_code` DISABLE KEYS */;
/*!40000 ALTER TABLE `oauth_code` ENABLE KEYS */;

-- Dumping structure for table eqa_blank.oauth_refresh_token
CREATE TABLE IF NOT EXISTS `oauth_refresh_token` (
  `token_id` varchar(255) DEFAULT NULL,
  `token` mediumblob,
  `authentication` mediumblob
) ENGINE=InnoDB DEFAULT CHARSET=utf8;

-- Dumping data for table eqa_blank.oauth_refresh_token: ~1 rows (approximately)
/*!40000 ALTER TABLE `oauth_refresh_token` DISABLE KEYS */;
INSERT INTO `oauth_refresh_token` (`token_id`, `token`, `authentication`) VALUES
	('f70eb10ee8a99f3734e9eebe06d14dd4', _binary 0xACED00057372004C6F72672E737072696E676672616D65776F726B2E73656375726974792E6F61757468322E636F6D6D6F6E2E44656661756C744578706972696E674F417574683252656672657368546F6B656E2FDF47639DD0C9B70200014C000A65787069726174696F6E7400104C6A6176612F7574696C2F446174653B787200446F72672E737072696E676672616D65776F726B2E73656375726974792E6F61757468322E636F6D6D6F6E2E44656661756C744F417574683252656672657368546F6B656E73E10E0A6354D45E0200014C000576616C75657400124C6A6176612F6C616E672F537472696E673B787074002465376363363362352D646133352D343466652D396434322D3464666463373739316630307372000E6A6176612E7574696C2E44617465686A81014B59741903000078707708000001749236011F78, _binary 0xACED0005737200416F72672E737072696E676672616D65776F726B2E73656375726974792E6F61757468322E70726F76696465722E4F417574683241757468656E7469636174696F6EBD400B02166252130200024C000D73746F7265645265717565737474003C4C6F72672F737072696E676672616D65776F726B2F73656375726974792F6F61757468322F70726F76696465722F4F4175746832526571756573743B4C00127573657241757468656E7469636174696F6E7400324C6F72672F737072696E676672616D65776F726B2F73656375726974792F636F72652F41757468656E7469636174696F6E3B787200476F72672E737072696E676672616D65776F726B2E73656375726974792E61757468656E7469636174696F6E2E416273747261637441757468656E7469636174696F6E546F6B656ED3AA287E6E47640E0200035A000D61757468656E746963617465644C000B617574686F7269746965737400164C6A6176612F7574696C2F436F6C6C656374696F6E3B4C000764657461696C737400124C6A6176612F6C616E672F4F626A6563743B787000737200266A6176612E7574696C2E436F6C6C656374696F6E7324556E6D6F6469666961626C654C697374FC0F2531B5EC8E100200014C00046C6973747400104C6A6176612F7574696C2F4C6973743B7872002C6A6176612E7574696C2E436F6C6C656374696F6E7324556E6D6F6469666961626C65436F6C6C656374696F6E19420080CB5EF71E0200014C00016371007E00047870737200136A6176612E7574696C2E41727261794C6973747881D21D99C7619D03000149000473697A6578700000000277040000000273720020636F6D2E676C6F626974732E73656375726974792E646F6D61696E2E526F6C6557AEBA369D591F0F0200034C000B6465736372697074696F6E7400124C6A6176612F6C616E672F537472696E673B4C000269647400104C6A6176612F6C616E672F4C6F6E673B4C00046E616D6571007E000E78720029636F6D2E676C6F626974732E636F72652E6175646974696E672E417564697461626C65456E746974793F485AC6CAF26D940200044C000A6372656174654461746574001D4C6F72672F6A6F64612F74696D652F4C6F63616C4461746554696D653B4C000963726561746564427971007E000E4C000A6D6F646966696564427971007E000E4C000A6D6F646966794461746571007E0011787070707070707372000E6A6176612E6C616E672E4C6F6E673B8BE490CC8F23DF0200014A000576616C7565787200106A6176612E6C616E672E4E756D62657286AC951D0B94E08B02000078700000000000000001740010524F4C455F53555045525F41444D494E7371007E000D70707070707371007E0013000000000000000274000A524F4C455F41444D494E7871007E000C707372003A6F72672E737072696E676672616D65776F726B2E73656375726974792E6F61757468322E70726F76696465722E4F41757468325265717565737400000000000000010200075A0008617070726F7665644C000B617574686F72697469657371007E00044C000A657874656E73696F6E7374000F4C6A6176612F7574696C2F4D61703B4C000B726564697265637455726971007E000E4C00077265667265736874003B4C6F72672F737072696E676672616D65776F726B2F73656375726974792F6F61757468322F70726F76696465722F546F6B656E526571756573743B4C000B7265736F7572636549647374000F4C6A6176612F7574696C2F5365743B4C000D726573706F6E7365547970657371007E001D787200386F72672E737072696E676672616D65776F726B2E73656375726974792E6F61757468322E70726F76696465722E426173655265717565737436287A3EA37169BD0200034C0008636C69656E74496471007E000E4C001172657175657374506172616D657465727371007E001B4C000573636F706571007E001D787074000B636F72655F636C69656E74737200256A6176612E7574696C2E436F6C6C656374696F6E7324556E6D6F6469666961626C654D6170F1A5A8FE74F507420200014C00016D71007E001B7870737200116A6176612E7574696C2E486173684D61700507DAC1C31660D103000246000A6C6F6164466163746F724900097468726573686F6C6478703F400000000000067708000000080000000374000A6772616E745F7479706574000870617373776F7264740009636C69656E745F696474000B636F72655F636C69656E74740008757365726E616D6574000561646D696E78737200256A6176612E7574696C2E436F6C6C656374696F6E7324556E6D6F6469666961626C65536574801D92D18F9B80550200007871007E0009737200176A6176612E7574696C2E4C696E6B656448617368536574D86CD75A95DD2A1E020000787200116A6176612E7574696C2E48617368536574BA44859596B8B7340300007870770C000000103F4000000000000374000472656164740005777269746574000664656C65746578017371007E002E770C000000103F40000000000000787371007E00233F40000000000000770800000010000000007870707371007E002E770C000000103F40000000000000787371007E002E770C000000103F40000000000000787372004F6F72672E737072696E676672616D65776F726B2E73656375726974792E61757468656E7469636174696F6E2E557365726E616D6550617373776F726441757468656E7469636174696F6E546F6B656E00000000000001FE0200024C000B63726564656E7469616C7371007E00054C00097072696E636970616C71007E00057871007E0003017371007E00077371007E000B0000000277040000000271007E001271007E00177871007E003A737200176A6176612E7574696C2E4C696E6B6564486173684D617034C04E5C106CC0FB0200015A000B6163636573734F726465727871007E00233F400000000000067708000000080000000474000D636C69656E745F73656372657474000673656372657471007E002571007E002671007E002771007E002871007E002971007E002A78007073720020636F6D2E676C6F626974732E73656375726974792E646F6D61696E2E557365723F7659FAE0AED2900200114C00116163636F756E744E6F6E457870697265647400134C6A6176612F6C616E672F426F6F6C65616E3B4C00106163636F756E744E6F6E4C6F636B656471007E00404C000661637469766571007E00404C000E6368616E676550617373776F726471007E00404C000F636F6E6669726D50617373776F726471007E000E4C001563726564656E7469616C734E6F6E4578706972656471007E00404C0005656D61696C71007E000E4C000667726F75707371007E001D4C0002696471007E000F4C000B6A7573744372656174656471007E00404C00116C6173744C6F67696E4661696C7572657371007E000F4C000D6C6173744C6F67696E54696D657400104C6A6176612F7574696C2F446174653B4C000870617373776F726471007E000E4C0006706572736F6E7400204C636F6D2F676C6F626974732F636F72652F646F6D61696E2F506572736F6E3B4C0005726F6C657371007E001D4C0012746F74616C4C6F67696E4661696C7572657371007E000F4C0008757365726E616D6571007E000E7871007E001070707070737200116A6176612E6C616E672E426F6F6C65616ECD207280D59CFAEE0200015A000576616C756578700171007E004571007E00457371007E0044007071007E004574001161646D696E40676C6F626974732E6E65747371007E002E770C000000103F400000000000007871007E001871007E0045707074003C243261243130247253623253564B506D7A6D42617A46314852504B6675342E553337655745624F4A5A477936366453573678414E556A64395A4947797372001E636F6D2E676C6F626974732E636F72652E646F6D61696E2E506572736F6E10E3086BDC66408D02001F4C0005456D61696C71007E000E4C00076164647265737371007E001D4C000962697274684461746571007E00414C000A6269727468506C61636571007E000E4C000663617272657271007E000E4C0016636F6D6D756E69737450617274794A6F696E4461746571007E00414C001B636F6D6D756E697374596F757468556E696F6E4A6F696E4461746571007E00414C000B646973706C61794E616D6571007E000E4C0007656E644461746571007E00414C00076574686E6963737400214C636F6D2F676C6F626974732F636F72652F646F6D61696E2F4574686E6963733B4C001166616D696C79536F6369616C436C6173737400254C636F6D2F676C6F626974732F636F72652F646F6D61696E2F536F6369616C436C6173733B4C001466616D696C79536F6369616C5072696F726974797400284C636F6D2F676C6F626974732F636F72652F646F6D61696E2F536F6369616C5072696F726974793B4C000966697273744E616D6571007E000E4C000667656E64657271007E000E4C000869644E756D62657271007E000E4C000F69644E756D6265724973737565427971007E000E4C001169644E756D62657249737375654461746571007E00414C0009696D6167655061746871007E000E4C000669734465616471007E00404C00086C6173744E616D6571007E000E4C000D6D61726974616C5374617475737400134C6A6176612F6C616E672F496E74656765723B4C000B6E6174696F6E616C6974797400214C636F6D2F676C6F626974732F636F72652F646F6D61696E2F436F756E7472793B4C000D6E617469766556696C6C61676574002C4C636F6D2F676C6F626974732F636F72652F646F6D61696E2F41646D696E697374726174697665556E69743B4C0016706572736F6E616C536F6369616C5072696F7269747971007E004D4C000B70686F6E654E756D62657271007E000E5B000570686F746F7400025B424C000C70686F746F43726F7070656471007E00404C000872656C6967696F6E7400224C636F6D2F676C6F626974732F636F72652F646F6D61696E2F52656C6967696F6E3B4C000973686F72744E616D6571007E000E4C000973746172744461746571007E00414C0004757365727400224C636F6D2F676C6F626974732F73656375726974792F646F6D61696E2F557365723B78720022636F6D2E676C6F626974732E636F72652E646F6D61696E2E426173654F626A65637400000000000000010200034C000269647400104C6A6176612F7574696C2F555549443B4C0007757569644B657971007E00554C0006766F6964656471007E00407871007E0010707070707372000E6A6176612E7574696C2E55554944BC9903F7986D852F0200024A000C6C65617374536967426974734A000B6D6F7374536967426974737870B6B4F21FB870B0AEE7DE68F54FB04DC57371007E00578415AAB9292E7FBDBA93D4278AF0441470707371007E002E770C000000103F4000000000000078707070707074000A41646D696E20557365727070707074000541646D696E7400014D70707070707400045573657270707070707070707070707371007E002E770C000000103F4000000000000271007E001271007E0017787074000561646D696E);
/*!40000 ALTER TABLE `oauth_refresh_token` ENABLE KEYS */;

-- Dumping structure for table eqa_blank.tbl_activity_log
CREATE TABLE IF NOT EXISTS `tbl_activity_log` (
  `id` varchar(255) NOT NULL,
  `create_date` datetime NOT NULL,
  `created_by` varchar(100) NOT NULL,
  `modified_by` varchar(100) DEFAULT NULL,
  `modify_date` datetime DEFAULT NULL,
  `uuid_key` varchar(255) DEFAULT NULL,
  `voided` bit(1) DEFAULT NULL,
  `content_log` varchar(4000) NOT NULL,
  `entity_object_type` varchar(255) DEFAULT NULL,
  `log_date` datetime DEFAULT NULL,
  `log_type` int(11) DEFAULT NULL,
  `module_log` varchar(255) DEFAULT NULL,
  `user_name` varchar(255) DEFAULT NULL,
  PRIMARY KEY (`id`)
) ENGINE=InnoDB DEFAULT CHARSET=utf8;

-- Dumping data for table eqa_blank.tbl_activity_log: ~0 rows (approximately)
/*!40000 ALTER TABLE `tbl_activity_log` DISABLE KEYS */;
/*!40000 ALTER TABLE `tbl_activity_log` ENABLE KEYS */;

-- Dumping structure for table eqa_blank.tbl_administrative_unit
CREATE TABLE IF NOT EXISTS `tbl_administrative_unit` (
  `id` varchar(255) NOT NULL,
  `create_date` datetime NOT NULL,
  `created_by` varchar(100) NOT NULL,
  `modified_by` varchar(100) DEFAULT NULL,
  `modify_date` datetime DEFAULT NULL,
  `uuid_key` varchar(255) DEFAULT NULL,
  `voided` bit(1) DEFAULT NULL,
  `code` varchar(255) DEFAULT NULL,
  `level` int(11) DEFAULT NULL,
  `name` varchar(255) DEFAULT NULL,
  `parent_id` varchar(255) DEFAULT NULL,
  PRIMARY KEY (`id`),
  KEY `FKg4nta5chg1i7r2876cdignf4o` (`parent_id`),
  CONSTRAINT `FKg4nta5chg1i7r2876cdignf4o` FOREIGN KEY (`parent_id`) REFERENCES `tbl_administrative_unit` (`id`)
) ENGINE=InnoDB DEFAULT CHARSET=utf8;

-- Dumping data for table eqa_blank.tbl_administrative_unit: ~0 rows (approximately)
/*!40000 ALTER TABLE `tbl_administrative_unit` DISABLE KEYS */;
/*!40000 ALTER TABLE `tbl_administrative_unit` ENABLE KEYS */;

-- Dumping structure for table eqa_blank.tbl_building
CREATE TABLE IF NOT EXISTS `tbl_building` (
  `id` varchar(255) NOT NULL,
  `create_date` datetime NOT NULL,
  `created_by` varchar(100) NOT NULL,
  `modified_by` varchar(100) DEFAULT NULL,
  `modify_date` datetime DEFAULT NULL,
  `uuid_key` varchar(255) DEFAULT NULL,
  `voided` bit(1) DEFAULT NULL,
  `code` varchar(255) DEFAULT NULL,
  `location` tinyblob,
  `name` varchar(255) DEFAULT NULL,
  `organization_id` varchar(255) DEFAULT NULL,
  `training_base_id` varchar(255) DEFAULT NULL,
  PRIMARY KEY (`id`),
  KEY `FK9igpirbbthnw3hj2fmxro4fcg` (`organization_id`),
  KEY `FKj8ishc1ma7m8byyow3g7su0dq` (`training_base_id`),
  CONSTRAINT `FK9igpirbbthnw3hj2fmxro4fcg` FOREIGN KEY (`organization_id`) REFERENCES `tbl_organization` (`id`),
  CONSTRAINT `FKj8ishc1ma7m8byyow3g7su0dq` FOREIGN KEY (`training_base_id`) REFERENCES `tbl_training_base` (`id`)
) ENGINE=InnoDB DEFAULT CHARSET=utf8;

-- Dumping data for table eqa_blank.tbl_building: ~0 rows (approximately)
/*!40000 ALTER TABLE `tbl_building` DISABLE KEYS */;
/*!40000 ALTER TABLE `tbl_building` ENABLE KEYS */;

-- Dumping structure for table eqa_blank.tbl_concept
CREATE TABLE IF NOT EXISTS `tbl_concept` (
  `id` varchar(255) NOT NULL,
  `create_date` datetime NOT NULL,
  `created_by` varchar(100) NOT NULL,
  `modified_by` varchar(100) DEFAULT NULL,
  `modify_date` datetime DEFAULT NULL,
  `uuid_key` varchar(255) DEFAULT NULL,
  `voided` bit(1) DEFAULT NULL,
  `code` varchar(255) NOT NULL,
  `data_type` int(11) DEFAULT NULL,
  `description` varchar(255) DEFAULT NULL,
  `name` varchar(255) DEFAULT NULL,
  `short_name` varchar(255) DEFAULT NULL,
  `concept_id` varchar(255) DEFAULT NULL,
  `concept_class_id` varchar(255) DEFAULT NULL,
  PRIMARY KEY (`id`),
  UNIQUE KEY `UK_h5x990og5orvsp5dbbo2oc4hk` (`code`),
  KEY `FK7vyqrfsgwka16r882cypeggn3` (`concept_id`),
  KEY `FKvg8gfja4xpucltqfnxkjdq2t` (`concept_class_id`),
  CONSTRAINT `FK7vyqrfsgwka16r882cypeggn3` FOREIGN KEY (`concept_id`) REFERENCES `tbl_concept` (`id`),
  CONSTRAINT `FKvg8gfja4xpucltqfnxkjdq2t` FOREIGN KEY (`concept_class_id`) REFERENCES `tbl_concept_class` (`id`)
) ENGINE=InnoDB DEFAULT CHARSET=utf8;

-- Dumping data for table eqa_blank.tbl_concept: ~0 rows (approximately)
/*!40000 ALTER TABLE `tbl_concept` DISABLE KEYS */;
/*!40000 ALTER TABLE `tbl_concept` ENABLE KEYS */;

-- Dumping structure for table eqa_blank.tbl_concept_class
CREATE TABLE IF NOT EXISTS `tbl_concept_class` (
  `id` varchar(255) NOT NULL,
  `create_date` datetime NOT NULL,
  `created_by` varchar(100) NOT NULL,
  `modified_by` varchar(100) DEFAULT NULL,
  `modify_date` datetime DEFAULT NULL,
  `uuid_key` varchar(255) DEFAULT NULL,
  `voided` bit(1) DEFAULT NULL,
  `code` varchar(255) NOT NULL,
  `description` varchar(255) DEFAULT NULL,
  `name` varchar(255) DEFAULT NULL,
  `short_name` varchar(255) DEFAULT NULL,
  PRIMARY KEY (`id`),
  UNIQUE KEY `UK_d0p1ybq7kel17bqxv0i0ltbct` (`code`)
) ENGINE=InnoDB DEFAULT CHARSET=utf8;

-- Dumping data for table eqa_blank.tbl_concept_class: ~0 rows (approximately)
/*!40000 ALTER TABLE `tbl_concept_class` DISABLE KEYS */;
/*!40000 ALTER TABLE `tbl_concept_class` ENABLE KEYS */;

-- Dumping structure for table eqa_blank.tbl_country
CREATE TABLE IF NOT EXISTS `tbl_country` (
  `id` varchar(255) NOT NULL,
  `create_date` datetime NOT NULL,
  `created_by` varchar(100) NOT NULL,
  `modified_by` varchar(100) DEFAULT NULL,
  `modify_date` datetime DEFAULT NULL,
  `uuid_key` varchar(255) DEFAULT NULL,
  `voided` bit(1) DEFAULT NULL,
  `code` varchar(255) DEFAULT NULL,
  `description` varchar(255) DEFAULT NULL,
  `name` varchar(255) DEFAULT NULL,
  PRIMARY KEY (`id`)
) ENGINE=InnoDB DEFAULT CHARSET=utf8;

-- Dumping data for table eqa_blank.tbl_country: ~0 rows (approximately)
/*!40000 ALTER TABLE `tbl_country` DISABLE KEYS */;
/*!40000 ALTER TABLE `tbl_country` ENABLE KEYS */;

-- Dumping structure for table eqa_blank.tbl_degree_student
CREATE TABLE IF NOT EXISTS `tbl_degree_student` (
  `id` varchar(255) NOT NULL,
  `create_date` datetime NOT NULL,
  `created_by` varchar(100) NOT NULL,
  `modified_by` varchar(100) DEFAULT NULL,
  `modify_date` datetime DEFAULT NULL,
  `uuid_key` varchar(255) DEFAULT NULL,
  `voided` bit(1) DEFAULT NULL,
  `code` varchar(255) DEFAULT NULL,
  `max_mark` double DEFAULT NULL,
  `min_mark` double DEFAULT NULL,
  `name` varchar(255) DEFAULT NULL,
  PRIMARY KEY (`id`)
) ENGINE=InnoDB DEFAULT CHARSET=utf8;

-- Dumping data for table eqa_blank.tbl_degree_student: ~0 rows (approximately)
/*!40000 ALTER TABLE `tbl_degree_student` DISABLE KEYS */;
/*!40000 ALTER TABLE `tbl_degree_student` ENABLE KEYS */;

-- Dumping structure for table eqa_blank.tbl_department
CREATE TABLE IF NOT EXISTS `tbl_department` (
  `id` varchar(255) NOT NULL,
  `create_date` datetime NOT NULL,
  `created_by` varchar(100) NOT NULL,
  `modified_by` varchar(100) DEFAULT NULL,
  `modify_date` datetime DEFAULT NULL,
  `uuid_key` varchar(255) DEFAULT NULL,
  `voided` bit(1) DEFAULT NULL,
  `code` varchar(255) DEFAULT NULL,
  `department_type` int(11) DEFAULT NULL,
  `display_order` varchar(255) DEFAULT NULL,
  `level` int(11) DEFAULT NULL,
  `line_path` varchar(255) DEFAULT NULL,
  `name` varchar(255) DEFAULT NULL,
  `short_name` varchar(255) DEFAULT NULL,
  `parent_id` varchar(255) DEFAULT NULL,
  PRIMARY KEY (`id`),
  KEY `FK7gpuh0676dqkn95hkh5h43eoy` (`parent_id`),
  CONSTRAINT `FK7gpuh0676dqkn95hkh5h43eoy` FOREIGN KEY (`parent_id`) REFERENCES `tbl_department` (`id`)
) ENGINE=InnoDB DEFAULT CHARSET=utf8;

-- Dumping data for table eqa_blank.tbl_department: ~0 rows (approximately)
/*!40000 ALTER TABLE `tbl_department` DISABLE KEYS */;
/*!40000 ALTER TABLE `tbl_department` ENABLE KEYS */;

-- Dumping structure for table eqa_blank.tbl_discipline
CREATE TABLE IF NOT EXISTS `tbl_discipline` (
  `id` varchar(255) NOT NULL,
  `create_date` datetime NOT NULL,
  `created_by` varchar(100) NOT NULL,
  `modified_by` varchar(100) DEFAULT NULL,
  `modify_date` datetime DEFAULT NULL,
  `uuid_key` varchar(255) DEFAULT NULL,
  `voided` bit(1) DEFAULT NULL,
  `code` varchar(255) DEFAULT NULL,
  `description` varchar(255) DEFAULT NULL,
  `level` int(11) DEFAULT NULL,
  `name` varchar(255) DEFAULT NULL,
  PRIMARY KEY (`id`)
) ENGINE=InnoDB DEFAULT CHARSET=utf8;

-- Dumping data for table eqa_blank.tbl_discipline: ~0 rows (approximately)
/*!40000 ALTER TABLE `tbl_discipline` DISABLE KEYS */;
/*!40000 ALTER TABLE `tbl_discipline` ENABLE KEYS */;

-- Dumping structure for table eqa_blank.tbl_eqa_health_org
CREATE TABLE IF NOT EXISTS `tbl_eqa_health_org` (
  `id` varchar(255) NOT NULL,
  `create_date` datetime NOT NULL,
  `created_by` varchar(100) NOT NULL,
  `modified_by` varchar(100) DEFAULT NULL,
  `modify_date` datetime DEFAULT NULL,
  `uuid_key` varchar(255) DEFAULT NULL,
  `voided` bit(1) DEFAULT NULL,
  `address` varchar(255) DEFAULT NULL,
  `code` varchar(255) DEFAULT NULL,
  `contactName` varchar(255) DEFAULT NULL,
  `contactPhone` varchar(255) DEFAULT NULL,
  `description` varchar(255) DEFAULT NULL,
  `email` varchar(255) DEFAULT NULL,
  `fax` varchar(255) DEFAULT NULL,
  `name` varchar(255) DEFAULT NULL,
  `officer_posion` varchar(255) DEFAULT NULL,
  `order_number` int(11) DEFAULT NULL,
  `positive_affirmative_right` bit(1) DEFAULT NULL,
  `sample_receipt_date` datetime DEFAULT NULL,
  `sample_recipient` varchar(255) DEFAULT NULL,
  `sample_status` int(11) DEFAULT NULL,
  `specify_level` varchar(255) DEFAULT NULL,
  `specify_qualification` varchar(255) DEFAULT NULL,
  `specify_sample_status` varchar(255) DEFAULT NULL,
  `specify_test_purpose` varchar(255) DEFAULT NULL,
  `tax_code_of_the_unit` varchar(255) DEFAULT NULL,
  `unit_code_of_program_peqas` varchar(255) DEFAULT NULL,
  `administrative_unit_id` varchar(255) DEFAULT NULL,
  `health_org_type_id` varchar(255) DEFAULT NULL,
  `health_org_level_id` varchar(255) DEFAULT NULL,
  `qualification_id` varchar(255) DEFAULT NULL,
  `test_purpose_1_id` varchar(255) DEFAULT NULL,
  `test_purpose_2_id` varchar(255) DEFAULT NULL,
  `test_purpose_3_id` varchar(255) DEFAULT NULL,
  `test_purpose_4_id` varchar(255) DEFAULT NULL,
  `user_id` varchar(50) DEFAULT NULL,
  PRIMARY KEY (`id`),
  KEY `FKdwirnm3vdmyw3npvegq8vre3v` (`administrative_unit_id`),
  KEY `FKnoe8l1qku29e9jsu508wr94wm` (`health_org_type_id`),
  KEY `FKg56goj9lp6js2pumfe00aecqd` (`health_org_level_id`),
  KEY `FK4swrtrps51bd8e5eqgt3fgpux` (`qualification_id`),
  KEY `FKcijkw13qxso8tljw2qyidobay` (`test_purpose_1_id`),
  KEY `FKdsfh8cl5ggp4iafchabb1awoh` (`test_purpose_2_id`),
  KEY `FK27xlryqm959gatk9yjkurt5n5` (`test_purpose_3_id`),
  KEY `FKpvnfratvfw7v7a2xbv9i3jw8q` (`test_purpose_4_id`),
  CONSTRAINT `FK27xlryqm959gatk9yjkurt5n5` FOREIGN KEY (`test_purpose_3_id`) REFERENCES `tbl_eqa_test_purpose` (`id`),
  CONSTRAINT `FK4swrtrps51bd8e5eqgt3fgpux` FOREIGN KEY (`qualification_id`) REFERENCES `tbl_eqa_qualification` (`id`),
  CONSTRAINT `FKcijkw13qxso8tljw2qyidobay` FOREIGN KEY (`test_purpose_1_id`) REFERENCES `tbl_eqa_test_purpose` (`id`),
  CONSTRAINT `FKdsfh8cl5ggp4iafchabb1awoh` FOREIGN KEY (`test_purpose_2_id`) REFERENCES `tbl_eqa_test_purpose` (`id`),
  CONSTRAINT `FKdwirnm3vdmyw3npvegq8vre3v` FOREIGN KEY (`administrative_unit_id`) REFERENCES `tbl_administrative_unit` (`id`),
  CONSTRAINT `FKg56goj9lp6js2pumfe00aecqd` FOREIGN KEY (`health_org_level_id`) REFERENCES `tbl_eqa_health_org_level` (`id`),
  CONSTRAINT `FKnoe8l1qku29e9jsu508wr94wm` FOREIGN KEY (`health_org_type_id`) REFERENCES `tbl_eqa_health_org_type` (`id`),
  CONSTRAINT `FKpvnfratvfw7v7a2xbv9i3jw8q` FOREIGN KEY (`test_purpose_4_id`) REFERENCES `tbl_eqa_test_purpose` (`id`)
) ENGINE=InnoDB DEFAULT CHARSET=utf8;

-- Dumping data for table eqa_blank.tbl_eqa_health_org: ~253 rows (approximately)
/*!40000 ALTER TABLE `tbl_eqa_health_org` DISABLE KEYS */;
INSERT INTO `tbl_eqa_health_org` (`id`, `create_date`, `created_by`, `modified_by`, `modify_date`, `uuid_key`, `voided`, `address`, `code`, `contactName`, `contactPhone`, `description`, `email`, `fax`, `name`, `officer_posion`, `order_number`, `positive_affirmative_right`, `sample_receipt_date`, `sample_recipient`, `sample_status`, `specify_level`, `specify_qualification`, `specify_sample_status`, `specify_test_purpose`, `tax_code_of_the_unit`, `unit_code_of_program_peqas`, `administrative_unit_id`, `health_org_type_id`, `health_org_level_id`, `qualification_id`, `test_purpose_1_id`, `test_purpose_2_id`, `test_purpose_3_id`, `test_purpose_4_id`, `user_id`) VALUES
	('0124b114-c587-441c-9c58-effaa6564b22', '2020-05-09 15:36:34', 'admin', 'admin', '2020-09-15 04:43:47', 'd6413e61-ba24-40a1-a7af-60bdb7151443', NULL, '79 Nguyễn An Ninh, xã Trường Bình, huyện Cần Giuộc, tỉnh Long An	', 'S-0001', 'Huỳnh Thị Hồng Sương	', '977394768	', 'Sàng lọc cho phụ nữ mang thai', 'bvdkkvcangiuoc@gmail.com', NULL, 'Bệnh viện ĐKKV Cần Giuộc', 'Giám đốc', 1, NULL, NULL, NULL, NULL, NULL, NULL, NULL, NULL, 'MST_BVDKKV_Can_Giuoc', 'MSDV_BVDKKV_Can_Giuoc', NULL, '3696f91f-ced0-4ad4-81f2-ded5fd4b6787', NULL, NULL, NULL, NULL, NULL, NULL, NULL),
	('02bd823c-a3be-4570-9c7a-0932dee99e78', '2020-06-15 08:03:42', 'admin', 'admin', '2020-09-15 04:43:47', 'aef3cd52-3c99-4a35-a075-e461a14bde67', NULL, 'số 34, đường Bình An, Thành phố Long An', 'S-0002', 'Nguyễn Văn Bình', '015478563', NULL, 'binh@gmail.com', '458263', 'Đơn vị xét nghiệm tỉnh Long An', 'Cán bộ phòng xét nghiệm', 2, b'1', '2020-03-16 07:47:00', 'Nguyễn Văn Bình', 0, '', '', '', '', '0012563', '00125', NULL, '7f906f59-7d9f-4def-a281-fc904e37c7dd', '91142869-91a2-486d-b3f2-2055a018e169', 'a0a75e97-ebf4-4606-a910-5dd7ec647fa3', NULL, NULL, NULL, NULL, NULL),
	('044c394e-1898-417d-be61-cf91c597a132', '2020-05-09 11:40:33', 'admin', 'admin', '2020-09-15 04:43:47', '02da6a8c-340d-4edd-a9a9-19cf7e67c7ab', NULL, 'Số 16 Hoàng Diệu, phường 2, TP Cà Mau, Cà Mau', 'S-0003', 'Quách Duy Thái', '0919717607', 'Sàng lọc cho phụ nữ mang thai', NULL, NULL, 'Trung tâm y Tế TP Cà Mau - Cà Mau', NULL, 3, NULL, NULL, NULL, NULL, NULL, NULL, NULL, NULL, NULL, NULL, NULL, '3696f91f-ced0-4ad4-81f2-ded5fd4b6787', NULL, NULL, NULL, NULL, NULL, NULL, NULL),
	('04965acb-44b4-4543-8716-b9aba526d678', '2020-05-09 14:47:53', 'admin', 'admin', '2020-09-15 04:43:47', '4262dfd3-c7bc-4cdf-a621-31aeca671d0f', NULL, 'Đường Trần Phú,Khóm An Lợi , Phường An Lộc,Thị Xã Hồng Ngự, Tỉnh Đồng Tháp', 'S-0004', 'Nguyễn Văn Tâm', '918858659', 'Sàng lọc cho phụ nữ mang thai', NULL, NULL, 'Bệnh viện Đa Khoa Khu Vực Hồng Ngự', NULL, 4, NULL, NULL, NULL, NULL, NULL, NULL, NULL, NULL, NULL, NULL, NULL, '3696f91f-ced0-4ad4-81f2-ded5fd4b6787', NULL, NULL, NULL, NULL, NULL, NULL, NULL),
	('04d6a1b0-33ef-4373-8c60-8345dbd68cd0', '2020-05-09 11:26:34', 'admin', 'admin', '2020-09-15 04:43:47', '11665ec2-01ae-43bc-adff-e4f1f934bed0', NULL, '72A Đường số 5, cx Bình Thới, Phường 8, quận 11.', 'S-0005', 'Nguyễn Tri Khoa', '39650630', 'Sàng lọc cho phụ nữ mang thai', NULL, NULL, 'Trung tâm Y tế Quận 11', NULL, 5, NULL, NULL, NULL, NULL, NULL, NULL, NULL, NULL, NULL, NULL, NULL, '3696f91f-ced0-4ad4-81f2-ded5fd4b6787', NULL, NULL, NULL, NULL, NULL, NULL, NULL),
	('05841440-9fd7-4786-8604-902b4bbeae1b', '2020-05-09 11:42:37', 'admin', 'admin', '2020-09-15 04:43:47', 'e3789f16-8a1e-4db3-8d68-ba5bc5e03a53', NULL, 'ấp Vĩnh Phú, xã Vĩnh Thạnh trung, huyện Châu Phú, tỉnh An Giang', 'S-0006', 'NNT', '0909056345', 'Sàng lọc cho phụ nữ mang thai', NULL, NULL, 'Trung tâm y tế huyện Châu Phú', NULL, 6, NULL, NULL, NULL, NULL, NULL, NULL, NULL, NULL, NULL, NULL, NULL, '3696f91f-ced0-4ad4-81f2-ded5fd4b6787', NULL, NULL, NULL, NULL, NULL, NULL, NULL),
	('05e9b472-6cc9-43ac-bb82-41da263e90a1', '2020-05-09 10:07:58', 'admin', 'admin', '2020-09-15 04:43:47', '0eb1ae37-b274-4895-89eb-901ddc942b5f', NULL, '571 SƯ VẠN HẠNH P13 Q10', 'S-0007', 'ĐÀO THANH MỘNG', '908092351', 'Sàng lọc cho phụ nữ mang thai', NULL, NULL, 'BỆNH VIỆN QUẬN 10', NULL, 7, NULL, NULL, NULL, NULL, NULL, NULL, NULL, NULL, NULL, NULL, NULL, '3696f91f-ced0-4ad4-81f2-ded5fd4b6787', NULL, NULL, NULL, NULL, NULL, NULL, NULL),
	('060aac4b-ce10-4dd0-ab01-ca54c992f1a9', '2020-05-09 11:43:55', 'admin', 'admin', '2020-09-15 04:43:47', '918b5385-716d-4609-b8d0-5b8a00106497', NULL, 'Ấp 1 xã Tân Tây, huyện Gò Công Đông, tỉnh Tiền Giang', 'S-0008', 'Chung Thị Ngọc Hạnh', ',0978363631', 'Sàng lọc cho phụ nữ mang thai', NULL, NULL, 'Bệnh viện đa khoa Gò Công Đông', NULL, 8, NULL, NULL, NULL, NULL, NULL, NULL, NULL, NULL, NULL, NULL, NULL, '3696f91f-ced0-4ad4-81f2-ded5fd4b6787', NULL, NULL, NULL, NULL, NULL, NULL, NULL),
	('065c87e8-6f19-42e5-8169-6cb31c5abedd', '2020-05-09 11:32:04', 'admin', 'admin', '2020-09-15 04:43:47', '433c4704-0b6b-44c7-beb2-8bd6b620b472', NULL, '123 Hải Thượng Lãn Ông, Thị trấn Phú Mỹ, Huyện Phú Tân, Tỉnh An Giang.', 'S-0009', 'Trần Minh Duy', '914477311', 'Chẩn đoán nhiễm HIV', NULL, NULL, 'TTYT Huyện Phú Tân', NULL, 9, NULL, NULL, NULL, NULL, NULL, NULL, NULL, NULL, NULL, NULL, NULL, '3696f91f-ced0-4ad4-81f2-ded5fd4b6787', NULL, NULL, NULL, NULL, NULL, NULL, NULL),
	('06e8c877-ad23-4669-a8e6-8467ae1c4a13', '2020-05-09 15:23:15', 'admin', 'admin', '2020-09-15 04:43:47', '65d63404-efcf-4d77-a53e-8b20b757e692', NULL, 'Khóm 2, thị trấn Cái Đôi Vàm', 'S-0010', ' Lê Thị Hồng Diễm', '0919604166	', ' Chẩn đoán nhiễm HIV', NULL, NULL, 'Trung tâm Y tế Phú Tân', NULL, 10, NULL, NULL, NULL, NULL, NULL, NULL, NULL, NULL, NULL, NULL, NULL, '3696f91f-ced0-4ad4-81f2-ded5fd4b6787', NULL, NULL, NULL, NULL, NULL, NULL, NULL),
	('0746bc5a-85b9-440c-9b6f-802799258deb', '2020-05-09 15:26:57', 'admin', 'admin', '2020-09-15 04:43:47', '63cb239f-d013-4b05-b022-412f5ed0ae11', NULL, '106 Cách mạng tháng 8, phường Cái Khế, quận Ninh Kiều, thành phố Cần Thơ', 'S-0011', 'Lê Nhật Tín', '0932884263	', '			Sàng lọc cho phụ nữ mang thai', NULL, NULL, 'Bệnh viện Phụ sản thành phố Cần Thơ	', NULL, 11, NULL, NULL, NULL, NULL, NULL, NULL, NULL, NULL, NULL, NULL, NULL, '3696f91f-ced0-4ad4-81f2-ded5fd4b6787', NULL, NULL, NULL, NULL, NULL, NULL, NULL),
	('07d2d6e2-e94c-47fe-bf3f-ac42b22e4135', '2020-05-09 15:29:50', 'admin', 'admin', '2020-09-15 04:43:47', 'fcecfef5-7c9d-436b-b9d5-df2e5706272c', NULL, '	183 BÀ TRIỆU PHƯỜNG 3 TP BẠC LIÊU BẠC LIÊU		', 'S-0012', 'Huỳnh Thảo Linh', '0915995299	', 'Sàng lọc cho phụ nữ mang thai', NULL, NULL, 'CTY TNHH BVĐK THANH VŨ MEDIC', NULL, 12, NULL, NULL, NULL, NULL, NULL, NULL, NULL, NULL, NULL, NULL, NULL, '3696f91f-ced0-4ad4-81f2-ded5fd4b6787', NULL, NULL, NULL, NULL, NULL, NULL, NULL),
	('086f27ac-def6-4399-bca2-f569786aebfd', '2020-05-09 10:11:44', 'admin', 'admin', '2020-09-15 04:43:47', 'f5796926-49b7-4191-aa42-b71f486d6ee1', NULL, 'Ấp Rẫy , Thị trấn Tân Hiệp,Huyện Châu Thành , TỉnhTiền Giang', 'S-0013', 'PTNM', '0985141153', 'Sàng lọc cho phụ nữ mang thai', NULL, NULL, 'Trung Tâm Y tế Châu Thành, Tiền Giang', NULL, 13, NULL, NULL, NULL, NULL, NULL, NULL, NULL, NULL, NULL, NULL, NULL, '3696f91f-ced0-4ad4-81f2-ded5fd4b6787', NULL, NULL, NULL, NULL, NULL, NULL, NULL),
	('08bcbec5-07bc-486b-84e1-a90a641a0638', '2020-09-01 04:30:12', 'admin', 'admin', '2020-09-15 04:43:47', 'd521b633-bda3-4970-8161-a3e57eba0e93', NULL, 'Thanh xuân, hà nội', 'S-0014', 'Trâm', '0987654321aqửhjfgjdshgf', NULL, 'trinh@gmail.com', '123456', 'Phòng khám đa khoa', 'Nhân viên xét nghiệm', 14, NULL, NULL, NULL, NULL, NULL, NULL, NULL, NULL, '123456', '123456', NULL, NULL, NULL, NULL, NULL, NULL, NULL, NULL, NULL),
	('091ec5a6-69c2-4dc4-abc8-33a7f4397814', '2020-05-09 10:23:45', 'admin', 'admin', '2020-09-15 04:43:47', 'e3276676-916c-48f3-b690-94cbafee4920', NULL, '3690 TỔ 14 ẤP THÀNH NHÂN, XÃ THÀNH LỢI, HUYỆN BÌNH TÂN, TỈNH VĨNH LONG', 'S-0015', 'NGUYỄN THỊ DIỄM THI', '949341007', 'Sàng lọc cho phụ nữ mang thai', NULL, NULL, 'TTYT HUYỆN BÌNH TÂN TỈNH VĨNH LONG', NULL, 15, NULL, NULL, NULL, NULL, NULL, NULL, NULL, NULL, NULL, NULL, NULL, '3696f91f-ced0-4ad4-81f2-ded5fd4b6787', NULL, NULL, NULL, NULL, NULL, NULL, NULL),
	('093215a9-d524-4a5f-840f-38a2bb55565c', '2020-05-09 09:15:09', 'admin', 'admin', '2020-09-15 04:43:47', '2c4dd307-9ca5-4520-b841-84cd2e2db37f', NULL, 'TỔ 4 - P. NGHĨA TRUNG - THỊ XÃ GIA NGHĨA - TỈNH ĐĂK NÔNG', 'S-0016', 'NGUYỄN THỊ HẠNH NGUYÊN', '0982317375', 'Chẩn đoán nhiễm HIV', NULL, NULL, 'BỆNH VIỆN ĐA KHOA TỈNH ĐĂK NÔNG', NULL, 16, NULL, NULL, NULL, NULL, NULL, NULL, NULL, NULL, NULL, NULL, NULL, '3696f91f-ced0-4ad4-81f2-ded5fd4b6787', NULL, NULL, NULL, NULL, NULL, NULL, NULL),
	('0b260823-716d-44eb-ab5e-fb497b1f5c48', '2020-09-07 08:21:10', 'admin', 'admin', '2020-09-15 04:43:47', 'ec64d39c-4ad4-4834-b64c-1ef9fdb0204c', NULL, 'admin', 'S-0017', 'Nguyên Văn nam', '1234567890', NULL, 'ducthongth928@gmail.com', '458263', 'ducthongth9', 'Cán bộ phòng xét nghiệm', 17, NULL, NULL, NULL, NULL, NULL, NULL, NULL, NULL, '1992', '00125', NULL, NULL, NULL, NULL, NULL, NULL, NULL, NULL, NULL),
	('0c5c04d2-e00a-41a9-8bf4-ba619a52aab1', '2020-09-01 04:32:52', 'admin', 'admin', '2020-09-15 04:43:47', 'ff14b3fa-12db-4c0b-ba2c-9d5b2386ae68', NULL, 'jfjgjho', 'S-0018', 'jhdsyhfjslh', 'hfgjkmkhl', NULL, 'gyhkj@jhk.com', NULL, 'phuongle', 'kjfvhogjkl', 18, NULL, NULL, NULL, NULL, NULL, NULL, NULL, NULL, 'kjcxvkgbkl', 'kfkcghj', NULL, NULL, NULL, NULL, NULL, NULL, NULL, NULL, NULL),
	('0c885e7a-c569-4606-b290-44a1ce10b8fb', '2020-05-09 09:25:37', 'admin', 'admin', '2020-09-15 04:43:47', '057ed368-ae5f-46b3-9155-7ad51ae84c39', NULL, 'Đường Võ Văn Kiệt, Tổ 4, phường Nghĩa Trung, thị xã Gia Nghĩa, tỉnh Đắk Nông', 'S-0019', 'Ndong Brưm', '0948438778', 'Chẩn đoán nhiễm HIV', NULL, NULL, 'Trung tâm Kiểm soát bệnh tật tỉnh Đắk Nông', NULL, 19, NULL, NULL, NULL, NULL, NULL, NULL, NULL, NULL, NULL, NULL, NULL, '3696f91f-ced0-4ad4-81f2-ded5fd4b6787', NULL, NULL, NULL, NULL, NULL, NULL, NULL),
	('0d6222d8-7ae0-4c2c-9586-8d5f8ac58e07', '2020-05-09 11:23:46', 'admin', 'admin', '2020-09-15 04:43:47', 'e5650711-bfad-4a4b-9cbd-fd0cff3841c7', NULL, '61 Lê Duẩn-  Tp Buôn Ma Thuột tỉnh Đắk Lắk', 'S-0020', 'Nguyễn Ngọc Thùy Nhung', '905900288', 'Xét nghiệm tiền phẫu', NULL, NULL, 'Trung Tâm Chăm Sóc Sức Khỏe Sinh Sản tỉnh Đắk Lắk', NULL, 20, NULL, NULL, NULL, NULL, NULL, NULL, NULL, NULL, NULL, NULL, NULL, '3696f91f-ced0-4ad4-81f2-ded5fd4b6787', NULL, NULL, NULL, NULL, NULL, NULL, NULL),
	('0d9bf712-b2a0-421a-b045-cff2e9190135', '2020-05-09 09:56:31', 'admin', 'admin', '2020-09-15 04:43:47', 'f0c6155e-8b76-4c54-9c71-d66f42312b84', NULL, 'Đường số 9- KDC Thiên Long- P5- TP Bạc Liêu- Tỉnh Bạc Liêu', 'S-0021', 'Trà Hoàng Vũ', '0948647646', 'Sàng lọc cho phụ nữ mang thai', NULL, NULL, 'Trung Tâm Y Tế TP Bạc Liêu', NULL, 21, NULL, NULL, NULL, NULL, NULL, NULL, NULL, NULL, NULL, NULL, NULL, '3696f91f-ced0-4ad4-81f2-ded5fd4b6787', NULL, NULL, NULL, NULL, NULL, NULL, NULL),
	('0e4c4e75-f396-456c-9123-21672ac5862f', '2020-05-09 10:15:00', 'admin', 'admin', '2020-09-15 04:43:47', '87bad087-983d-4b6d-b79e-49662a9563d3', NULL, '02 Đặng Tất, phường Tân Định, quận 1', 'S-0022', 'Nguyễn Văn San', '909486881', 'Chẩn đoán nhiễm HIV', NULL, NULL, 'Trung tâm Y tế Quận 1', NULL, 22, NULL, NULL, NULL, NULL, NULL, NULL, NULL, NULL, NULL, NULL, NULL, '3696f91f-ced0-4ad4-81f2-ded5fd4b6787', NULL, NULL, NULL, NULL, NULL, NULL, NULL),
	('0f4615e5-95aa-4105-aaba-8ca081ef2663', '2020-05-09 09:24:27', 'admin', 'admin', '2020-09-15 04:43:47', 'ab277ccf-24a1-4ddb-82c1-f36449b693c5', NULL, '301 TRẦN PHÚ - PHƯỜNG 4 - TP VĨNH LONG - VĨNH LONG', 'S-0023', 'NGUYỄN VĂN VĨNH', '918331688', 'Chẩn đoán nhiễm HIV', NULL, NULL, 'BỆNH VIỆN ĐA KHOA TỈNH VĨNH LONG', NULL, 23, NULL, NULL, NULL, NULL, NULL, NULL, NULL, NULL, NULL, NULL, NULL, '3696f91f-ced0-4ad4-81f2-ded5fd4b6787', NULL, NULL, NULL, NULL, NULL, NULL, NULL),
	('0f9fd2c9-9420-4e2d-9c7f-d8d2a5e49d9a', '2020-05-09 15:26:30', 'admin', 'admin', '2020-09-15 04:43:47', '7b4051b1-432e-4c01-9992-93065c433356', NULL, '	350 Đường Tân Túc, Thị Trấn Tân Túc, Huyện Bình Chánh	', 'S-0024', '	Phạm Anh Tuấn', '908792067', NULL, NULL, NULL, 'Khoa Tham Vấn Hỗ Trợ Cộng Đồng Huyện Bình Chánh	', NULL, 24, NULL, NULL, NULL, NULL, NULL, NULL, NULL, NULL, NULL, NULL, NULL, '3696f91f-ced0-4ad4-81f2-ded5fd4b6787', NULL, NULL, NULL, NULL, NULL, NULL, NULL),
	('0fb44ad2-1320-4d11-873e-f2aa44674a06', '2020-05-09 11:22:17', 'admin', 'admin', '2020-09-15 04:43:47', '752ac201-44d5-45dd-9ae5-d51d77579b19', NULL, '809 Hương lộ 2- Phường BÌNH Trị Đông A- Quận Bình Tân- TPHCM', 'S-0025', 'TRƯƠNG ANH DŨNG', '918971479', 'Chẩn đoán nhiễm HIV', NULL, NULL, 'BỆNH VIỆN BÌNH TÂN', NULL, 25, NULL, NULL, NULL, NULL, NULL, NULL, NULL, NULL, NULL, NULL, NULL, '3696f91f-ced0-4ad4-81f2-ded5fd4b6787', NULL, NULL, NULL, NULL, NULL, NULL, NULL),
	('0fd9d7f5-acb9-497e-b8ce-6438dea36e3c', '2020-05-09 10:03:47', 'admin', 'admin', '2020-09-15 04:43:47', 'b369e28c-fd8e-461c-a69a-46f8d8fa440e', NULL, '01 LÝ THƯỜNG KIỆT MỸ XUYÊN - SÓC TRĂNG', 'S-0026', 'PHAN THANH LÂM', '919091379', 'Sàng lọc cho phụ nữ mang thai', NULL, NULL, 'TRUNG TÂM Y TẾ HUYỆN MỸ XUYÊN', NULL, 26, NULL, NULL, NULL, NULL, NULL, NULL, NULL, NULL, NULL, NULL, NULL, '3696f91f-ced0-4ad4-81f2-ded5fd4b6787', NULL, NULL, NULL, NULL, NULL, NULL, NULL),
	('10fdee6d-626b-45a5-8e5a-839ee08901e8', '2020-05-09 10:18:12', 'admin', 'admin', '2020-09-15 04:43:47', '3a7e8b22-b870-4859-a142-757cd7478f01', NULL, '217 KHÁNH HỘI,P.3,Q.4', 'S-0027', 'CN NGUYỄN THỊ HOÀNG YẾN', '0909441797', 'Chẩn đoán nhiễm HIV', NULL, NULL, 'TRUNG TÂM Y TÊ QUẬN 4', NULL, 27, NULL, NULL, NULL, NULL, NULL, NULL, NULL, NULL, NULL, NULL, NULL, '3696f91f-ced0-4ad4-81f2-ded5fd4b6787', NULL, NULL, NULL, NULL, NULL, NULL, NULL),
	('166647b7-da8c-4a86-a42b-2c9e4356a7f7', '2020-05-09 10:27:24', 'admin', 'admin', '2020-09-15 04:43:47', 'aec6abf4-a652-429b-bd18-405a28aa1609', NULL, '57 Hùng Vương , Phường 7, TP Mỹ Tho, Tiền Giang', 'S-0028', 'HTB', '0987897001', 'Chẩn đoán nhiễm HIV', NULL, NULL, 'Trung Tâm Y Tế Thành Phố Mỹ Tho', NULL, 28, NULL, NULL, NULL, NULL, NULL, NULL, NULL, NULL, NULL, NULL, NULL, '3696f91f-ced0-4ad4-81f2-ded5fd4b6787', NULL, NULL, NULL, NULL, NULL, NULL, NULL),
	('17ca92dc-8355-4ead-ba51-1cd97b9f8236', '2020-05-09 09:26:36', 'admin', 'admin', '2020-09-15 04:43:47', '1789b86c-b40f-417e-8417-9f2c28a9da22', NULL, '405 Bà Triệu - TP Kon Tum - tỉnh Kon Tum', 'S-0029', 'Dương Văn Thanh', '0982 117 154', 'Chẩn đoán nhiễm HIV', NULL, NULL, 'Trung tâm Kiểm soát bệnh tật tỉnh Kon Tum', NULL, 29, NULL, NULL, NULL, NULL, NULL, NULL, NULL, NULL, NULL, NULL, NULL, '3696f91f-ced0-4ad4-81f2-ded5fd4b6787', NULL, NULL, NULL, NULL, NULL, NULL, NULL),
	('18fdbe4b-f61c-4032-83ed-919eab8f7793', '2020-05-09 09:18:55', 'admin', 'admin', '2020-09-15 04:43:47', '396d9264-dfe2-433e-8c89-8255dbc20efc', NULL, 'Số 144, đường Mai Văn Khải, ấp 3, xã Mỹ Tân, Tp. Cao Lãnh, Đồng Tháp', 'S-0030', 'Phạm Thị Hồng Liên', '02773899267', 'Chẩn đoán nhiễm HIV', NULL, NULL, 'Bệnh viện ĐK Đồng Tháp', NULL, 30, NULL, NULL, NULL, NULL, NULL, NULL, NULL, NULL, NULL, NULL, NULL, '3696f91f-ced0-4ad4-81f2-ded5fd4b6787', NULL, NULL, NULL, NULL, NULL, NULL, NULL),
	('19759a3e-8450-4b66-bc41-68e71818bca9', '2020-05-09 14:53:14', 'admin', 'admin', '2020-09-15 04:43:47', 'b8087ad0-0316-4fe8-bae3-9af046ff763f', NULL, '153-155B Trần Quốc Thảo , P9 , Quận 3', 'S-0031', 'Nguyễn Diễm Châu', '0903873087', 'Xét nghiệm tiền phẫu', NULL, NULL, 'BV TAI MŨI HỌNG TP. HCM', NULL, 31, NULL, NULL, NULL, NULL, NULL, NULL, NULL, NULL, NULL, NULL, NULL, '3696f91f-ced0-4ad4-81f2-ded5fd4b6787', NULL, NULL, NULL, NULL, NULL, NULL, NULL),
	('197eac9d-54ba-4740-bb66-c33eeb4d4370', '2020-05-09 15:18:50', 'admin', 'admin', '2020-09-15 04:43:47', 'ad8fe278-ae49-4d92-b241-a4b216ea4c1b', NULL, '	67N - Khóm 2 - Phường 9 - TP. Vĩnh Long	', 'S-0032', 'Nguyễn Chí Thanh', '0917713968	', '	Chẩn đoán nhiễm HIV', NULL, NULL, 'Trung tâm y tế Thành Phố Vĩnh Long	', NULL, 32, NULL, NULL, NULL, NULL, NULL, NULL, NULL, NULL, NULL, NULL, NULL, '3696f91f-ced0-4ad4-81f2-ded5fd4b6787', NULL, NULL, NULL, NULL, NULL, NULL, NULL),
	('1bbb75ae-ce22-444c-917e-44557f137e72', '2020-05-09 10:12:13', 'admin', 'admin', '2020-09-15 04:43:47', '47f9c313-4236-4171-823d-d538895cc37a', NULL, '350 đường Tân Túc, Thị trấn Tân Túc, huyện Bình Chánh', 'S-0033', 'Phan Minh Đức', '0909455988', 'Trống', NULL, NULL, 'Trung Tâm Y tế huyện Bình Chánh', NULL, 33, NULL, NULL, NULL, NULL, NULL, NULL, NULL, NULL, NULL, NULL, NULL, '3696f91f-ced0-4ad4-81f2-ded5fd4b6787', NULL, NULL, NULL, NULL, NULL, NULL, NULL),
	('1cd40996-8557-484e-9ac3-ce169dec9707', '2020-05-09 10:01:19', 'admin', 'admin', '2020-09-15 04:43:47', 'a44540e4-9425-4fe1-bbec-3f54787c7ada', NULL, 'Ấp An Thiện, An Cư, Cái Bè, Tiền Giang', 'S-0034', 'VTTT', '2733825683', 'Sàng lọc cho phụ nữ mang thai', NULL, NULL, 'Trung tâm y tế Cái Bè', NULL, 34, NULL, NULL, NULL, NULL, NULL, NULL, NULL, NULL, NULL, NULL, NULL, '3696f91f-ced0-4ad4-81f2-ded5fd4b6787', NULL, NULL, NULL, NULL, NULL, NULL, NULL),
	('220124d0-7c4d-4274-87d2-3d7226a17efa', '2020-05-09 10:24:13', 'admin', 'admin', '2020-09-15 04:43:47', 'c10e4c28-27fb-4244-ac82-97aa4c17a311', NULL, 'Quốc lộ 1A,ấp Hòa Phúc,xã Hòa Khánh,huyện Cái Bè ,tỉnh Tiền Giang', 'S-0035', 'Võ Duy Khanh', '0919108369', 'Chẩn đoán nhiễm HIV', NULL, NULL, 'Trung Tâm Y Tế Cái Bè', NULL, 35, NULL, NULL, NULL, NULL, NULL, NULL, NULL, NULL, NULL, NULL, NULL, '3696f91f-ced0-4ad4-81f2-ded5fd4b6787', NULL, NULL, NULL, NULL, NULL, NULL, NULL),
	('23c4f358-1ece-4c82-8f33-a7480d39e723', '2020-05-09 09:07:03', 'admin', 'admin', '2020-09-15 04:43:47', 'b7f9ffde-fa02-4125-884d-7b216117c39a', NULL, '168 Bis Phan Văn Trị, Phường 5, Q. Gò Vấp, Tp. HCM', 'S-0036', 'Đinh Việt Đức', '989369579', 'Chẩn đoán nhiễm HIV', NULL, NULL, 'Trung tâm YHDP Quân đội phía Nam', NULL, 36, NULL, NULL, NULL, NULL, NULL, NULL, NULL, NULL, NULL, NULL, NULL, '3696f91f-ced0-4ad4-81f2-ded5fd4b6787', NULL, NULL, NULL, NULL, NULL, NULL, NULL),
	('2597b993-2bc1-4d9f-8fb9-ab4464a41303', '2020-05-09 15:37:12', 'admin', 'admin', '2020-09-15 04:43:47', '4f18f75f-dda4-4a25-85c7-c897c3a387f2', NULL, '	1724 Phạm Thế Hiển - Phường 6 - Quận 8 - TPHCM', 'S-0037', 'Nguyễn Ngọc Hải	Điền', NULL, '	Chẩn đoán nhiễm HIV', NULL, NULL, 'Khoa tham vấn hỗ trợ cộng đồng - YTDP Quận 8', NULL, 37, NULL, NULL, NULL, NULL, NULL, NULL, NULL, NULL, NULL, NULL, NULL, '3696f91f-ced0-4ad4-81f2-ded5fd4b6787', NULL, NULL, NULL, NULL, NULL, NULL, NULL),
	('2626321d-29a9-4086-90b4-0a34443fb4f4', '2020-05-09 15:14:54', 'admin', 'admin', '2020-09-15 04:43:47', 'c3792687-0c69-4e04-bbb6-c5fc73c46576', NULL, 'KHÓM SƠN ĐỘNG, THỊ TRẤN NHÀ BÀNG, HUYỆN TỊNH BIÊN, AN GIANG', 'S-0038', 'LỮ HOÀNG ViỆT QUỐC', '908258523	', '				Chẩn đoán nhiễm HIV', NULL, NULL, 'TRUNG TÂM Y TẾ HUYỆN TỊNH BIÊN', NULL, 38, NULL, NULL, NULL, NULL, NULL, NULL, NULL, NULL, NULL, NULL, NULL, '3696f91f-ced0-4ad4-81f2-ded5fd4b6787', NULL, NULL, NULL, NULL, NULL, NULL, NULL),
	('27e8204d-068a-4259-9a27-d2b7b677b0ea', '2020-05-09 09:55:41', 'admin', 'admin', '2020-09-15 04:43:47', '5202ddda-f298-4918-be32-2fbe485872a9', NULL, '32/7A, đường Võ Tánh, khu 7, Thị trấn Trà Ôn, huyện Trà Ôn, tỉnh Vĩnh Long', 'S-0039', 'Phan Thị Mỹ Huyền', '0378524141', 'Trống', NULL, NULL, 'Trung tâm Y tế huyện Trà Ôn', NULL, 39, NULL, NULL, NULL, NULL, NULL, NULL, NULL, NULL, NULL, NULL, NULL, '3696f91f-ced0-4ad4-81f2-ded5fd4b6787', NULL, NULL, NULL, NULL, NULL, NULL, NULL),
	('2867c5df-3048-4423-94e4-d5ebb4d5b75f', '2020-05-09 09:41:22', 'admin', 'admin', '2020-09-15 04:43:47', '5b9c3c32-2ab7-4861-9de5-1ae76c1a1418', NULL, 'số 36, đường Nguyễn Văn Thảnh, khóm 5, phường Cái Vồn, thị xã Bình Minh, tỉnh Vĩnh Long', 'S-0040', 'Nguyễn Quang Minh', '0918258387', 'Sàng lọc cho phụ nữ mang thai', NULL, NULL, 'Trung tâm y tế thị xã Bình Minh', NULL, 40, NULL, NULL, NULL, NULL, NULL, NULL, NULL, NULL, NULL, NULL, NULL, '3696f91f-ced0-4ad4-81f2-ded5fd4b6787', NULL, NULL, NULL, NULL, NULL, NULL, NULL),
	('29ce94d3-04f4-4a6b-a628-391f24417812', '2020-05-09 09:27:57', 'admin', 'admin', '2020-09-15 04:43:47', 'aa6bf157-64bd-40f4-871e-491de22bceff', NULL, 'Số 01, Đồng Khởi, Phường 5, Thành Phố Bạc Liêu, Bạc Liêu', 'S-0041', 'PHẠM THANH HỒNG', '0918093646', 'Chẩn đoán nhiễm HIV', NULL, NULL, 'Trung Tâm Kiểm Soát Bệnh Tật Bạc Liêu', NULL, 41, NULL, NULL, NULL, NULL, NULL, NULL, NULL, NULL, NULL, NULL, NULL, '3696f91f-ced0-4ad4-81f2-ded5fd4b6787', NULL, NULL, NULL, NULL, NULL, NULL, NULL),
	('29e411c1-0ccb-4eb0-8cfd-f28e3649bd1c', '2020-05-09 09:33:24', 'admin', 'admin', '2020-09-15 04:43:47', 'affdf809-d4d5-4137-b2a3-88820f64cdde', NULL, 'Số 24 đường Hùng Vương Phường 1 Thành Phố Vĩnh Long', 'S-0042', 'Huỳnh Ngọc Thanh', '0908209349', 'Chẩn đoán nhiễm HIV', NULL, NULL, 'TTKS BỆNH TẬT VĨNH LONG', NULL, 42, NULL, NULL, NULL, NULL, NULL, NULL, NULL, NULL, NULL, NULL, NULL, '3696f91f-ced0-4ad4-81f2-ded5fd4b6787', NULL, NULL, NULL, NULL, NULL, NULL, NULL),
	('2b4ce269-3d1f-4db6-887c-8e990b4a49c9', '2020-05-09 09:46:46', 'admin', 'admin', '2020-09-15 04:43:47', 'd9c6106f-ecc4-4b93-85a3-ba3d00b42e4d', NULL, 'Khu phố 2, Thị Trấn Đông Thành Đức Huệ Long An', 'S-0043', 'Phan Văn Kiệt', '0913180265', 'Sàng lọc cho phụ nữ mang thai', NULL, NULL, 'Trung tâm y tế Huyện Đức Huệ', NULL, 43, NULL, NULL, NULL, NULL, NULL, NULL, NULL, NULL, NULL, NULL, NULL, '3696f91f-ced0-4ad4-81f2-ded5fd4b6787', NULL, NULL, NULL, NULL, NULL, NULL, NULL),
	('2c4af76d-4951-44eb-9865-a0dc77941b3f', '2020-05-09 10:15:25', 'admin', 'admin', '2020-09-15 04:43:47', '3507322b-3d8e-4197-8e57-2d29a87fd75d', NULL, '403 Cách mạng tháng 8 phường 13 quận 10', 'S-0044', 'PHẠM THỊ BÍCH ANH', '2839798712', 'Chẩn đoán nhiễm HIV', NULL, NULL, 'TRUNG TÂM Y TẾ QUẬN 10', NULL, 44, NULL, NULL, NULL, NULL, NULL, NULL, NULL, NULL, NULL, NULL, NULL, '3696f91f-ced0-4ad4-81f2-ded5fd4b6787', NULL, NULL, NULL, NULL, NULL, NULL, NULL),
	('2c66959d-ec9c-4a0e-ad57-726df1ad8534', '2020-05-09 09:28:26', 'admin', 'admin', '2020-09-15 04:43:47', 'c26c5326-a873-4f84-a568-f2e54f4d1518', NULL, '500F, khu phố 2, phường Phú Khương, TP bến Tre', 'S-0045', 'Võ Hoàng Thái', '0947446128', 'Chẩn đoán nhiễm HIV', NULL, NULL, 'Trung tâm kiểm soát bệnh tật tỉnh Bến Tre', NULL, 45, NULL, NULL, NULL, NULL, NULL, NULL, NULL, NULL, NULL, NULL, NULL, '3696f91f-ced0-4ad4-81f2-ded5fd4b6787', NULL, NULL, NULL, NULL, NULL, NULL, NULL),
	('2df59d9b-c1c7-4ea7-942c-5373dbc1e5cb', '2020-05-09 09:42:55', 'admin', 'admin', '2020-09-15 04:43:47', '187e6f56-dd71-4fcc-8197-ba6b0aac78f1', NULL, 'Tỉnh lộ 862 khu phố 4 phường 5 Thị xã Gò Công tỉnh Tiền Giang', 'S-0046', 'Nguyễn Thị Ánh Loan', '919338488', 'Sàng lọc cho phụ nữ mang thai', NULL, NULL, 'Bệnh viện ĐKKV Gò Công', NULL, 46, NULL, NULL, NULL, NULL, NULL, NULL, NULL, NULL, NULL, NULL, NULL, '3696f91f-ced0-4ad4-81f2-ded5fd4b6787', NULL, NULL, NULL, NULL, NULL, NULL, NULL),
	('2e7f0420-4ede-46c6-9bb0-e35f62071c98', '2020-05-09 10:24:41', 'admin', 'admin', '2020-09-15 04:43:47', '7c07e003-26b8-4915-949c-15e07dea5bbf', NULL, 'Khu 1B, Thị Trấn Cần Đước, huyện Cần Đước, Long An', 'S-0047', 'Huỳnh Thị Bích Thuận', '902335029', 'Sàng lọc cho phụ nữ mang thai', NULL, NULL, 'TRUNG TÂM Y TẾ HUYỆN CẦN ĐƯỚC', NULL, 47, NULL, NULL, NULL, NULL, NULL, NULL, NULL, NULL, NULL, NULL, NULL, '3696f91f-ced0-4ad4-81f2-ded5fd4b6787', NULL, NULL, NULL, NULL, NULL, NULL, NULL),
	('2eebcfb5-15aa-48ac-a4b6-9f91c151973d', '2020-05-09 10:11:02', 'admin', 'admin', '2020-09-15 04:43:47', '5c694561-3412-480d-9ceb-9551c4f6277b', NULL, '628, đường 30/4 khu phố 1, phường 3, Tp.Tây Ninh', 'S-0048', 'Phạm Trọng Hiếu', '0909361136', 'Chẩn đoán nhiễm HIV', NULL, NULL, 'Phòng Tư vấn Sức khỏe cộng đồng', NULL, 48, NULL, NULL, NULL, NULL, NULL, NULL, NULL, NULL, NULL, NULL, NULL, '3696f91f-ced0-4ad4-81f2-ded5fd4b6787', NULL, NULL, NULL, NULL, NULL, NULL, NULL),
	('2ef04019-a096-4bb1-8439-240819e17967', '2020-05-09 10:28:20', 'admin', 'admin', '2020-09-15 04:43:47', '22aec39a-22d3-4fe6-9937-71cefcc39713', NULL, '46 Hà Huy Tập, phường Long Hưng, thị xã Tân Châu, tỉnh An Giang', 'S-0049', 'Mai Hữu Hiền', '0982019823', 'Sàng lọc cho phụ nữ mang thai', NULL, NULL, 'Trung tâm Y tế thị xã Tân Châu', NULL, 49, NULL, NULL, NULL, NULL, NULL, NULL, NULL, NULL, NULL, NULL, NULL, '3696f91f-ced0-4ad4-81f2-ded5fd4b6787', NULL, NULL, NULL, NULL, NULL, NULL, NULL),
	('2f2340f2-22b7-4708-ad51-84dc73773678', '2020-05-09 15:38:21', 'admin', 'admin', '2020-09-15 04:43:47', '4d037223-85c8-4d94-b950-4a5b8bd739a4', NULL, '	Quốc lộ 1, Ngã 3 Suối Cát, Xuân Lộc, Đồng Nai	', 'S-0050', '	NQT', '0359.413.512', '	Sàng lọc cho phụ nữ mang thai', NULL, NULL, 'TTYT Huyện Xuân Lộc', NULL, 50, NULL, NULL, NULL, NULL, NULL, NULL, NULL, NULL, NULL, NULL, NULL, '3696f91f-ced0-4ad4-81f2-ded5fd4b6787', NULL, NULL, NULL, NULL, NULL, NULL, NULL),
	('2f657658-a934-4580-8c74-d5e48300d978', '2020-05-09 09:40:26', 'admin', 'admin', '2020-09-15 04:43:47', '4a35cdb5-a6f5-429b-a47b-f11c0a61414d', NULL, '699 Trần Hưng Đạo, P1, Q5, TPHCM', 'S-0051', 'Lưu Thị Phương Trinh', '39232717127', 'Chẩn đoán nhiễm HIV', NULL, NULL, 'Trung tâm Y tế Dự phòng TP.HCM', NULL, 51, NULL, NULL, NULL, NULL, NULL, NULL, NULL, NULL, NULL, NULL, NULL, '3696f91f-ced0-4ad4-81f2-ded5fd4b6787', NULL, NULL, NULL, NULL, NULL, NULL, NULL),
	('2fbffd72-fc80-4ff9-9eff-8bda69aced22', '2020-05-09 15:07:00', 'admin', 'admin', '2020-09-15 04:43:47', 'f74c99db-eed3-40e0-a4bf-6b42e3f5af03', NULL, '12 Phan Đình Phùng - KP2 - TT Phú Hoà - Chư păh - Gia Lai', 'S-0052', 'Phạm Khắc Trung', NULL, '	Sàng lọc cho phụ nữ mang thai', NULL, NULL, 'TTYT Huyện Chư păh', NULL, 52, NULL, NULL, NULL, NULL, NULL, NULL, NULL, NULL, NULL, NULL, NULL, '3696f91f-ced0-4ad4-81f2-ded5fd4b6787', NULL, NULL, NULL, NULL, NULL, NULL, NULL),
	('328ac1d0-69dc-4615-ab56-95bf36542c1c', '2020-05-09 09:05:17', 'admin', 'admin', '2020-09-15 04:43:47', '4892b936-afd3-4b71-ba31-1297fe0daf54', NULL, '118 Hồng Bàng, P. 12, Quận 5, TP. Hồ Chí Minh', 'S-0053', 'Trần Thị Trang', '0936 772 333', 'An toàn truyền máu', NULL, NULL, 'Bệnh viện Truyền máu Huyết học', NULL, 53, NULL, NULL, NULL, NULL, NULL, NULL, NULL, NULL, NULL, NULL, NULL, '3696f91f-ced0-4ad4-81f2-ded5fd4b6787', NULL, NULL, NULL, NULL, NULL, NULL, NULL),
	('328cc835-5117-4996-b02c-7eec9cfd7064', '2020-05-09 09:31:12', 'admin', 'admin', '2020-09-15 04:43:47', 'b6354902-7d1b-4ee2-b306-7a65cf677c5f', NULL, 'Số 6 Ngô Quyền, P1, TP Tân An, Long An', 'S-0054', 'Nguyễn Thị Kim Tuyền', '2723829995', 'Chẩn đoán nhiễm HIV', NULL, NULL, 'Trung tâm Kiểm soát bệnh tật Long An', NULL, 54, NULL, NULL, NULL, NULL, NULL, NULL, NULL, NULL, NULL, NULL, NULL, '3696f91f-ced0-4ad4-81f2-ded5fd4b6787', NULL, NULL, NULL, NULL, NULL, NULL, NULL),
	('32c97b9e-f71a-4f27-aff4-9f546e9473c4', '2020-05-09 14:52:13', 'admin', 'admin', '2020-09-15 04:43:47', 'c382385d-ad17-45f3-bd55-ed87137c89e4', NULL, 'Ấp Tân Mai II - Xã Phước Tân - Thành Phố Biên Hòa - Tỉnh Đồng Nai', 'S-0055', 'Từ Hải Dương', '964621863', NULL, NULL, NULL, 'Bệnh viện phổi Đồng Nai', NULL, 55, NULL, NULL, NULL, NULL, NULL, NULL, NULL, NULL, NULL, NULL, NULL, '3696f91f-ced0-4ad4-81f2-ded5fd4b6787', NULL, NULL, NULL, NULL, NULL, NULL, NULL),
	('34695068-4a9b-4646-bed6-8dc79aa44ecd', '2020-05-09 11:24:25', 'admin', 'admin', '2020-09-15 04:43:47', 'db129677-2132-481e-af46-ace948b458bf', NULL, 'Đường số 44 khu dân cư Ngân Thuận- Phường Bình Thủy-Bình Thủy-Thành Phố Cần Thơ', 'S-0056', 'Nguyễn Hoàng Nhân', '907034403', 'Sàng lọc cho phụ nữ mang thai', NULL, NULL, 'TRUNG TÂM Y TẾ QUẬN BÌNH THỦY', NULL, 56, NULL, NULL, NULL, NULL, NULL, NULL, NULL, NULL, NULL, NULL, NULL, '3696f91f-ced0-4ad4-81f2-ded5fd4b6787', NULL, NULL, NULL, NULL, NULL, NULL, NULL),
	('34b42f36-5ff8-45b3-81e5-3e6cee67f1d5', '2020-05-09 09:29:17', 'admin', 'admin', '2020-09-15 04:43:47', 'cb27b3e1-274e-42ff-8d78-0480b1334f23', NULL, 'ấp 1, p.Tiến Thành, tp.Đồng Xoài, tỉnh Bình Phước', 'S-0057', 'Nguyễn Thị Hạnh Chi', '0979879489', 'Chẩn đoán nhiễm HIV', NULL, NULL, 'Trung tâm kiểm soát bệnh tật Bình Phước', NULL, 57, NULL, NULL, NULL, NULL, NULL, NULL, NULL, NULL, NULL, NULL, NULL, '3696f91f-ced0-4ad4-81f2-ded5fd4b6787', NULL, NULL, NULL, NULL, NULL, NULL, NULL),
	('350b6214-060e-43bf-a333-b157cca8f66b', '2020-05-09 10:22:49', 'admin', 'admin', '2020-09-15 04:43:47', '2be85a05-1c92-40bd-b53a-aa6cd794aea2', NULL, '09A Nguyễn Văn Côn ,TT Vĩnh Bình , Gò Công Tây, Tiền Giang.', 'S-0058', 'Lê Tấn Bảy', '945860276', 'Sàng lọc cho phụ nữ mang thai', NULL, NULL, 'Trung Tâm Y tế huyện Gò Công Tây', NULL, 58, NULL, NULL, NULL, NULL, NULL, NULL, NULL, NULL, NULL, NULL, NULL, '3696f91f-ced0-4ad4-81f2-ded5fd4b6787', NULL, NULL, NULL, NULL, NULL, NULL, NULL),
	('36322695-151d-41ff-aef8-2ce5f27d687d', '2020-05-09 15:24:25', 'admin', 'admin', '2020-09-15 04:43:47', '6b01b14a-bb14-4ab2-a96f-aace4a0c13a5', NULL, 'Khu phố 3 -Thị Trấn Vĩnh An-Huyện Vĩnh Cửu-Tỉnh Đồng Nai', 'S-0059', 'Nguyễn Thị Kim	', '907970945', '	Chẩn đoán nhiễm HIV', NULL, NULL, 'Trung Tâm Y Tế Huyện Vĩnh Cửu', NULL, 59, NULL, NULL, NULL, NULL, NULL, NULL, NULL, NULL, NULL, NULL, NULL, '3696f91f-ced0-4ad4-81f2-ded5fd4b6787', NULL, NULL, NULL, NULL, NULL, NULL, NULL),
	('365bd026-d0d7-4852-8508-252121d5fd6a', '2020-05-09 11:34:21', 'admin', 'admin', '2020-09-15 04:43:47', 'd4965608-3820-421a-b9fc-3c2c135022a5', NULL, '220,Hùng Vương, KV2, Khóm 2, Năm Căn, Cà Mau', 'S-0060', 'Trần Hữu Hiệp', '0917001031', 'Sàng lọc cho phụ nữ mang thai', NULL, NULL, 'TRUNG TÂM Y TẾ NĂM CĂN', NULL, 60, NULL, NULL, NULL, NULL, NULL, NULL, NULL, NULL, NULL, NULL, NULL, '3696f91f-ced0-4ad4-81f2-ded5fd4b6787', NULL, NULL, NULL, NULL, NULL, NULL, NULL),
	('367fb751-3411-445e-a154-d1c97a5c17fc', '2020-05-09 15:10:12', 'admin', 'admin', '2020-09-15 04:43:47', 'e4693f90-0b1e-45c7-8288-0af43155f019', NULL, 'Đường Nguyễn Hữu Cảnh, ấp Xóm Hố, xã Phú Hội, huyện Nhơn Trạch, tỉnh Đồng Nai', 'S-0061', '		Nguyễn Thị Thiện', '	0251.3521. 160', '	Sàng lọc cho phụ nữ mang thai', NULL, NULL, 'Trung tâm Y tế huyện Nhơn Trạch	', NULL, 61, NULL, NULL, NULL, NULL, NULL, NULL, NULL, NULL, NULL, NULL, NULL, '3696f91f-ced0-4ad4-81f2-ded5fd4b6787', NULL, NULL, NULL, NULL, NULL, NULL, NULL),
	('378e4d58-6e8f-4255-bd4d-e54ac3fa9569', '2020-05-09 09:31:34', 'admin', 'admin', '2020-09-15 04:43:47', 'df67aa3d-b8e0-455b-a7e6-ae4b3af20b66', NULL, 'Số 376 Lê Duẩn, K5, P9, TPST, tỉnh Sóc Trăng', 'S-0062', 'Trần Bữu Hiệp', '0913183127', 'Chẩn đoán nhiễm HIV', NULL, NULL, 'TRUNG TÂM PC HIV/AIDS SÓC TRĂNG', NULL, 62, NULL, NULL, NULL, NULL, NULL, NULL, NULL, NULL, NULL, NULL, NULL, '3696f91f-ced0-4ad4-81f2-ded5fd4b6787', NULL, NULL, NULL, NULL, NULL, NULL, NULL),
	('379be23a-7a38-4588-8ba1-3cdf42c3b3c5', '2020-05-09 15:29:20', 'admin', 'admin', '2020-09-15 04:43:47', '2290df78-1ec1-4943-b95d-016f279a35ce', NULL, '	số 30, đường Trần Hưng Đạo, khóm IV, trị trấn Cầu Kè, huyện Cầu Kè, tỉnh Trà Vinh		', 'S-0063', 'Nguyễn Thị Lệ chi', '987450114', '	Sàng lọc cho phụ nữ mang thai', NULL, NULL, 'TRUNG TÂM Y TẾ HUYỆN CẦU KÈ', NULL, 63, NULL, NULL, NULL, NULL, NULL, NULL, NULL, NULL, NULL, NULL, NULL, '3696f91f-ced0-4ad4-81f2-ded5fd4b6787', NULL, NULL, NULL, NULL, NULL, NULL, NULL),
	('3c06af8c-98b0-42ea-9a44-8888f4bb4eab', '2020-05-09 15:33:14', 'admin', 'admin', '2020-09-15 04:43:47', 'd7a31fa0-a0c7-4773-8348-e6b502adca74', NULL, '09 Lạc Long Quân - Âu Cơ, Khóm 5, Phường 07, TP.Cà Mau', 'S-0064', 'NGUYỄN HỒNG HẠT	', '0949643673	', '			Xét nghiệm tiền phẫu', NULL, NULL, 'BỆNH VIỆN ĐA KHOA HOÀN MỸ MINH HẢI', NULL, 64, NULL, NULL, NULL, NULL, NULL, NULL, NULL, NULL, NULL, NULL, NULL, '3696f91f-ced0-4ad4-81f2-ded5fd4b6787', NULL, NULL, NULL, NULL, NULL, NULL, NULL),
	('3db2025b-9606-446f-8ca0-d51208a50ff5', '2020-05-09 10:26:57', 'admin', 'admin', '2020-09-15 04:43:47', '920a554b-f14f-435d-821d-3673d1e566c0', NULL, '09 Hải Thượng Lãn Ông, Mỹ Xuyên, Long Xuyên, An Giang', 'S-0065', 'Nguyễn Hữu Trí', '868664559', 'Trống', NULL, NULL, 'TTYT Thành Phố Long Xuyên', NULL, 65, NULL, NULL, NULL, NULL, NULL, NULL, NULL, NULL, NULL, NULL, NULL, '3696f91f-ced0-4ad4-81f2-ded5fd4b6787', NULL, NULL, NULL, NULL, NULL, NULL, NULL),
	('3dd9adb3-10a6-40a8-8822-a2b4a4c5c3a2', '2020-05-09 09:48:49', 'admin', 'admin', '2020-09-15 04:43:47', '25d4b451-8155-4b84-a0da-38b84f79463a', NULL, 'Quốc lộ 91, KV11 - P.Châu Văn Liêm - Q.Ô Môn - TP Cần Thơ', 'S-0066', 'Nguyễn Anh Đào', '919638222', 'Trống', NULL, NULL, 'Trung Tâm Y Tế Quận Ô Môn', NULL, 66, NULL, NULL, NULL, NULL, NULL, NULL, NULL, NULL, NULL, NULL, NULL, '3696f91f-ced0-4ad4-81f2-ded5fd4b6787', NULL, NULL, NULL, NULL, NULL, NULL, NULL),
	('3e28af0a-469b-4fbd-a61d-a61badc6f0f8', '2020-05-09 09:54:43', 'admin', 'admin', '2020-09-15 04:43:47', 'c963f4ce-d067-4b9a-9780-fd2b1e3ac575', NULL, 'Đường Nguyễn Văn Tiết, Lái Thiêu, Thuận An, Bình Dương', 'S-0067', 'Trần Thị Thu Hiền', '368860870', 'Sàng lọc cho phụ nữ mang thai', NULL, NULL, 'Trung Tâm y Tế Thị Xã Thuận An', NULL, 67, NULL, NULL, NULL, NULL, NULL, NULL, NULL, NULL, NULL, NULL, NULL, '3696f91f-ced0-4ad4-81f2-ded5fd4b6787', NULL, NULL, NULL, NULL, NULL, NULL, NULL),
	('3e3f32f6-13db-4afe-bbc2-2a1ff530ee3d', '2020-05-09 11:41:19', 'admin', 'admin', '2020-09-15 04:43:47', 'ff3efde8-4755-403c-93a9-a006639b487c', NULL, 'Số 3 - đường Văn Công Khai - phường Phú Cường - Thành phố Thủ Dầu Một - tỉnh Bình Dương', 'S-0068', 'Phạm Văn Phí', '0274 3 855342', 'Sàng lọc', NULL, NULL, 'Trung tâm Y tế Thành phố Thủ Dầu Một', NULL, 68, NULL, NULL, NULL, NULL, NULL, NULL, NULL, NULL, NULL, NULL, NULL, '3696f91f-ced0-4ad4-81f2-ded5fd4b6787', NULL, NULL, NULL, NULL, NULL, NULL, NULL),
	('3e9e8642-4975-4827-b3ef-946a0070b194', '2020-05-09 09:40:51', 'admin', 'admin', '2020-09-15 04:43:47', '94f36076-c9f6-4e3d-ad7d-46a4f9677325', NULL, 'SỐ 29-ĐƯỜNG PHAN NGỌC TÒNG, KHU PHỐ 6, THỊ TRẤN BA TRI, HUYỆN BA TRI, TỈNH BẾN TRE', 'S-0069', 'TRẦN VĂN TRỌNG', '0919578388', 'Sàng lọc cho phụ nữ mang thai', NULL, NULL, 'BỆNH VIỆN ĐA KHOA KHU VỰC BA TRI', NULL, 69, NULL, NULL, NULL, NULL, NULL, NULL, NULL, NULL, NULL, NULL, NULL, '3696f91f-ced0-4ad4-81f2-ded5fd4b6787', NULL, NULL, NULL, NULL, NULL, NULL, NULL),
	('3eefeb39-72ae-4f2c-a168-d69a22db3f2e', '2020-05-09 09:51:05', 'admin', 'admin', '2020-09-15 04:43:47', '112bcb58-59e2-444c-8990-639d75ade5fa', NULL, 'khu phước hải, TT.Long Thành, Long Thành, Đồng Nai.', 'S-0070', 'Võ Văn Giang', '0937279069', 'Chẩn đoán nhiễm HIV', NULL, NULL, 'TRUNG TÂM Y TẾ LONG THÀNH', NULL, 70, NULL, NULL, NULL, NULL, NULL, NULL, NULL, NULL, NULL, NULL, NULL, '3696f91f-ced0-4ad4-81f2-ded5fd4b6787', NULL, NULL, NULL, NULL, NULL, NULL, NULL),
	('3faf12de-1d58-4a41-8ff8-0d64d93d4306', '2020-05-09 09:53:30', 'admin', 'admin', '2020-09-15 04:43:47', '6a5afc92-3927-42ba-93df-628de5ce13dc', NULL, 'Ấp Mỹ An C, Xã Mỹ Thạnh An, TP Bến Tre', 'S-0071', 'Nguyễn Thiên Lan', '02753512184', 'Sàng lọc cho phụ nữ mang thai', NULL, NULL, 'TTYT Thành phố Bến tre', NULL, 71, NULL, NULL, NULL, NULL, NULL, NULL, NULL, NULL, NULL, NULL, NULL, '3696f91f-ced0-4ad4-81f2-ded5fd4b6787', NULL, NULL, NULL, NULL, NULL, NULL, NULL),
	('41d78239-0b92-4c84-aa0c-c458488ceb34', '2020-05-09 15:17:05', 'admin', 'admin', '2020-09-15 04:43:47', '267973ae-4c25-49f7-81ab-fda62f47a6d0', NULL, ' KHÓM 1 ,TT TRÀ CÚ ,TRÀ VINH 		', 'S-0072', 'TRƯƠNG HỮU HÒA ', '986859252	', 'Sàng lọc cho phụ nữ mang thai', NULL, NULL, 'TRUNG TÂM Y TẾ TRÀ CÚ', NULL, 72, NULL, NULL, NULL, NULL, NULL, NULL, NULL, NULL, NULL, NULL, NULL, '3696f91f-ced0-4ad4-81f2-ded5fd4b6787', NULL, NULL, NULL, NULL, NULL, NULL, NULL),
	('41dde68a-63de-45a1-9ca0-0e3fa0c3d374', '2020-05-09 09:42:19', 'admin', 'admin', '2020-09-15 04:43:47', 'e93d728f-02a5-4548-930d-46bdf83a8294', NULL, 'Quốc lộ 57, Ấp Tân Lộc, Xã Tân Hội, Huyện Mỏ Cày Nam, Tỉnh Bến Tre', 'S-0073', 'Thạch Thị Điểm', '909544807', 'Sàng lọc cho phụ nữ mang thai', NULL, NULL, 'Bệnh Viện Đa Khoa Khu Vực Cù Lao Minh', NULL, 73, NULL, NULL, NULL, NULL, NULL, NULL, NULL, NULL, NULL, NULL, NULL, '3696f91f-ced0-4ad4-81f2-ded5fd4b6787', NULL, NULL, NULL, NULL, NULL, NULL, NULL),
	('47e48120-5fee-459b-8e55-e57391b27630', '2020-05-09 10:03:24', 'admin', 'admin', '2020-09-15 04:43:47', 'c6e7ca48-5802-4d0a-b9c6-8ae06421fa3e', NULL, 'Số 99 đường 30/4, KV2 Phường Thuận An, Thị xã Long Mỹ', 'S-0074', 'Nguyễn Thanh Lâm', '944674949', 'Sàng lọc cho phụ nữ mang thai', NULL, NULL, 'TRUNG TÂM Y TẾ THỊ XÃ LONG MỸ', NULL, 74, NULL, NULL, NULL, NULL, NULL, NULL, NULL, NULL, NULL, NULL, NULL, '3696f91f-ced0-4ad4-81f2-ded5fd4b6787', NULL, NULL, NULL, NULL, NULL, NULL, NULL),
	('48c1a8e4-69d5-4210-ad10-66dc9f2f1fcf', '2020-05-09 10:26:13', 'admin', 'admin', '2020-09-15 04:43:47', '0eb46c07-ed7a-42c5-b2b7-a295c29fd10d', NULL, 'ẤP LONG THÀNH-THỊ TRẤN PHƯỚC LONG-HUYỆN PHƯỚC LONG-TỈNH BẠC LIÊU', 'S-0075', 'TRẦN TRUNG THỰC', '944774636', 'Sàng lọc cho phụ nữ mang thai', NULL, NULL, 'TRUNG TÂM Y TẾ HUYỆN PHƯỚC LONG', NULL, 75, NULL, NULL, NULL, NULL, NULL, NULL, NULL, NULL, NULL, NULL, NULL, '3696f91f-ced0-4ad4-81f2-ded5fd4b6787', NULL, NULL, NULL, NULL, NULL, NULL, NULL),
	('4addc731-79f6-455c-b0e6-d0d6c047eaaf', '2020-05-09 09:05:52', 'admin', 'admin', '2020-09-15 04:43:47', '53bd6386-3fa4-41cc-af7f-7152772e0e88', NULL, '284 Cống Quỳnh - Quận 1- TP.HCM', 'S-0076', 'Nguyễn Thị Thanh Nhàn', '0918-699-885', 'Sàng lọc cho phụ nữ mang thai', NULL, NULL, 'Bệnh Viện Từ Dũ', NULL, 76, NULL, NULL, NULL, NULL, NULL, NULL, NULL, NULL, NULL, NULL, NULL, '3696f91f-ced0-4ad4-81f2-ded5fd4b6787', NULL, NULL, NULL, NULL, NULL, NULL, NULL),
	('4b328064-fc09-481a-a8d3-93be9e477fb7', '2020-05-09 10:27:51', 'admin', 'admin', '2020-09-15 04:43:47', 'cfc7b843-3923-4e9b-939d-d60d5bf1ab7b', NULL, 'số 03-CMT8-Xuân An-Long Khánh - Đồng Nai', 'S-0077', 'Nguyễn Mạnh Hảo ', '02513647096', 'Chẩn đoán nhiễm HIV', NULL, NULL, ' Trung Tâm Y Tế Thị Xã Long Khánh', NULL, 77, NULL, NULL, NULL, NULL, NULL, NULL, NULL, NULL, NULL, NULL, NULL, '3696f91f-ced0-4ad4-81f2-ded5fd4b6787', NULL, NULL, NULL, NULL, NULL, NULL, NULL),
	('4b6088b0-8377-4243-b515-442caf54cdb4', '2020-05-09 15:25:18', 'admin', 'admin', '2020-09-15 04:43:47', '44c7511f-91eb-4eb4-b31b-3b01071fb319', NULL, '254 Hoà Hảo-P4-Q10-TPHCM	', 'S-0078', 'Nguyễn Bảo Toàn', '918290091', '	', NULL, NULL, 'Khoa Xét nghiệm-PKĐK-Cty  TNHH Y tế HH', NULL, 78, NULL, NULL, NULL, NULL, NULL, NULL, NULL, NULL, NULL, NULL, NULL, '3696f91f-ced0-4ad4-81f2-ded5fd4b6787', NULL, NULL, NULL, NULL, NULL, NULL, NULL),
	('4b9b4c1f-75f3-48c3-abcb-66fa8b7bcd48', '2020-05-09 15:32:39', 'admin', 'admin', '2020-09-15 04:43:47', 'd16852e9-3137-4050-bf02-d704e4cba158', NULL, '		18 Đại lộ Bình Dương, huyện Thuận An, tỉnh Bình Dương	', 'S-0079', 'ĐTVT', '918249425	', 'Sàng lọc cho phụ nữ mang thai', NULL, NULL, 'Bệnh Viện Quốc Tế Hạnh Phúc', NULL, 79, NULL, NULL, NULL, NULL, NULL, NULL, NULL, NULL, NULL, NULL, NULL, '3696f91f-ced0-4ad4-81f2-ded5fd4b6787', NULL, NULL, NULL, NULL, NULL, NULL, NULL),
	('4bcec724-3ece-4817-b5ff-bcfd5b574fa8', '2020-05-09 09:52:18', 'admin', 'admin', '2020-09-15 04:43:47', '557b7343-fac7-4ed0-99b4-88e90af2f57d', NULL, '98/4-KHU PHỐ 4-THỊ TRẤN THẠNH PHÚ-HUYỆN THẠNH PHÚ-TỈNH BẾN TRE', 'S-0080', 'NGUYỄN THỊ ÚT', '2753870970', 'Chẩn đoán nhiễm HIV', NULL, NULL, 'TRUNG TÂM Y TẾ HUYỆN THẠNH PHÚ', NULL, 80, NULL, NULL, NULL, NULL, NULL, NULL, NULL, NULL, NULL, NULL, NULL, '3696f91f-ced0-4ad4-81f2-ded5fd4b6787', NULL, NULL, NULL, NULL, NULL, NULL, NULL),
	('4c7c813f-e775-4fd6-91b3-8077e3131e72', '2020-05-09 15:20:51', 'admin', 'admin', '2020-09-15 04:43:47', '78dc0e34-ca8e-4c33-b15b-84a6d7987c85', NULL, '455CMT8-PHÚ CƯỜNG, THỦ DẦU MỘT, BÌNH DƯƠNG', 'S-0081', 'HOÀNG ĐỨC HUẤN	', '0919807888	', '			Sàng lọc cho phụ nữ mang thai', NULL, NULL, 'BỆNH ViỆN PHỤ SẢN NHI BÌNH DƯƠNG', NULL, 81, NULL, NULL, NULL, NULL, NULL, NULL, NULL, NULL, NULL, NULL, NULL, '3696f91f-ced0-4ad4-81f2-ded5fd4b6787', NULL, NULL, NULL, NULL, NULL, NULL, NULL),
	('4e29a7b9-b630-418f-ab03-6869950b5468', '2020-05-09 15:09:32', 'admin', 'admin', '2020-09-15 04:43:47', '53592ee7-adb6-409d-a4f0-836012963106', NULL, 'Ấp An đồng xã An Nhứt huyện Long Điền tỉnh Bà Rịa Vũng Tàu', 'S-0082', '	Trần Tú Huê	', '0907929079', 'Chẩn đoán nhiễm HIV', NULL, NULL, 'Trung tâm y tế huyện Long Điền', NULL, 82, NULL, NULL, NULL, NULL, NULL, NULL, NULL, NULL, NULL, NULL, NULL, '3696f91f-ced0-4ad4-81f2-ded5fd4b6787', NULL, NULL, NULL, NULL, NULL, NULL, NULL),
	('4f727002-2985-4f14-a62f-ac89c7ecfdb8', '2020-05-09 09:04:44', 'admin', 'admin', '2020-09-15 04:43:47', 'de2e5937-7012-46d4-b4ed-0130681312b9', NULL, '128 HỒNG BÀNG, PHƯỜNG 12, QUẬN 5, TPHCM', 'S-0083', 'ĐOÀN THỊ BÉ HÙNG', '0908948019', 'Sàng lọc cho phụ nữ mang thai', NULL, NULL, 'BỆNH VIỆN HÙNG VƯƠNG', NULL, 83, NULL, NULL, NULL, NULL, NULL, NULL, NULL, NULL, NULL, NULL, NULL, '3696f91f-ced0-4ad4-81f2-ded5fd4b6787', NULL, NULL, NULL, NULL, NULL, NULL, NULL),
	('4fcfa3c6-8f90-4a32-b45c-338ca8ed6f1e', '2020-05-09 11:20:42', 'admin', 'admin', '2020-09-15 04:43:47', 'c9483b27-bec0-4f8d-9e0e-9fd45aad7890', NULL, '111 TCH 21, Phường Tân Chánh Hiệp, Quận 12, TP.Hồ Chí  Minh', 'S-0084', 'Phan Văn Trường', '0909219570', 'Sàng lọc cho phụ nữ mang thai', NULL, NULL, 'BỆNH VIỆN QUẬN 12', NULL, 84, NULL, NULL, NULL, NULL, NULL, NULL, NULL, NULL, NULL, NULL, NULL, '3696f91f-ced0-4ad4-81f2-ded5fd4b6787', NULL, NULL, NULL, NULL, NULL, NULL, NULL),
	('52c5af46-50d1-44ea-89f0-696d3628a8de', '2020-09-01 04:46:44', 'admin', 'admin', '2020-09-15 04:43:47', '4af5689d-c291-456c-a870-69f27f5b549b', NULL, 'Thanh xuân, hà nội', 'S-0085', 'Trâm', '0987654321', NULL, 'trinh3@gmail.com', '123456', '123456', 'Nhân viên xét nghiệm', 85, NULL, NULL, NULL, NULL, NULL, NULL, NULL, NULL, '123456', '123456', NULL, NULL, NULL, NULL, NULL, NULL, NULL, NULL, NULL),
	('53170d9b-1ce9-4325-90e5-153caa865522', '2020-05-09 09:56:56', 'admin', 'admin', '2020-09-15 04:43:47', '86345cdd-f3e3-4d77-b478-77d9d8c68503', NULL, '80-82 Nguyễn Trung Trực, P. Vĩnh Bảo, TP. Rạch Giá, Kiên Giang', 'S-0086', 'Nguyễn Thị Thu Hương', '2973.874381', 'Chẩn đoán nhiễm HIV', NULL, NULL, 'Bệnh viện Bình An Kiên Giang', NULL, 86, NULL, NULL, NULL, NULL, NULL, NULL, NULL, NULL, NULL, NULL, NULL, '3696f91f-ced0-4ad4-81f2-ded5fd4b6787', NULL, NULL, NULL, NULL, NULL, NULL, NULL),
	('53ea02ed-8df7-4459-ba8b-a4f2e0c61306', '2020-05-09 09:06:34', 'admin', 'admin', '2020-09-15 04:43:47', '38101901-1d8f-4ac0-a3f6-7a3c0090c07a', NULL, '3 NƠ TRANG LONG BÌNH THẠNH, TP HỒ CHÍ MINH', 'S-0087', 'LƯƠNG THU TRÂM', '918419402', 'Xét nghiệm tiền phẫu', NULL, NULL, 'BỆNH ViỆN UNG BƯỚU', NULL, 87, NULL, NULL, NULL, NULL, NULL, NULL, NULL, NULL, NULL, NULL, NULL, '3696f91f-ced0-4ad4-81f2-ded5fd4b6787', NULL, NULL, NULL, NULL, NULL, NULL, NULL),
	('548bc3d2-9b26-4e36-b8d5-0adfbfed10d5', '2020-05-09 10:20:53', 'admin', 'admin', '2020-09-15 04:43:47', '49b051e8-9404-4f65-a577-05b11e74a5ff', NULL, '83/1 Vườn Lài, P.Phú Thọ Hòa, Q. Tân Phú', 'S-0088', 'CNXN. Trần Thanh Hải', '0988020218', 'Chẩn đoán nhiễm HIV', NULL, NULL, 'TRUNG TÂM Y TẾ QUẬN TÂN PHÚ', NULL, 88, NULL, NULL, NULL, NULL, NULL, NULL, NULL, NULL, NULL, NULL, NULL, '3696f91f-ced0-4ad4-81f2-ded5fd4b6787', NULL, NULL, NULL, NULL, NULL, NULL, NULL),
	('54cc5b9e-4d9b-45f4-a511-c1c31acf9ab1', '2020-05-09 09:14:22', 'admin', 'admin', '2020-09-15 04:43:47', '5495679c-ca49-4550-b5ef-efaa537d1b34', NULL, '04 Châu Văn Liêm, P. An LẠc, Q. Ninh Kiều, TP.Cần Thơ', 'S-0089', 'Huỳnh Quang Minh', '090.727.0004', 'Chẩn đoán nhiễm HIV', NULL, NULL, 'Bệnh viện Đa khoa TP Cần Thơ', NULL, 89, NULL, NULL, NULL, NULL, NULL, NULL, NULL, NULL, NULL, NULL, NULL, '3696f91f-ced0-4ad4-81f2-ded5fd4b6787', NULL, NULL, NULL, NULL, NULL, NULL, NULL),
	('551546ec-5a56-482a-81d1-fb93e6683500', '2020-09-01 04:05:04', 'admin', 'admin', '2020-09-15 04:43:47', '87ea10cb-c313-4b36-b260-b125624b1ee7', NULL, NULL, 'S-0090', '123', '0987654321aqửhjfgjdshgf', NULL, 'tram@gmail.com', NULL, '123456789', 'Nhân viên xét nghiệm', 90, NULL, NULL, NULL, NULL, NULL, NULL, NULL, NULL, '123456', '123456', NULL, NULL, NULL, NULL, NULL, NULL, NULL, NULL, NULL),
	('56daa492-e8ff-40f5-8a99-49628e743c87', '2020-05-09 15:28:37', 'admin', 'admin', '2020-09-15 04:43:47', 'f69712ca-a857-4e9a-b17e-0c547c009a9a', NULL, '	Ấp Thới Phong A Thị Trấn Thới Lai Huyện Thới Lai Thành Phố Cần Thơ	', 'S-0091', 'ĐÀO THANH	', '939393116	', 'Sàng lọc cho phụ nữ mang thai', NULL, NULL, 'TRUNG TÂM Y TẾ HUYỆN THỚI LAI', NULL, 91, NULL, NULL, NULL, NULL, NULL, NULL, NULL, NULL, NULL, NULL, NULL, '3696f91f-ced0-4ad4-81f2-ded5fd4b6787', NULL, NULL, NULL, NULL, NULL, NULL, NULL),
	('57149533-1b4d-4b74-8c63-2ae8dd184d4e', '2020-05-09 10:14:39', 'admin', 'admin', '2020-09-15 04:43:47', '76e7b800-8be1-4b41-8c47-5ab0d326c5c2', NULL, 'Số 1 đường số 18- KDC Cotec Ấp 1- Xã Phú Xuân- Huyện Nhà Bè- Tp. HCM', 'S-0092', 'Nguyễn Mạnh Cường', '0903830878', 'Chẩn đoán nhiễm HIV', NULL, NULL, 'Trung tâm Y tế huyện Nhà Bè', NULL, 92, NULL, NULL, NULL, NULL, NULL, NULL, NULL, NULL, NULL, NULL, NULL, '3696f91f-ced0-4ad4-81f2-ded5fd4b6787', NULL, NULL, NULL, NULL, NULL, NULL, NULL),
	('584fa7db-db6d-492c-b30e-e71229b48b01', '2020-05-09 11:23:03', 'admin', 'admin', '2020-09-15 04:43:47', 'fdb241dd-3150-421b-98c3-6ef59eb7d501', NULL, '605 HOÀNG VĂN THỤ PHƯỜNG 04 QuẬN TÂN BÌNH', 'S-0093', 'NGUYỄN QuỐC HÀO', '091 544 6418', 'Chẩn đoán nhiễm HIV', NULL, NULL, 'BỆNH ViỆN QuẬN TÂN BÌNH', NULL, 93, NULL, NULL, NULL, NULL, NULL, NULL, NULL, NULL, NULL, NULL, NULL, '3696f91f-ced0-4ad4-81f2-ded5fd4b6787', NULL, NULL, NULL, NULL, NULL, NULL, NULL),
	('59bfc792-92e8-4924-af94-1c12f65c2563', '2020-05-09 09:23:58', 'admin', 'admin', '2020-09-15 04:43:47', 'd6c3e0a0-0d37-47af-b3a6-1764916f45e2', NULL, '315 nguyễn Văn Linh, P.An Khánh, Q.Ninh Kiều, Tp.Cần Thơ', 'S-0094', 'TQĐ', '0939072666', 'Sàng lọc cho phụ nữ mang thai', NULL, NULL, 'Bệnh Viện Đa Khoa Trung Ương Cần Thơ', NULL, 94, NULL, NULL, NULL, NULL, NULL, NULL, NULL, NULL, NULL, NULL, NULL, '3696f91f-ced0-4ad4-81f2-ded5fd4b6787', NULL, NULL, NULL, NULL, NULL, NULL, NULL),
	('5a16ff68-a048-41a5-aa73-7bd0c810e600', '2020-05-09 15:34:40', 'admin', 'admin', '2020-09-15 04:43:47', 'a5635daf-5b22-4902-a07d-237806dea9df', NULL, '	Đường lộ Dây Thép- Khu phố Mỹ An- Phường Nhị Mỹ- Thị xã Cai Lậy- Tỉnh Tiền Giang			', 'S-0095', 'Ngô Thị Phương Nguyên', '037 417 0927', 'Chẩn đoán nhiễm HIV', NULL, NULL, 'Trung Tâm Y Tế Huyện Cai Lậy	', NULL, 95, NULL, NULL, NULL, NULL, NULL, NULL, NULL, NULL, NULL, NULL, NULL, '3696f91f-ced0-4ad4-81f2-ded5fd4b6787', NULL, NULL, NULL, NULL, NULL, NULL, NULL),
	('5a40ba2a-3533-4ad0-bbc7-6d0a27e035b4', '2020-05-09 11:15:03', 'admin', 'admin', '2020-09-15 04:43:47', '0329abcc-2630-4cbc-bcc7-4f9492eb735f', NULL, '179, Nguyễn Văn Cừ - phường An Khánh - quận Ninh Kiều - thành phố Cần Thơ', 'S-0096', 'Trần Thị Thu Thảo', '0899161009', 'Xét nghiệm tiền phẫu', NULL, NULL, 'Bệnh viện Trường ĐHYD Cần Thơ', NULL, 96, NULL, NULL, NULL, NULL, NULL, NULL, NULL, NULL, NULL, NULL, NULL, '3696f91f-ced0-4ad4-81f2-ded5fd4b6787', NULL, NULL, NULL, NULL, NULL, NULL, NULL),
	('5a5e9c7f-d9da-4b70-883a-c586bbd0a437', '2020-05-09 10:09:58', 'admin', 'admin', '2020-09-15 04:43:47', '81b0a5ef-93db-4da9-a40f-fdea9b44ed81', NULL, '82 CAO LỖ PHƯỜNG 4 QuẬN 8,TP.HCM', 'S-0097', 'HuỲNH THỊ ĐƯỢM', '0909321030', 'Sàng lọc cho phụ nữ mang thai', NULL, NULL, 'BỆNH ViỆN QuẬN 8', NULL, 97, NULL, NULL, NULL, NULL, NULL, NULL, NULL, NULL, NULL, NULL, NULL, '3696f91f-ced0-4ad4-81f2-ded5fd4b6787', NULL, NULL, NULL, NULL, NULL, NULL, NULL),
	('5bc52b60-e4a4-4b78-9f8b-7e1bf7165059', '2020-05-09 09:39:59', 'admin', 'admin', '2020-09-15 04:43:47', '2b0f7475-f9d5-44cb-a106-9e99d71431e7', NULL, '628 đường 30/4, Khu phố 1, Phường 3, Thành phố Tây Ninh, Tây Ninh', 'S-0098', 'Nguyễn Anh Vũ', '0944449886', 'Chẩn đoán nhiễm HIV', NULL, NULL, 'Trung tâm Kiểm soát bệnh tật tỉnh Tây Ninh', NULL, 98, NULL, NULL, NULL, NULL, NULL, NULL, NULL, NULL, NULL, NULL, NULL, '3696f91f-ced0-4ad4-81f2-ded5fd4b6787', NULL, NULL, NULL, NULL, NULL, NULL, NULL),
	('5c31f835-c76e-4c23-a242-e5e852f7ebda', '2020-05-09 09:52:42', 'admin', 'admin', '2020-09-15 04:43:47', '03f86640-dded-4945-b7ee-38002fd7c643', NULL, 'ẤP TRUNG BÌNH- XÃ THOẠI GIANG -  THOẠI SƠN- AN GIANG', 'S-0099', 'TRẦN VIỆT THƠ', '2963710416', 'Sàng lọc cho phụ nữ mang thai', NULL, NULL, 'TTYT HUYỆN THOẠI SƠN', NULL, 99, NULL, NULL, NULL, NULL, NULL, NULL, NULL, NULL, NULL, NULL, NULL, '3696f91f-ced0-4ad4-81f2-ded5fd4b6787', NULL, NULL, NULL, NULL, NULL, NULL, NULL),
	('5d4cdde0-62e7-4173-a38e-b7e4f6beb6b1', '2020-05-09 10:23:18', 'admin', 'admin', '2020-09-15 04:43:47', 'c048caa5-0cf2-4ad5-ac9c-4bd49a544394', NULL, 'BỜ BẮC KÊNH MỚI, ẤP AN HƯNG, TT AN PHÚ, AN GIANG', 'S-0100', 'TRẦN THỊ THÚY NHI', '036420056', 'Sàng lọc cho phụ nữ mang thai', NULL, NULL, 'TTYT HUYỆN AN PHÚ', NULL, 100, NULL, NULL, NULL, NULL, NULL, NULL, NULL, NULL, NULL, NULL, NULL, '3696f91f-ced0-4ad4-81f2-ded5fd4b6787', NULL, NULL, NULL, NULL, NULL, NULL, NULL),
	('5d4ff4ff-ff7c-49d0-81d5-9a026c633010', '2020-05-09 15:02:58', 'admin', 'admin', '2020-09-15 04:43:47', 'fdeb29a1-6d5c-48a3-92a5-1fc441f9e74c', NULL, 'Chẩn đoán nhiễm HIV', 'S-0101', 'Đàm Kim Hằng', '399246284	', ' 	Ấp Thuận Tây- Xã Lợi Thuận - Huyện Bến Cầu - Tỉnh Tây Ninh	 	', NULL, NULL, 'Trung tâm Y tế Bến Cầu', NULL, 101, NULL, NULL, NULL, NULL, NULL, NULL, NULL, NULL, NULL, NULL, NULL, '3696f91f-ced0-4ad4-81f2-ded5fd4b6787', NULL, NULL, NULL, NULL, NULL, NULL, NULL),
	('5df6bb9d-7856-4532-a435-8dbdcf89675c', '2020-05-09 10:13:22', 'admin', 'admin', '2020-09-15 04:43:47', 'ff5f6b24-aeb1-4e88-b587-72e292ad37ef', NULL, '65B, khu phố 1, thị trấn Hóc Môn, huyện Hóc Nôn, TPHCM', 'S-0102', 'Ngô Hồng Việt Thanh', '908123213', 'Sàng lọc cho phụ nữ mang thai', NULL, NULL, 'TRUNG TÂM Y TẾ HUYỆN HÓC MÔN', NULL, 102, NULL, NULL, NULL, NULL, NULL, NULL, NULL, NULL, NULL, NULL, NULL, '3696f91f-ced0-4ad4-81f2-ded5fd4b6787', NULL, NULL, NULL, NULL, NULL, NULL, NULL),
	('5e306b42-7344-4bc0-a080-d93d71c09f68', '2020-05-09 10:05:17', 'admin', 'admin', '2020-09-15 04:43:47', 'd57b3ca5-4d74-4508-88c9-06f576caccd6', NULL, '234QL 1A-Tân Biên-Biên Hòa-Đồng Nai', 'S-0103', 'Nguyễn Sĩ Tuấn', '0919563323', 'Sàng lọc cho phụ nữ mang thai', NULL, NULL, 'BV ĐK THỐNG NHẤT ĐỒNG NAI', NULL, 103, NULL, NULL, NULL, NULL, NULL, NULL, NULL, NULL, NULL, NULL, NULL, '3696f91f-ced0-4ad4-81f2-ded5fd4b6787', NULL, NULL, NULL, NULL, NULL, NULL, NULL),
	('60e915fb-2a15-48f2-85d0-3047e219256a', '2020-05-09 10:01:58', 'admin', 'admin', '2020-09-15 04:43:47', '2198faff-ff61-43ba-bc9c-3be6d384e0db', NULL, 'KHÓM 1, PHƯỜNG 1, THỊ XÃ GIÁ RAI, TP.BẠC LIÊU', 'S-0104', 'ĐINH ĐỨC HƯNG', '942192279', 'Sàng lọc cho phụ nữ mang thai', NULL, NULL, 'TRUNG TÂM Y TẾ THỊ XÃ GIÁ RAI', NULL, 104, NULL, NULL, NULL, NULL, NULL, NULL, NULL, NULL, NULL, NULL, NULL, '3696f91f-ced0-4ad4-81f2-ded5fd4b6787', NULL, NULL, NULL, NULL, NULL, NULL, NULL),
	('61bc8350-c3c4-4b59-961a-dd79f7e7231b', '2020-05-09 15:23:51', 'admin', 'admin', '2020-09-15 04:43:47', '6b95f20f-1bc1-47a3-b5c6-93a66d502aca', NULL, 'Đường Lê Khắc Xương, Khóm 5, Thị Trấn Đầm Dơi, huyện Đầm Dơi, tỉnh Cà Mau.', 'S-0105', 'TRẦN CÔNG THẮNG', '0918562436	', '			Chẩn đoán nhiễm HIV', NULL, NULL, 'TRUNG TÂM Y TẾ ĐẦM DƠI', NULL, 105, NULL, NULL, NULL, NULL, NULL, NULL, NULL, NULL, NULL, NULL, NULL, '3696f91f-ced0-4ad4-81f2-ded5fd4b6787', NULL, NULL, NULL, NULL, NULL, NULL, NULL),
	('64e26b98-1b12-49e2-a3dd-42c593ea2d25', '2020-05-09 09:02:42', 'admin', 'admin', '2020-09-15 04:43:47', 'ebc6e94c-ec7a-483f-b1ff-51040f56be42', NULL, '341 Sư Vạn Hạnh phường 10 quận 10 Tp Hồ Chí Minh', 'S-0106', 'Lê Quốc Thịnh', '0903645557', 'Chẩn đoán nhiễm HIV', NULL, NULL, 'Khoa Vi Sinh- Bệnh Viện Nhi Đồng 1', NULL, 106, NULL, NULL, NULL, NULL, NULL, NULL, NULL, NULL, NULL, NULL, NULL, '3696f91f-ced0-4ad4-81f2-ded5fd4b6787', NULL, NULL, NULL, NULL, NULL, NULL, NULL),
	('66c2b79c-785c-4229-94a3-aebbf76aff6d', '2020-05-09 10:17:22', 'admin', 'admin', '2020-09-15 04:43:47', 'cfedbb82-f000-4241-9a5c-dab6074d4eea', NULL, '06 Trịnh Khắc Lập, phường Thạnh Mỹ Lợi, Quận 2. TPHCM', 'S-0107', 'Phạm Thị Minh Thy', '000000000', 'An toàn truyền máu', NULL, NULL, 'TRUNG TÂM Y TẾ QUẬN 2', NULL, 107, NULL, NULL, NULL, NULL, NULL, NULL, NULL, NULL, NULL, NULL, NULL, '3696f91f-ced0-4ad4-81f2-ded5fd4b6787', NULL, NULL, NULL, NULL, NULL, NULL, NULL),
	('6763dd74-314e-4d0c-8a99-744d55ae1866', '2020-05-09 15:31:12', 'admin', 'admin', '2020-09-15 04:43:47', '8f0ec0c5-92d7-4dc9-928a-b21f9df06a54', NULL, '	Ấp Đầu Giồng - TT. Trần Đề - huyện Trần Đề - tỉnh Sóc Trăng		', 'S-0108', 'Sơn Minh Đan', '972691499	', 'Sàng lọc cho phụ nữ mang thai', NULL, NULL, 'Trung Tâm Y Tế Huyện Trần Đề	', NULL, 108, NULL, NULL, NULL, NULL, NULL, NULL, NULL, NULL, NULL, NULL, NULL, '3696f91f-ced0-4ad4-81f2-ded5fd4b6787', NULL, NULL, NULL, NULL, NULL, NULL, NULL),
	('67afdd0d-2d74-4cad-a914-eecd415cc5e6', '2020-05-09 10:07:01', 'admin', 'admin', '2020-09-15 04:43:47', '47acb22d-8266-4a7d-b96e-3284899c78c8', NULL, '338 HAI BÀ TRƯNG P TÂN ĐỊNH Q1', 'S-0109', 'LÊ PHẠM LIÊN HƯƠNG ', '903143885', 'Sàng lọc cho phụ nữ mang thai', NULL, NULL, 'BỆNH ViỆN QuẬN 1 ', NULL, 109, NULL, NULL, NULL, NULL, NULL, NULL, NULL, NULL, NULL, NULL, NULL, '3696f91f-ced0-4ad4-81f2-ded5fd4b6787', NULL, NULL, NULL, NULL, NULL, NULL, NULL),
	('69782e35-7120-4622-95f4-6b321c63d150', '2020-05-09 09:02:11', 'admin', 'admin', '2020-09-15 04:43:47', '51a91733-88df-40fc-8a04-63d8195b1cb8', NULL, 'Số 01 Nơ Trang Long, F7, Q. Bình Thạnh', 'S-0110', 'Nguyễn Sử Minh Tuyết', '0908835467', 'Chẩn đoán nhiễm HIV', NULL, NULL, 'Bệnh viện Nhân Dân Gia Định', NULL, 110, NULL, NULL, NULL, NULL, NULL, NULL, NULL, NULL, NULL, NULL, NULL, '3696f91f-ced0-4ad4-81f2-ded5fd4b6787', NULL, NULL, NULL, NULL, NULL, NULL, NULL),
	('6a344238-08b3-440d-b4c1-0ef15034f993', '2020-05-09 09:03:11', 'admin', 'admin', '2020-09-15 04:43:47', '6ce38f14-2e5c-46a4-b97e-9a46f44bf2a0', NULL, '14 Lý Tự Trọng, P. Bến Nghé Q.1, Tp. HCM', 'S-0111', 'Ths.Bs Nguyễn Văn Tân Minh', '0903839803', 'Chẩn đoán nhiễm HIV', NULL, NULL, 'PXN  Vi Sinh - Bệnh Viện Nhi Đồng 2', NULL, 111, NULL, NULL, NULL, NULL, NULL, NULL, NULL, NULL, NULL, NULL, NULL, '3696f91f-ced0-4ad4-81f2-ded5fd4b6787', NULL, NULL, NULL, NULL, NULL, NULL, NULL),
	('6af9f01f-e56b-4c13-a05a-0f7bc34a3db1', '2020-05-09 09:07:35', 'admin', 'admin', '2020-09-15 04:43:47', '9a4c7243-0ef1-48e4-a85b-352deb594feb', NULL, 'Số 60-Ung Văn Khiêm-Phường Mỹ Phước-TP. Long Xuyên-An Giang', 'S-0112', 'Nguyễn Thúy Nga', '0984811642', 'Chẩn đoán nhiễm HIV', NULL, NULL, 'BỆNH VIỆN ĐA KHOA TT AN GIANG', NULL, 112, NULL, NULL, NULL, NULL, NULL, NULL, NULL, NULL, NULL, NULL, NULL, '3696f91f-ced0-4ad4-81f2-ded5fd4b6787', NULL, NULL, NULL, NULL, NULL, NULL, NULL),
	('6ceef60e-140c-4a91-982e-e62ec53b8cb8', '2020-05-09 09:27:04', 'admin', 'admin', '2020-09-15 04:43:47', '859f6cb8-e30e-45ed-ba24-0e9d18cb2b59', NULL, 'Đường Nguyễn Bính, Khóm 8, Phường 5, Tp. Cà Mau', 'S-0113', 'Nguyễn Văn Diện', '0918640362', 'Chẩn đoán nhiễm HIV', NULL, NULL, 'Trung tâm PC HIV/AIDS Cà Mau', NULL, 113, NULL, NULL, NULL, NULL, NULL, NULL, NULL, NULL, NULL, NULL, NULL, '3696f91f-ced0-4ad4-81f2-ded5fd4b6787', NULL, NULL, NULL, NULL, NULL, NULL, NULL),
	('6d1692d6-5023-436e-b2f4-885d946770ce', '2020-05-09 14:47:19', 'admin', 'admin', '2020-09-15 04:43:47', 'd7c76c3a-4c43-4d48-9f5f-acd55f3a6a73', NULL, 'Số 73, Đường Nam Kỳ Khởi Nghĩa, Khóm I, Thị Trấn Vũng Liêm, Huyện Vũng Liêm, Tỉnh Vĩnh Long', 'S-0114', 'Nguyễn Nhật Trường', '0389427424', 'Sàng lọc cho phụ nữ mang thai', NULL, NULL, 'Trung Tâm Y Tế Nguyễn Văn Thủ, Huyện Vũng Liêm, Tỉnh Vĩnh Long', NULL, 114, NULL, NULL, NULL, NULL, NULL, NULL, NULL, NULL, NULL, NULL, NULL, '3696f91f-ced0-4ad4-81f2-ded5fd4b6787', NULL, NULL, NULL, NULL, NULL, NULL, NULL),
	('6e4627d2-bbf1-46df-822a-446607243c3f', '2020-05-09 10:09:32', 'admin', 'admin', '2020-09-15 04:43:47', '87fca31d-27b0-4d16-92f4-50b6549d20a7', NULL, '101Nguyễn Thị Thập, Tân Phú, Quận 7, TP Hồ Chí Minh', 'S-0115', 'TRƯƠNG THỊ CẨM', '0918770246', 'Sàng lọc cho phụ nữ mang thai', NULL, NULL, 'BỆNH VIỆN QUẬN 7', NULL, 115, NULL, NULL, NULL, NULL, NULL, NULL, NULL, NULL, NULL, NULL, NULL, '3696f91f-ced0-4ad4-81f2-ded5fd4b6787', NULL, NULL, NULL, NULL, NULL, NULL, NULL),
	('6ec448f5-8458-4c95-a18c-123600cfb6c5', '2020-05-09 09:51:27', 'admin', 'admin', '2020-09-15 04:43:47', 'dc5bef6a-a070-4190-8f6e-68b8b6d87a0e', NULL, 'Ấp Phước Hậu xã Phước Mỹ Trung huyện Mỏ Cày Bắc tỉnh Bến Tre', 'S-0116', 'Phạm Văn Thành', '342334264', 'Sàng lọc cho phụ nữ mang thai', NULL, NULL, 'Trung tâm y tế huyện Mỏ Cày Bắc', NULL, 116, NULL, NULL, NULL, NULL, NULL, NULL, NULL, NULL, NULL, NULL, NULL, '3696f91f-ced0-4ad4-81f2-ded5fd4b6787', NULL, NULL, NULL, NULL, NULL, NULL, NULL),
	('6ed18233-f4c1-4dac-869a-2f54c6aeb078', '2020-05-09 10:05:39', 'admin', 'admin', '2020-09-15 04:43:47', 'e81d24ee-121f-430a-b04b-84297929c879', NULL, '64 Lê Văn Chí', 'S-0117', 'Lữ Phúc Phi', '903784936', 'Sàng lọc cho phụ nữ mang thai', NULL, NULL, 'BV ĐKKV THỦ ĐỨC', NULL, 117, NULL, NULL, NULL, NULL, NULL, NULL, NULL, NULL, NULL, NULL, NULL, '3696f91f-ced0-4ad4-81f2-ded5fd4b6787', NULL, NULL, NULL, NULL, NULL, NULL, NULL),
	('6f7d3980-2ec8-4fa6-ab9a-8da77da42df0', '2020-09-01 04:03:09', 'admin', 'admin', '2020-09-15 04:43:47', '11512a9e-8d3a-46e1-8657-564a8da079ed', NULL, 'Thanh xuân, hà nội', 'S-0118', 'Trâm', '0987654321', NULL, 'tram.bvquan1@gmail.com', '123456', 'Phòng khám đa khoa Biển Việt', 'Nhân viên xét nghiệm', 118, NULL, NULL, NULL, NULL, NULL, NULL, NULL, NULL, '123456', '123456', NULL, NULL, NULL, NULL, NULL, NULL, NULL, NULL, NULL),
	('720f17b9-1b9c-4fb8-a761-0d7d87402ea5', '2020-05-09 10:08:45', 'admin', 'admin', '2020-09-15 04:43:47', '537ab7a2-f772-4adf-b667-318e2bd9d18d', NULL, '72 ĐƯỜNG SỐ 5 CƯ XÁ BÌNH THỚI P8 Q11 TPHCM', 'S-0119', 'NGUYỄN THỊ GÁI', '0902960850', 'Sàng lọc cho phụ nữ mang thai', NULL, NULL, 'BỆNH VIỆN QUẬN 11', NULL, 119, NULL, NULL, NULL, NULL, NULL, NULL, NULL, NULL, NULL, NULL, NULL, '3696f91f-ced0-4ad4-81f2-ded5fd4b6787', NULL, NULL, NULL, NULL, NULL, NULL, NULL),
	('72924120-ecf1-4d85-899e-3f2ecafe906f', '2020-05-09 09:41:47', 'admin', 'admin', '2020-09-15 04:43:47', '967c6e1b-8820-4cda-856c-45184cf9c7f8', NULL, 'QL1A,khu1, phường 4, Tx.Cai Lậy,Tiền Giang', 'S-0120', 'Lê Văn Qui', '983632518', 'Sàng lọc cho phụ nữ mang thai', NULL, NULL, 'Bệnh viện đa khoa khu vực Cai Lậy', NULL, 120, NULL, NULL, NULL, NULL, NULL, NULL, NULL, NULL, NULL, NULL, NULL, '3696f91f-ced0-4ad4-81f2-ded5fd4b6787', NULL, NULL, NULL, NULL, NULL, NULL, NULL),
	('72a1af13-7ef0-4fbe-a528-fdf5f8de0248', '2020-05-09 15:17:44', 'admin', 'admin', '2020-09-15 04:43:47', '09ffdb35-b5b2-4f42-86ba-85acbae8663f', NULL, 'Tỉnh lộ 831,Ấp Rạch Bùi, thị trấn Vĩnh Hưng, huyện Vĩnh Hưng, tỉnh long An', 'S-0121', 'Nguyễn Hoàng Duy', NULL, 'An toàn truyền máu', NULL, NULL, 'trung tâm y tế Vĩnh Hưng', NULL, 121, NULL, NULL, NULL, NULL, NULL, NULL, NULL, NULL, NULL, NULL, NULL, '3696f91f-ced0-4ad4-81f2-ded5fd4b6787', NULL, NULL, NULL, NULL, NULL, NULL, NULL),
	('72ed8043-bcbd-44df-bf92-fd7989261492', '2020-05-09 15:21:39', 'admin', 'admin', '2020-09-15 04:43:47', 'ded9bc0a-d0ee-4372-83ee-0df8e33fba6c', NULL, '	SỐ 36 LÝ THÁI TÔN ,PHƯỜNG 2 , TP. CÀ MAU	', 'S-0122', 'HỒ TuẤN VĂN', '969960321	', '	Sàng lọc cho phụ nữ mang thai', NULL, NULL, 'BỆNH ViỆN ĐA KHOA THÀNH PHỐ CÀ MAU	', NULL, 122, NULL, NULL, NULL, NULL, NULL, NULL, NULL, NULL, NULL, NULL, NULL, '3696f91f-ced0-4ad4-81f2-ded5fd4b6787', NULL, NULL, NULL, NULL, NULL, NULL, NULL),
	('73c3ceec-bfbf-4a15-bbe3-ef9832a65c72', '2020-05-09 10:13:02', 'admin', 'admin', '2020-09-15 04:43:47', '4622540b-67fa-4621-9acf-8e94a707ec52', NULL, '99/6 Nơ Trang Long, Phường 11, Quận Bình Thạnh, Tp.Hồ Chí Minh', 'S-0123', 'Đoàn Văn Công', '0986092236', 'Sàng lọc cho phụ nữ mang thai', NULL, NULL, 'Trung tâm Y tế Quận Bình Thạnh', NULL, 123, NULL, NULL, NULL, NULL, NULL, NULL, NULL, NULL, NULL, NULL, NULL, '3696f91f-ced0-4ad4-81f2-ded5fd4b6787', NULL, NULL, NULL, NULL, NULL, NULL, NULL),
	('76773d8e-d430-4825-b224-1150adace9e5', '2020-05-09 15:19:58', 'admin', 'admin', '2020-09-15 04:43:47', '8faa916a-91a5-4516-b6db-8ffead14cb5a', NULL, '228,  Đ,30.4.  KV5, P.Lái hiếu TX Ngã bảy,HG', 'S-0124', '	Chiêm Thanh Hải	', '0986267152	', '	Chẩn đoán nhiễm HIV', NULL, NULL, 'Trung tâm y tế TX-Ngã bảy', NULL, 124, NULL, NULL, NULL, NULL, NULL, NULL, NULL, NULL, NULL, NULL, NULL, '3696f91f-ced0-4ad4-81f2-ded5fd4b6787', NULL, NULL, NULL, NULL, NULL, NULL, NULL),
	('77573ed1-ff24-44b9-815e-af9f7d6cf08c', '2020-05-09 15:34:06', 'admin', 'admin', '2020-09-15 04:43:47', 'db6f0f2d-4855-4a52-895f-81dba7f1a326', NULL, 'Đường Lê Hồng Phong, Phường Phú Hòa, Tp Thủ Dầu Một, Tỉnh Bình Dương		', 'S-0125', 'Vương Ngọc Tuyền', ' 02743844515	', 'Chẩn đoán nhiễm HIV', NULL, NULL, 'Trung tâm sức khỏe lao động & môi trường Bình Dương	', NULL, 125, NULL, NULL, NULL, NULL, NULL, NULL, NULL, NULL, NULL, NULL, NULL, '3696f91f-ced0-4ad4-81f2-ded5fd4b6787', NULL, NULL, NULL, NULL, NULL, NULL, NULL),
	('77bb3f4e-2994-400d-b31e-a8b252942619', '2020-05-09 15:27:50', 'admin', 'admin', '2020-09-15 04:43:47', '9f69f68d-cbcf-4230-a6b6-e245d2f41057', NULL, '	317 Nguyễn Văn Linh P.An Khánh Q.Ninh Kiều TP.Cần Thơ	', 'S-0126', 'Huỳnh Thị Phương', '907568282	', '	An toàn truyền máu', NULL, NULL, 'TT Huyết học - Truyền máu Cần Thơ thuộc BV HHTMCT', NULL, 126, NULL, NULL, NULL, NULL, NULL, NULL, NULL, NULL, NULL, NULL, NULL, '3696f91f-ced0-4ad4-81f2-ded5fd4b6787', NULL, NULL, NULL, NULL, NULL, NULL, NULL),
	('77c5dc45-314e-4e0b-a529-095e531d2851', '2020-05-09 15:02:17', 'admin', 'admin', '2020-09-15 04:43:47', '13996d08-8159-44d6-bdca-ab2622d460c5', NULL, 'KP5, TT MỸ PHƯỚC, TX BẾN CÁT, TỈNH BÌNH DƯƠNG', 'S-0127', '	Nguyễn Phương Trang	', '919838554', '		Chẩn đoán nhiễm HIV', NULL, NULL, 'Trung Tâm Y Tế Thị Xã Bến Cát', NULL, 127, NULL, NULL, NULL, NULL, NULL, NULL, NULL, NULL, NULL, NULL, NULL, '3696f91f-ced0-4ad4-81f2-ded5fd4b6787', NULL, NULL, NULL, NULL, NULL, NULL, NULL),
	('79ffb2f3-c432-4b16-91c0-b0f369343e9c', '2020-05-09 09:34:25', 'admin', 'admin', '2020-09-15 04:43:47', 'd98e06fc-9eb8-4cae-817e-71479865ee33', NULL, 'Số 1 - Ngô Đức Kế - Q Ninh Kiều - TP Cần Thơ', 'S-0128', 'Trần Phương Hà', '939722334', 'Chẩn đoán nhiễm HIV', NULL, NULL, 'Trung Tâm Kiểm Soát Bệnh Tật TP Cần Thơ', NULL, 128, NULL, NULL, NULL, NULL, NULL, NULL, NULL, NULL, NULL, NULL, NULL, '3696f91f-ced0-4ad4-81f2-ded5fd4b6787', NULL, NULL, NULL, NULL, NULL, NULL, NULL),
	('7aabb455-cb31-4f5a-9340-c009dbe9a314', '2020-05-09 10:10:40', 'admin', 'admin', '2020-09-15 04:43:47', '4e67f289-c893-42fe-82a4-69c0282819f0', NULL, '29 Phú Châu, Phường Tam Phú, Quận Thủ Đức', 'S-0129', 'NGÔ ĐẶNG QUỐC ĐỊNH', '908120298', 'Chẩn đoán nhiễm HIV', NULL, NULL, 'Bệnh Viện Quận Thủ Đức', NULL, 129, NULL, NULL, NULL, NULL, NULL, NULL, NULL, NULL, NULL, NULL, NULL, '3696f91f-ced0-4ad4-81f2-ded5fd4b6787', NULL, NULL, NULL, NULL, NULL, NULL, NULL),
	('7dd20d78-6822-4e24-a3db-ffa3037e0504', '2020-05-09 11:19:52', 'admin', 'admin', '2020-09-15 04:43:47', 'c736c6d1-6de6-4620-a563-3b0915f9dca4', NULL, '345 đường Nguyễn Văn Cừ, Phường An Bình Quận Ninh Kiều TP Cần Thơ', 'S-0130', 'La Thu Nga', '0917.653.732', 'Chẩn đoán nhiễm HIV', NULL, NULL, 'Bệnh viện Nhi Đồng Cần Thơ', NULL, 130, NULL, NULL, NULL, NULL, NULL, NULL, NULL, NULL, NULL, NULL, NULL, '3696f91f-ced0-4ad4-81f2-ded5fd4b6787', NULL, NULL, NULL, NULL, NULL, NULL, NULL),
	('7df55895-8b84-4a81-9f52-30f4542b8ba4', '2020-09-01 04:40:21', 'admin', 'admin', '2020-09-15 04:43:47', '52ad09c7-4896-447c-8dca-c4f92ea845ec', NULL, 'Thanh xuân, hà nội', 'S-0131', 'Trâm', 'trâm', NULL, 'trinh2@gmail.com', '123456', 'ADVIA Centaur " CHIV ', 'Nhân viên xét nghiệm', 131, NULL, NULL, NULL, NULL, NULL, NULL, NULL, NULL, '123456', '123456', NULL, NULL, NULL, NULL, NULL, NULL, NULL, NULL, NULL),
	('7f217886-f8c2-4633-9c26-f8c57ac6ef84', '2020-05-09 11:36:07', 'admin', 'admin', '2020-09-15 04:43:47', '3c49b687-9e05-48c5-bad8-6fd4b10030d1', NULL, '57 Nguyễn Thanh Đằng, phường Phước hiệp, tp Bà rịa ,tỉnh Bà rịa Vũng tàu.', 'S-0132', 'Nguyễn Thị Như Ý', '0985583785', 'Chẩn đoán nhiễm HIV', NULL, NULL, 'Trung tâm y tế tp Bà rịa', NULL, 132, NULL, NULL, NULL, NULL, NULL, NULL, NULL, NULL, NULL, NULL, NULL, '3696f91f-ced0-4ad4-81f2-ded5fd4b6787', NULL, NULL, NULL, NULL, NULL, NULL, NULL),
	('80244d8a-9ef3-4753-9f56-2e8f66bc3d4d', '2020-05-09 15:21:15', 'admin', 'admin', '2020-09-15 04:43:47', 'd90f3fe3-6dda-4368-a9b7-ad07f16dfb32', NULL, '209 Yersin, P. Phú Cường, Tp. Thủ Dầu Một, Bình Dương	', 'S-0133', 'Hồ Thị Bích Ngọc', '	0369797515	', '	Chẩn đoán nhiễm HIV', NULL, NULL, 'TT Phòng, chống bệnh xã hội Bình Dương	', NULL, 133, NULL, NULL, NULL, NULL, NULL, NULL, NULL, NULL, NULL, NULL, NULL, '3696f91f-ced0-4ad4-81f2-ded5fd4b6787', NULL, NULL, NULL, NULL, NULL, NULL, NULL),
	('80d35282-a4f4-406a-8dbf-75742db7f973', '2020-05-09 10:26:32', 'admin', 'admin', '2020-09-15 04:43:47', '0609581d-053e-4115-b2f8-bc9d77b1c013', NULL, 'Ấp Công Sự, Xã An Minh Bắc, Huyện U Minh Thượng, tỉnh Kiên Giang', 'S-0134', 'PHẠM HOÀI THƯƠNG', '0772449998', 'Chẩn đoán nhiễm HIV', NULL, NULL, 'TRUNG TÂM Y TẾ HUYỆN U MINH THƯỢNG', NULL, 134, NULL, NULL, NULL, NULL, NULL, NULL, NULL, NULL, NULL, NULL, NULL, '3696f91f-ced0-4ad4-81f2-ded5fd4b6787', NULL, NULL, NULL, NULL, NULL, NULL, NULL),
	('828058b3-c440-4099-8725-67fabffd1582', '2020-05-09 15:32:12', 'admin', 'admin', '2020-09-15 04:43:47', '73d23143-dc03-4645-8e9e-5fe606725a99', NULL, '167A Nam Kỳ Khởi Nghỉa, P 7, Q 3, TP HCM', 'S-0135', 'Nguyễn thi Ngọc Hà', '0902399073', NULL, NULL, NULL, 'CHI NHÁNH CÔNG TY TNHH SỨC KHOẺ TRỌN ĐỜI TẠI TP HCM - Phòng Khám Raffles Medical ', NULL, 135, NULL, NULL, NULL, NULL, NULL, NULL, NULL, NULL, NULL, NULL, NULL, '3696f91f-ced0-4ad4-81f2-ded5fd4b6787', NULL, NULL, NULL, NULL, NULL, NULL, NULL),
	('82b02501-6b7d-4e0a-afa0-cb94a9c35d89', '2020-05-09 09:51:51', 'admin', 'admin', '2020-09-15 04:43:47', '5723dcef-a68f-406f-a203-c6cbdd09578e', NULL, '79 B - Khu phố 7 - Thị Trấn Mỏ Cày - Huyện Mỏ Cày Nam - Tỉnh Bến Tre', 'S-0136', 'Phan Thị Yến Oanh', '0913662652', 'Chẩn đoán nhiễm HIV', NULL, NULL, 'Trung tâm Y tế Mỏ Cày Nam', NULL, 136, NULL, NULL, NULL, NULL, NULL, NULL, NULL, NULL, NULL, NULL, NULL, '3696f91f-ced0-4ad4-81f2-ded5fd4b6787', NULL, NULL, NULL, NULL, NULL, NULL, NULL),
	('8438e895-cbe3-4000-94c3-7774bcbd2dc3', '2020-05-09 09:04:12', 'admin', 'admin', '2020-09-15 04:43:47', '0c1bb7a8-a059-49dc-be93-1a70a08dfa95', NULL, '120 HÙNG VƯƠNG P12 Q5 TPHCM', 'S-0137', 'TS.BS MAI NGUYỆT THU HUYỀN', '283550207', 'Chẩn đoán nhiễm HIV', NULL, NULL, 'BV.PHẠM NGỌC THẠCH', NULL, 137, NULL, NULL, NULL, NULL, NULL, NULL, NULL, NULL, NULL, NULL, NULL, '3696f91f-ced0-4ad4-81f2-ded5fd4b6787', NULL, NULL, NULL, NULL, NULL, NULL, NULL),
	('844f2bd2-9382-44e7-88f5-7b07478aa6cd', '2020-05-09 09:32:55', 'admin', 'admin', '2020-09-15 04:43:47', '766da462-b850-4267-9ce0-b2dd20f209d9', NULL, '720 Đinh Bộ Lĩnh, phường 8, Tp. Mỹ Tho', 'S-0138', 'Trần Kim Phương', '0399382807', 'Chẩn đoán nhiễm HIV', NULL, NULL, 'Trung tâm Kiểm soát bệnh tật Tiền Giang', NULL, 138, NULL, NULL, NULL, NULL, NULL, NULL, NULL, NULL, NULL, NULL, NULL, '3696f91f-ced0-4ad4-81f2-ded5fd4b6787', NULL, NULL, NULL, NULL, NULL, NULL, NULL),
	('84b9c67c-457a-450d-9c36-475413dede0f', '2020-05-09 09:22:19', 'admin', 'admin', '2020-09-15 04:43:47', '58942b4b-7506-4664-b576-f83f27d14626', NULL, '378. Lê Duẩn.Phường 9. Thành phố Sóc Trăng. Tỉnh Sóc Trăng', 'S-0139', 'Nguyễn Thị Phương Chi', '939598885', 'Chẩn đoán nhiễm HIV', NULL, NULL, 'Khoa Huyết học-Truyền máu', NULL, 139, NULL, NULL, NULL, NULL, NULL, NULL, NULL, NULL, NULL, NULL, NULL, '3696f91f-ced0-4ad4-81f2-ded5fd4b6787', NULL, NULL, NULL, NULL, NULL, NULL, NULL),
	('8686b0f6-22c6-464c-b027-1b30562d9484', '2020-05-09 15:10:57', 'admin', 'admin', '2020-09-15 04:43:47', '09cb0a0b-02fa-41e9-921e-36fb3f12efdd', NULL, 'Sàng lọc cho phụ nữ mang thai', 'S-0140', 'Thái Cẩm Loan', '357260720', '		Khu phố I, thị trấn Tân Biên, huyện Tân Biên, tỉnh Tây Ninh	', NULL, NULL, 'Trung tâm Y tế Tân Biên', NULL, 140, NULL, NULL, NULL, NULL, NULL, NULL, NULL, NULL, NULL, NULL, NULL, '3696f91f-ced0-4ad4-81f2-ded5fd4b6787', NULL, NULL, NULL, NULL, NULL, NULL, NULL),
	('86e01585-f4a4-4ada-aba8-9b78637f46b9', '2020-05-09 11:14:15', 'admin', 'admin', '2020-09-15 04:43:47', 'a4e18b64-f066-4f58-882d-e49c56fbccd5', NULL, '153 Nguyễn Sinh Sắc, khóm Hòa Khánh, phường 2, Tp Sa Đéc, Đồng Tháp', 'S-0141', 'Nguyễn Quốc Hưng', '907634919', 'Chẩn đoán nhiễm HIV', NULL, NULL, 'BỆNH VIỆN ĐA KHOA SA ĐÉC', NULL, 141, NULL, NULL, NULL, NULL, NULL, NULL, NULL, NULL, NULL, NULL, NULL, '3696f91f-ced0-4ad4-81f2-ded5fd4b6787', NULL, NULL, NULL, NULL, NULL, NULL, NULL),
	('872c7e53-c526-4c55-a122-bee139358f6f', '2020-05-09 10:02:25', 'admin', 'admin', '2020-09-15 04:43:47', 'f4ec2656-11a8-4367-897b-cbd96738534f', NULL, 'số 01, Trần Hưng Đạo, ấp Nội Ô, TT.Ngan Dừa, H.Hồng Dân, Bạc Liêu', 'S-0142', 'Danh Thị Bé Ngoan', '834282877', 'Chẩn đoán nhiễm HIV', NULL, NULL, 'Trung tâm y tế huyện Hồng Dân', NULL, 142, NULL, NULL, NULL, NULL, NULL, NULL, NULL, NULL, NULL, NULL, NULL, '3696f91f-ced0-4ad4-81f2-ded5fd4b6787', NULL, NULL, NULL, NULL, NULL, NULL, NULL),
	('88f88357-e12d-4ceb-afd0-882d93f610b1', '2020-05-09 09:25:09', 'admin', 'admin', '2020-09-15 04:43:47', '342ab2e1-53df-42a9-9124-b2590427519e', NULL, '20, Nguyễn Du, Mỹ Bình,Long Xuyên, An Giang', 'S-0143', 'Huỳnh Hữu Lợi', '0838899708', 'Chẩn đoán nhiễm HIV', NULL, NULL, 'Trung tâm Phòng, chống HIV/ AIDS AG', NULL, 143, NULL, NULL, NULL, NULL, NULL, NULL, NULL, NULL, NULL, NULL, NULL, '3696f91f-ced0-4ad4-81f2-ded5fd4b6787', NULL, NULL, NULL, NULL, NULL, NULL, NULL),
	('89daf7c2-8ccc-4e68-a20e-ee2fd207ff82', '2020-05-09 09:49:16', 'admin', 'admin', '2020-09-15 04:43:47', '8fc77797-6032-4c5b-8f66-74256b13fa43', NULL, 'Số 29, khu phố 6, đường Phan Ngọc Tòng, Thị trấn Ba Tri, huyện Ba Tri, tỉnh Bến Tre.', 'S-0144', 'Phạm Tuấn Anh', '903664167', 'Sàng lọc cho phụ nữ mang thai', NULL, NULL, 'Trung tâm Y tế huyện Ba Tri', NULL, 144, NULL, NULL, NULL, NULL, NULL, NULL, NULL, NULL, NULL, NULL, NULL, '3696f91f-ced0-4ad4-81f2-ded5fd4b6787', NULL, NULL, NULL, NULL, NULL, NULL, NULL),
	('8ae2dd52-2ffd-46b7-9ef8-2dc5cac286c7', '2020-09-07 08:09:38', 'admin', 'admin', '2020-09-15 04:43:47', '9d701901-a00d-48dc-90b0-96bfa16114ac', NULL, 'admin', 'S-0145', 'Nguyên Văn nam', '0213912039131', NULL, 'ewqdasdasdafasdadadad@gmail.com', NULL, 'ádasdasdfasdadada', '13213', 145, NULL, NULL, NULL, NULL, NULL, NULL, NULL, NULL, 'đâsdadf', 'fqwdasda', NULL, NULL, NULL, NULL, NULL, NULL, NULL, NULL, NULL),
	('8b7564ae-7d57-47ed-9248-371ae8de368a', '2020-05-09 09:18:23', 'admin', 'admin', '2020-09-15 04:43:47', 'c6a92046-dfb4-4f48-9fae-e634bb505009', NULL, 'Số 02,đường Đồng Khởi, p Tam Hòa, Biên Hòa, Đồng Nai', 'S-0146', 'Lê Văn Thống Nhất', '083 687 1111', 'Xét nghiệm tiền phẫu', NULL, NULL, 'Bệnh viện đa khoa Đồng Nai', NULL, 146, NULL, NULL, NULL, NULL, NULL, NULL, NULL, NULL, NULL, NULL, NULL, '3696f91f-ced0-4ad4-81f2-ded5fd4b6787', NULL, NULL, NULL, NULL, NULL, NULL, NULL),
	('8d642bbe-1517-4694-a332-4d50fa744f6c', '2020-05-09 10:19:29', 'admin', 'admin', '2020-09-15 04:43:47', 'f43ecfec-0e60-41d2-a662-d259eb511cd5', NULL, '170 Tùng Thiện Vương P11- Q8', 'S-0147', 'Nguyễn Minh Tân', '903889434', 'Chẩn đoán nhiễm HIV', NULL, NULL, 'Trung tâm Y tế Quận 8', NULL, 147, NULL, NULL, NULL, NULL, NULL, NULL, NULL, NULL, NULL, NULL, NULL, '3696f91f-ced0-4ad4-81f2-ded5fd4b6787', NULL, NULL, NULL, NULL, NULL, NULL, NULL),
	('8deafa22-8454-47cb-b721-d679ea549a94', '2020-05-09 10:17:47', 'admin', 'admin', '2020-09-15 04:43:47', 'e7c48fd8-10b4-4785-9248-292db67146cd', NULL, '80/5 BÀ HUYỄN THANH QUAN P.9 Q. 3', 'S-0148', 'PHẠM THỊ BÍCH HẠNH ', '0909595825', 'Chẩn đoán nhiễm HIV', NULL, NULL, 'TRUNG TÂM Y TẾ Q.3', NULL, 148, NULL, NULL, NULL, NULL, NULL, NULL, NULL, NULL, NULL, NULL, NULL, '3696f91f-ced0-4ad4-81f2-ded5fd4b6787', NULL, NULL, NULL, NULL, NULL, NULL, NULL),
	('8e2b3fcd-003d-40fa-9f62-e561b8439899', '2020-05-09 10:25:53', 'admin', 'admin', '2020-09-15 04:43:47', 'eb1e9fff-8930-4838-b4a5-e44d6290185e', NULL, 'Khóm 1 - Phạm Hùng - Thị Trấn Cái Nhum', 'S-0149', 'Nguyễn Thị Hà Nhi', '0377361667', 'Sàng lọc cho phụ nữ mang thai', NULL, NULL, 'Trung Tâm Y Tế Huyện Mang Thít', NULL, 149, NULL, NULL, NULL, NULL, NULL, NULL, NULL, NULL, NULL, NULL, NULL, '3696f91f-ced0-4ad4-81f2-ded5fd4b6787', NULL, NULL, NULL, NULL, NULL, NULL, NULL),
	('8e6bbd71-e668-4ab2-a458-83213cdee38b', '2020-05-09 10:22:21', 'admin', 'admin', '2020-09-15 04:43:47', 'd36cb530-2016-4b26-a0aa-14d6384df1fe', NULL, '02 Nguyễn Văn Lịch, Phường Linh Tây, Quận Thủ Đức', 'S-0150', 'Trần Văn Thủy', '0906428636', 'Chẩn đoán nhiễm HIV', NULL, NULL, 'Trung Tâm Y tế Quận Thủ Đức', NULL, 150, NULL, NULL, NULL, NULL, NULL, NULL, NULL, NULL, NULL, NULL, NULL, '3696f91f-ced0-4ad4-81f2-ded5fd4b6787', NULL, NULL, NULL, NULL, NULL, NULL, NULL),
	('90c2f06f-eb87-486d-9445-9b0de2160b86', '2020-05-09 09:53:06', 'admin', 'admin', '2020-09-15 04:43:47', '68750195-7b9d-4f35-a4ce-7afc3c677510', NULL, 'Đường Trần Chiên, Phường Lê Bình, Quận Cái Răng, Thành phố Cần Thơ.', 'S-0151', 'Võ Huỳnh Thị Thùy Trang', '0906747838', 'Chẩn đoán nhiễm HIV', NULL, NULL, 'Trung Tâm Y Tế Quận Cái Răng, TPCT', NULL, 151, NULL, NULL, NULL, NULL, NULL, NULL, NULL, NULL, NULL, NULL, NULL, '3696f91f-ced0-4ad4-81f2-ded5fd4b6787', NULL, NULL, NULL, NULL, NULL, NULL, NULL),
	('9128c1c6-552b-4eb1-843d-10281c86a28f', '2020-05-09 09:39:31', 'admin', 'admin', '2020-09-15 04:43:47', '91e4bc00-78f9-4ecd-8ce6-9e04b27373a3', NULL, 'Số 1 đường Đồng Khởi, KP1 P. Trảng Dài-TP. Biên Hòa-Tỉnh Đồng Nai', 'S-0152', 'Phạm Văn Thanh', '0909309580', 'Chẩn đoán nhiễm HIV', NULL, NULL, 'Trung tâm Kiểm soát bệnh tật Đồng Nai', NULL, 152, NULL, NULL, NULL, NULL, NULL, NULL, NULL, NULL, NULL, NULL, NULL, '3696f91f-ced0-4ad4-81f2-ded5fd4b6787', NULL, NULL, NULL, NULL, NULL, NULL, NULL),
	('922bb06f-c909-4c60-a25e-06caebe8ba6a', '2020-05-09 09:50:28', 'admin', 'admin', '2020-09-15 04:43:47', '59133a94-aa20-402a-b8d4-af89159d247c', NULL, '256 đường Phạm Hùng, ấp Long Thới, xã Long Thành Trung, huyện Hòa Thành, tỉnh Tây Ninh', 'S-0153', 'KS. Nguyễn Hoài Linh', '0906981851', 'Sàng lọc cho phụ nữ mang thai', NULL, NULL, 'Trung Tâm y tế Hòa Thành', NULL, 153, NULL, NULL, NULL, NULL, NULL, NULL, NULL, NULL, NULL, NULL, NULL, '3696f91f-ced0-4ad4-81f2-ded5fd4b6787', NULL, NULL, NULL, NULL, NULL, NULL, NULL),
	('99817e72-414b-42d7-8a65-eb95871acad6', '2020-05-09 15:30:15', 'admin', 'admin', '2020-09-15 04:43:47', 'dd622289-b2fa-463c-9c29-6197aa8bf694', NULL, '	Khu phố 5 Thị trấn Dầu Tiếng- huyện Dầu Tiếng - tỉnh Bình Dương		', 'S-0154', 'NGUYỄN THỊ DỊU HIỀN', '939759043	', 'Chẩn đoán nhiễm HIV', NULL, NULL, 'TRUNG TÂM Y TẾ HUYỆN DẦU TIẾNG	', NULL, 154, NULL, NULL, NULL, NULL, NULL, NULL, NULL, NULL, NULL, NULL, NULL, '3696f91f-ced0-4ad4-81f2-ded5fd4b6787', NULL, NULL, NULL, NULL, NULL, NULL, NULL),
	('9a6ba63f-c58e-4f02-b3bf-8eba68860340', '2020-05-09 10:18:43', 'admin', 'admin', '2020-09-15 04:43:47', '1ef43459-813d-42e8-a2b2-3b4dfc4d34fb', NULL, '164 - 168 Nguyễn Tri Phương, phường 9, quận 5', 'S-0155', 'LVH', '0772579798', 'Sàng lọc cho phụ nữ mang thai', NULL, NULL, 'Trung tâm Y tế quận 5', NULL, 155, NULL, NULL, NULL, NULL, NULL, NULL, NULL, NULL, NULL, NULL, NULL, '3696f91f-ced0-4ad4-81f2-ded5fd4b6787', NULL, NULL, NULL, NULL, NULL, NULL, NULL),
	('9cf16f37-bb34-4a34-8fdc-d47497011eb7', '2020-05-09 10:06:08', 'admin', 'admin', '2020-09-15 04:43:47', '58aae504-cf6c-4f6f-9f66-39bd9c88c7c9', NULL, 'Khu phố Giồng Ao Thị trấn Cần Thạnh, huyện Cần Giờ', 'S-0156', 'CN Lê Đức Phương', '0907667768', 'Sàng lọc cho phụ nữ mang thai', NULL, NULL, 'Bệnh viện huyện Cần Giờ', NULL, 156, NULL, NULL, NULL, NULL, NULL, NULL, NULL, NULL, NULL, NULL, NULL, '3696f91f-ced0-4ad4-81f2-ded5fd4b6787', NULL, NULL, NULL, NULL, NULL, NULL, NULL),
	('9dc3c841-e7b7-4549-b04e-e8baa87fd39c', '2020-05-09 09:50:04', 'admin', 'admin', '2020-09-15 04:43:47', '171b06d8-f4dc-4196-b144-1d06a67bff85', NULL, 'Ấp Bình Hạnh - Xã Long Bình Điền - H.Chợ Gạo - Tiền Giang', 'S-0157', 'Cù Thị Do', '383375645', 'Chẩn đoán nhiễm HIV', NULL, NULL, 'Trung Tâm Y Tế Huyện Chợ Gạo - Tiền Giang', NULL, 157, NULL, NULL, NULL, NULL, NULL, NULL, NULL, NULL, NULL, NULL, NULL, '3696f91f-ced0-4ad4-81f2-ded5fd4b6787', NULL, NULL, NULL, NULL, NULL, NULL, NULL),
	('9ea1c2a2-6fc0-40e5-96d2-2ce1b0836d62', '2020-05-09 09:12:13', 'admin', 'admin', '2020-09-15 04:43:47', 'a76e82c6-86b3-429c-a41f-2c2a195d9113', NULL, '686 VÕ VĂN KiỆT PHƯỜNG LONG TÂM THÀNH PHỐ BÀ RỊA', 'S-0158', 'ĐINH THỊ MAI HƯƠNG', '973454088', 'Sàng lọc cho phụ nữ mang thai', NULL, NULL, 'BỆNH ViỆN BÀ RỊA', NULL, 158, NULL, NULL, NULL, NULL, NULL, NULL, NULL, NULL, NULL, NULL, NULL, '3696f91f-ced0-4ad4-81f2-ded5fd4b6787', NULL, NULL, NULL, NULL, NULL, NULL, NULL),
	('9f0c2350-a92f-462e-8e38-72f75db3c145', '2020-05-09 15:37:44', 'admin', 'admin', '2020-09-15 04:43:47', '959413b6-98bb-41b3-bf06-c513f51db867', NULL, '	Số 911 đường 21/4, Xã Suối Tre, Thị Xã Long Khánh, Tỉnh Đồng Nai		', 'S-0159', 'Hồ Văn Thúc', '0916668886	', 'An toàn truyền máu', NULL, NULL, 'Bệnh Viện Đa Khoa Khu Vực Long Khánh', NULL, 159, NULL, NULL, NULL, NULL, NULL, NULL, NULL, NULL, NULL, NULL, NULL, '3696f91f-ced0-4ad4-81f2-ded5fd4b6787', NULL, NULL, NULL, NULL, NULL, NULL, NULL),
	('9fb369c9-21b2-4861-9e33-865d7855576d', '2020-05-09 11:17:53', 'admin', 'admin', '2020-09-15 04:43:47', '14f3ae0e-8520-4909-b20d-842505a2b123', NULL, '1307 Tỉnh lộ 7, ấp chợ củ 2, xã an nhơn tây, huyện củ chi, TP.HCM', 'S-0160', 'Nguyễn Thị Ninh Ngọc', '0364977044', 'Sàng lọc cho phụ nữ mang thai', NULL, NULL, 'BỆNH ViỆN HUYỆN CỦ CHI', NULL, 160, NULL, NULL, NULL, NULL, NULL, NULL, NULL, NULL, NULL, NULL, NULL, '3696f91f-ced0-4ad4-81f2-ded5fd4b6787', NULL, NULL, NULL, NULL, NULL, NULL, NULL),
	('a01b9b07-51cf-4bf6-91c2-7d16edb928c8', '2020-05-09 09:43:44', 'admin', 'admin', '2020-09-15 04:43:47', 'be0886b9-cef0-401c-b97f-4aa0a2a80f8d', NULL, '265 Hùng Vương,thị trấn EaSup,huyện EaSup,tỉnh Đăklăk', 'S-0161', 'Trần Thế Trung', '0936126251', 'Sàng lọc cho phụ nữ mang thai', NULL, NULL, 'Bệnh viện đa khoa huyện EaSup', NULL, 161, NULL, NULL, NULL, NULL, NULL, NULL, NULL, NULL, NULL, NULL, NULL, '3696f91f-ced0-4ad4-81f2-ded5fd4b6787', NULL, NULL, NULL, NULL, NULL, NULL, NULL),
	('a1b782b7-553d-440b-87bd-baeae500c2bd', '2020-05-09 15:35:50', 'admin', 'admin', '2020-09-15 04:43:47', '253ad68a-66d0-4f87-8917-4e4e299ad207', NULL, '300 Nguyễn Văn Cừ nối dài, P.An Khánh, Q.Ninh Kiều, TP.Cần Thơ', 'S-0162', '	Nguyễn Quốc Khanh	', '0939 199 082', '', NULL, NULL, 'BỆNH VIỆN QUỐC TẾ PHƯƠNG CHÂU', NULL, 162, NULL, NULL, NULL, NULL, NULL, NULL, NULL, NULL, NULL, NULL, NULL, '3696f91f-ced0-4ad4-81f2-ded5fd4b6787', NULL, NULL, NULL, NULL, NULL, NULL, NULL),
	('a1c4971e-d341-4436-a169-c20ee736b29a', '2020-05-09 10:14:14', 'admin', 'admin', '2020-09-15 04:43:47', '0d6c805d-fb5f-4b5a-8964-767f9e85c18e', NULL, 'Ấp nhơn lộc 2-thị trấn phong điền-Huyện phong Điền-Tpct', 'S-0163', 'Lê Trần Hoàng Anh', '935947560', 'Sàng lọc cho phụ nữ mang thai', NULL, NULL, 'trung tâm y tế huyện phong điền', NULL, 163, NULL, NULL, NULL, NULL, NULL, NULL, NULL, NULL, NULL, NULL, NULL, '3696f91f-ced0-4ad4-81f2-ded5fd4b6787', NULL, NULL, NULL, NULL, NULL, NULL, NULL),
	('a34a6c7e-d09d-403f-86cc-08729133595d', '2020-05-09 09:54:21', 'admin', 'admin', '2020-09-15 04:43:47', 'a2c671b1-ef50-4516-a715-6bb84499298d', NULL, 'Số 500 đường DT743kp Đông Tác phường Tân Đông Hiệp thị xã Dĩ An tỉnh Bình Dương', 'S-0164', 'Vũ Đại Lực', '914174431', 'Trống', NULL, NULL, 'TTYT THỊ XÃ DĨ AN TỈNH BÌNH DƯƠNG', NULL, 164, NULL, NULL, NULL, NULL, NULL, NULL, NULL, NULL, NULL, NULL, NULL, '3696f91f-ced0-4ad4-81f2-ded5fd4b6787', NULL, NULL, NULL, NULL, NULL, NULL, NULL),
	('a34fcbf6-3c58-466a-b0e6-9738f7228007', '2020-05-09 09:26:03', 'admin', 'admin', '2020-09-15 04:43:47', '4d164947-e841-46b5-8044-886409a190fe', NULL, '75 Phan Đình Phùng - Pleiku - Gia Lai', 'S-0165', 'Nguyễn Thị Ngọc Châu', '0964 957 868', 'Chẩn đoán nhiễm HIV', NULL, NULL, 'Trung tâm Kiểm soát Bệnh tật tỉnh Gia Lai', NULL, 165, NULL, NULL, NULL, NULL, NULL, NULL, NULL, NULL, NULL, NULL, NULL, '3696f91f-ced0-4ad4-81f2-ded5fd4b6787', NULL, NULL, NULL, NULL, NULL, NULL, NULL),
	('a5ca5aae-d547-4296-9bc2-493d5e5977cb', '2020-05-09 14:55:55', 'admin', 'admin', '2020-09-15 04:43:47', '2e781122-0dff-4db9-9233-53f2a22ed9a1', NULL, '106 Trường Chinh thị xã Phú Mỹ tỉnh BR-VT	', 'S-0166', 'Nguyễn Thị Liên phương', '0905581380	', 'An toàn truyền máu', NULL, NULL, 'TTYT THỊ XÃ PHÚ MỸ', NULL, 166, NULL, NULL, NULL, NULL, NULL, NULL, NULL, NULL, NULL, NULL, NULL, '3696f91f-ced0-4ad4-81f2-ded5fd4b6787', NULL, NULL, NULL, NULL, NULL, NULL, NULL),
	('a601fe38-fb07-424e-87c2-9c78f2ae5789', '2020-05-09 10:12:36', 'admin', 'admin', '2020-09-15 04:43:47', '7be3bed5-5ded-44d8-b221-7647c366c0f2', NULL, '1014/88/1 Tân Kỳ Tân Quý, KP. 14, P. Bình Hưng Hòa, Q. Bình Tân, TP. Hồ Chí Minh', 'S-0167', 'Dương Thị Minh Nguyệt', '0908245103', 'Chẩn đoán nhiễm HIV', NULL, NULL, 'Trung tâm Y tế Quận Bình Tân', NULL, 167, NULL, NULL, NULL, NULL, NULL, NULL, NULL, NULL, NULL, NULL, NULL, '3696f91f-ced0-4ad4-81f2-ded5fd4b6787', NULL, NULL, NULL, NULL, NULL, NULL, NULL),
	('a63474e2-7d50-4093-990f-9d80050f21f0', '2020-05-09 09:30:18', 'admin', 'admin', '2020-09-15 04:43:47', '68ad31c2-33dd-447e-acac-54e2177b5efd', NULL, 'D11 Phạm Hùng - Tuệ Tĩnh, P. Vĩnh Lạc, TP. Rạch Giá - Kiên Giang', 'S-0168', 'Tạ Thị Thu Thủy', '943116167', 'Chẩn đoán nhiễm HIV', NULL, NULL, 'Trung Tâm Kiểm Soát Bệnh Tật Tỉnh Kiên Giang', NULL, 168, NULL, NULL, NULL, NULL, NULL, NULL, NULL, NULL, NULL, NULL, NULL, '3696f91f-ced0-4ad4-81f2-ded5fd4b6787', NULL, NULL, NULL, NULL, NULL, NULL, NULL),
	('a646924a-f7df-47e3-aba3-9f243dc9e159', '2020-05-09 10:04:10', 'admin', 'admin', '2020-09-15 04:43:47', '287fe295-6e08-464e-a17e-36f59559a537', NULL, 'Số 16 Đường 19/5-K2 TT Cái Nước-Huyện Cái Nước-Tỉnh Cà Mau', 'S-0169', 'Phạm Minh Em', '0918163414', 'Chẩn đoán nhiễm HIV', NULL, NULL, 'Bệnh Viện Đa Khoa Cái Nước', NULL, 169, NULL, NULL, NULL, NULL, NULL, NULL, NULL, NULL, NULL, NULL, NULL, '3696f91f-ced0-4ad4-81f2-ded5fd4b6787', NULL, NULL, NULL, NULL, NULL, NULL, NULL),
	('a728e78c-61b4-44dc-8cbf-c58ba94654c8', '2020-05-09 10:20:29', 'admin', 'admin', '2020-09-15 04:43:47', '93dc8080-3caf-4dc4-8621-f020460a142e', NULL, '23 Nguyễn Văn Đậu, P.5, Quận Phú Nhuận, TP.HCM ', 'S-0170', 'Đặng Hồng Yến', '02835501216', 'Chẩn đoán nhiễm HIV', NULL, NULL, 'TRUNG TÂM Y TẾ QUẬN PHÚ NHUẬN', NULL, 170, NULL, NULL, NULL, NULL, NULL, NULL, NULL, NULL, NULL, NULL, NULL, '3696f91f-ced0-4ad4-81f2-ded5fd4b6787', NULL, NULL, NULL, NULL, NULL, NULL, NULL),
	('a85b8b35-1156-48f2-8fef-edff99e0c31c', '2020-09-01 04:38:27', 'admin', 'admin', '2020-09-15 04:43:47', '293723c5-9d4c-457b-ac57-7560671cba0f', NULL, 'Thanh xuân, hà nội', 'S-0171', 'Trâm', 'trâm', NULL, 'trinh1@gmail.com', '123456', 'ADVIA Centaur " CHIV ', 'Nhân viên xét nghiệm', 171, NULL, NULL, NULL, NULL, NULL, NULL, NULL, NULL, '123456', '123456', NULL, NULL, NULL, NULL, NULL, NULL, NULL, NULL, NULL),
	('a8da516b-100a-4d44-9af1-d4e3e514c2e8', '2020-05-09 11:10:28', 'admin', 'admin', '2020-09-15 04:43:47', 'd6d30b78-f2c3-47a6-937e-c85a779aa9c0', NULL, '917 Tôn Đức Thắng,phường vĩnh mỹ,thành phố Châu Đốc,tỉnh An Giang', 'S-0172', 'Cao Công Sang', '2963550122', 'Sàng lọc cho phụ nữ mang thai', NULL, NULL, 'Bệnh viện đa khoa khu vực tỉnh An Giang', NULL, 172, NULL, NULL, NULL, NULL, NULL, NULL, NULL, NULL, NULL, NULL, NULL, '3696f91f-ced0-4ad4-81f2-ded5fd4b6787', NULL, NULL, NULL, NULL, NULL, NULL, NULL),
	('a8ea0aa6-d41d-441d-a47b-dc051393e90c', '2020-05-09 11:29:13', 'admin', 'admin', '2020-09-15 04:43:47', '23521fab-e23e-4b89-a1f8-50545675d98e', NULL, '120, Đường Tân Duyệt, Khóm III, Thị Trấn Cái Nước', 'S-0173', 'Nguyễn Quốc Việt', '0919.080.532', 'Sàng lọc', NULL, NULL, 'Trung tâm Y tế huyện Cái Nước', NULL, 173, NULL, NULL, NULL, NULL, NULL, NULL, NULL, NULL, NULL, NULL, NULL, '3696f91f-ced0-4ad4-81f2-ded5fd4b6787', NULL, NULL, NULL, NULL, NULL, NULL, NULL),
	('ab02d802-3b1d-450a-a710-d356bfd8c29f', '2020-05-09 14:51:37', 'admin', 'admin', '2020-09-15 04:43:47', '7fadf900-bde1-44f7-b74c-325ca888a02f', NULL, 'Số 2 Nguyễn Thông F.6-Q3', 'S-0174', 'Bs.Hà Văn Phước', '904126836', NULL, NULL, NULL, 'BỆNH VIỆN DA LIỄU TP. HCM', NULL, 174, NULL, NULL, NULL, NULL, NULL, NULL, NULL, NULL, NULL, NULL, NULL, '3696f91f-ced0-4ad4-81f2-ded5fd4b6787', NULL, NULL, NULL, NULL, NULL, NULL, NULL),
	('ab14cade-e53a-475a-aafa-f6bdf310c512', '2020-05-09 10:04:52', 'admin', 'admin', '2020-09-15 04:43:47', '1030c021-f95e-49b1-bc23-a7ccb64a1e2a', NULL, '128-Đường 30/4 KP 1 TT Dương Đông Phú Quôc', 'S-0175', 'Nguyễn Thị Loan', '918677653', 'Chẩn đoán nhiễm HIV', NULL, NULL, 'Khoa xét nghiệm Trung tâm Y tế Phú Quốc', NULL, 175, NULL, NULL, NULL, NULL, NULL, NULL, NULL, NULL, NULL, NULL, NULL, '3696f91f-ced0-4ad4-81f2-ded5fd4b6787', NULL, NULL, NULL, NULL, NULL, NULL, NULL),
	('ab26655f-e007-47ff-9b52-7f9159cb39fe', '2020-05-09 09:55:18', 'admin', 'admin', '2020-09-15 04:43:47', '13cea6ce-28a9-4bca-b1a6-59a84a953abc', NULL, 'Khu Phố B, thị trấn tân Hiệp, huyện Tân Hiệp, tỉnh Kiên Giang', 'S-0176', 'NVC', '000000000', 'Chẩn đoán nhiễm HIV', NULL, NULL, 'TRUNG TÂM Y TẾ TÂN HIỆP', NULL, 176, NULL, NULL, NULL, NULL, NULL, NULL, NULL, NULL, NULL, NULL, NULL, '3696f91f-ced0-4ad4-81f2-ded5fd4b6787', NULL, NULL, NULL, NULL, NULL, NULL, NULL),
	('ad73b402-bbd0-409f-b341-71646271a7b4', '2020-05-09 09:34:00', 'admin', 'admin', '2020-09-15 04:43:47', '26c04232-8225-4f54-babc-a74a86051621', NULL, 'Ấp Bắc, xã Hòa Long, tp Bà Rịa', 'S-0177', 'Trần Văn Đông', '0387503948', 'Chẩn đoán nhiễm HIV', NULL, NULL, 'Trung tâm Phòng, chống HIV/AIDS tỉnh BR-VT', NULL, 177, NULL, NULL, NULL, NULL, NULL, NULL, NULL, NULL, NULL, NULL, NULL, '3696f91f-ced0-4ad4-81f2-ded5fd4b6787', NULL, NULL, NULL, NULL, NULL, NULL, NULL),
	('ada8c301-2d52-44fc-9ce6-bcedc0aa8c47', '2020-05-09 10:25:30', 'admin', 'admin', '2020-09-15 04:43:47', 'c8d9b9e0-6c2e-48ec-984d-17d2be532528', NULL, 'Ấp Thới Hòa B, thị trấn Cờ Đỏ, huyện Cờ Đỏ, TP Cần Thơ', 'S-0178', 'Nguyễn Thị Kim Dư', '907434848', 'Sàng lọc cho phụ nữ mang thai', NULL, NULL, 'Trung Tâm Y Tế Huyện Cờ Đỏ', NULL, 178, NULL, NULL, NULL, NULL, NULL, NULL, NULL, NULL, NULL, NULL, NULL, '3696f91f-ced0-4ad4-81f2-ded5fd4b6787', NULL, NULL, NULL, NULL, NULL, NULL, NULL),
	('ade23903-c962-44ba-9a04-6f7dac735080', '2020-05-09 10:25:08', 'admin', 'admin', '2020-09-15 04:43:47', '584174fd-8e61-4644-82ba-d6cf3afc673c', NULL, 'Ấp Phú an 1, Xã Bình Hòa, Huyện Châu Thành, Tỉnh An Giang', 'S-0179', 'Mai Minh Tài', '919461978', 'Sàng lọc cho phụ nữ mang thai', NULL, NULL, 'TRUNG TÂM Y TẾ HUYỆN CHÂU THÀNH', NULL, 179, NULL, NULL, NULL, NULL, NULL, NULL, NULL, NULL, NULL, NULL, NULL, '3696f91f-ced0-4ad4-81f2-ded5fd4b6787', NULL, NULL, NULL, NULL, NULL, NULL, NULL),
	('b2007522-97ff-40c7-805c-597701fe4a0f', '2020-05-09 10:16:05', 'admin', 'admin', '2020-09-15 04:43:47', 'b1ea0071-842e-4e9e-a177-7d582d16400a', NULL, '495 DƯƠNG THỊ MƯỜI KP6 P.HiỆP THÀNH QUẬN 12', 'S-0180', 'NGUYỄN DẠ THẢO', '0908533990', 'Chẩn đoán nhiễm HIV', NULL, NULL, 'TRUNG TÂM Y TẾ QUẬN 12', NULL, 180, NULL, NULL, NULL, NULL, NULL, NULL, NULL, NULL, NULL, NULL, NULL, '3696f91f-ced0-4ad4-81f2-ded5fd4b6787', NULL, NULL, NULL, NULL, NULL, NULL, NULL),
	('b27b13dc-2122-493d-95af-b6203b08d4b7', '2020-05-09 15:25:50', 'admin', 'admin', '2020-09-15 04:43:47', '004acd9c-c462-4351-8c70-fe30a2e5c491', NULL, '	234 Trần Hưng Đạo, P.Mỹ Thới, TP.Long Xuyên, An Giang		', 'S-0181', 'LÂM MỸ KIM', '09891192321	', 'An toàn truyền máu', NULL, NULL, 'CTY CPBVĐK HẠNH PHÚC', NULL, 181, NULL, NULL, NULL, NULL, NULL, NULL, NULL, NULL, NULL, NULL, NULL, '3696f91f-ced0-4ad4-81f2-ded5fd4b6787', NULL, NULL, NULL, NULL, NULL, NULL, NULL),
	('b2f88503-327c-43b4-aac3-f3cb496660f9', '2020-05-09 14:55:06', 'admin', 'admin', '2020-09-15 04:43:47', '5ba41a2a-03fe-4a1d-a18b-c1cdd0a227cb', NULL, '04 NGUYỄN LƯƠNG BẰNG, PHƯỜNG TÂN PHÚ, QUẬN 7', 'S-0182', 'HUỲNH QUỐC THẮNG', '0909456417', 'Xét nghiệm tiền phẫu', NULL, NULL, 'BỆNH VIỆN TIM TÂM ĐỨC', NULL, 182, NULL, NULL, NULL, NULL, NULL, NULL, NULL, NULL, NULL, NULL, NULL, '3696f91f-ced0-4ad4-81f2-ded5fd4b6787', NULL, NULL, NULL, NULL, NULL, NULL, NULL),
	('b35caddd-b6b4-4b56-aab9-904774ebaef3', '2020-05-09 09:53:54', 'admin', 'admin', '2020-09-15 04:43:47', 'aea820bf-2001-46db-a3f3-f26fe3d4e36a', NULL, 'Đường số 4, khu dân cư khóm 8, phường Châu Phú A, thành phố Châu Đốc, An Giang.', 'S-0183', 'Nguyễn Văn Vui', '912804690', 'Chẩn đoán nhiễm HIV', NULL, NULL, 'Trung tâm y tế thành phố Châu Đốc', NULL, 183, NULL, NULL, NULL, NULL, NULL, NULL, NULL, NULL, NULL, NULL, NULL, '3696f91f-ced0-4ad4-81f2-ded5fd4b6787', NULL, NULL, NULL, NULL, NULL, NULL, NULL),
	('b3edafa5-cdf7-4277-87aa-66f26dc80afe', '2020-05-09 14:56:38', 'admin', 'admin', '2020-09-15 04:43:47', 'd658d800-fb64-4d17-975e-514034ffc545', NULL, '79 Tôn Đức Thắng - P. Mỹ Bình - TP. Long Xuyên - An Giang', 'S-0184', 'Dương Anh Linh', '0925032149', 'Sàng lọc cho phụ nữ mang thai', NULL, NULL, 'Trung tâm chăm sóc SKSS An Giang', NULL, 184, NULL, NULL, NULL, NULL, NULL, NULL, NULL, NULL, NULL, NULL, NULL, '3696f91f-ced0-4ad4-81f2-ded5fd4b6787', NULL, NULL, NULL, NULL, NULL, NULL, NULL),
	('b54acddf-b1b7-43fa-8599-719497401c1c', '2020-05-09 11:33:02', 'admin', 'admin', '2020-09-15 04:43:47', '0dd2edc8-c563-4669-8c83-4eaef254f6cb', NULL, 'Khu phố 7, phường Uyên Hưng, Tx Tân Uyên,Tỉnh Bình Dương', 'S-0185', 'Hồ Văn Cộp', '365415044', 'Sàng lọc cho phụ nữ mang thai', NULL, NULL, 'Phòng xét nghiệm TTYT Tx Tân Uyên', NULL, 185, NULL, NULL, NULL, NULL, NULL, NULL, NULL, NULL, NULL, NULL, NULL, '3696f91f-ced0-4ad4-81f2-ded5fd4b6787', NULL, NULL, NULL, NULL, NULL, NULL, NULL),
	('b67f0c79-4819-43cd-aff3-5409b554876a', '2020-05-09 09:43:18', 'admin', 'admin', '2020-09-15 04:43:47', 'dbc5d2e4-2fd0-431e-9a1f-60d0f5b812fa', NULL, '468 - Đường 30/4 - Khóm 1 - Phường 3 - TP. Sóc Trăng - Tỉnh Sóc Trăng.', 'S-0186', 'Trần Thanh Hải', '0903349781', 'Trống', NULL, NULL, 'Bệnh viện 30 Tháng 4 Tỉnh Sóc Trăng', NULL, 186, NULL, NULL, NULL, NULL, NULL, NULL, NULL, NULL, NULL, NULL, NULL, '3696f91f-ced0-4ad4-81f2-ded5fd4b6787', NULL, NULL, NULL, NULL, NULL, NULL, NULL),
	('b6d6e842-a258-4038-a588-e1937bb9bbcc', '2020-05-09 15:01:41', 'admin', 'admin', '2020-09-15 04:43:47', 'e05ba3f6-cf6d-45f7-8779-0cf3881fa8af', NULL, 'Tổ dân phố 3 - TT Phú Thiện - Huyện Phú Thiện - Tỉnh Gia lai', 'S-0187', 'Tống Thị Huyền', '0702534634', 'Sàng lọc cho phụ nữ mang thai', NULL, NULL, 'Trung tâm y tế huyện Phú Thiện', NULL, 187, NULL, NULL, NULL, NULL, NULL, NULL, NULL, NULL, NULL, NULL, NULL, '3696f91f-ced0-4ad4-81f2-ded5fd4b6787', NULL, NULL, NULL, NULL, NULL, NULL, NULL),
	('b883a221-3d48-4eae-875a-0404640be1c1', '2020-09-04 07:45:15', 'admin', 'admin', '2020-09-15 04:43:47', '8208cb3d-2b96-47ae-91ba-31e45d386b9c', NULL, '12312dsadka', 'S-0188', '123', '12312323123131', NULL, 'admin@mail.com', '12312', 'In Đức Thành', '21312', 188, NULL, NULL, NULL, NULL, NULL, NULL, NULL, NULL, '12dca', '12das1', NULL, NULL, NULL, NULL, NULL, NULL, NULL, NULL, NULL),
	('b896babc-cece-49f9-9d10-b8d2fb38d9ef', '2020-05-09 11:29:55', 'admin', 'admin', '2020-09-15 04:43:47', '781fb719-9e85-4e7e-ab0a-5529c74c036f', NULL, 'Ấp Phước Lộc- Xã Phước Hội- Huyện Đất Đỏ- Tỉnh Bà Rịa Vũng Tàu', 'S-0189', 'Lữ Thị Thiệt', '0908158082', 'Sàng lọc cho phụ nữ mang thai', NULL, NULL, 'TRUNG TÂM Y TẾ HUYỆN ĐẤT ĐỎ', NULL, 189, NULL, NULL, NULL, NULL, NULL, NULL, NULL, NULL, NULL, NULL, NULL, '3696f91f-ced0-4ad4-81f2-ded5fd4b6787', NULL, NULL, NULL, NULL, NULL, NULL, NULL),
	('ba07302e-68cc-4b38-8445-d13fc81c11d6', '2020-05-09 09:13:53', 'admin', 'admin', '2020-09-15 04:43:47', 'c2a53ea0-5e17-46ae-a511-90cd35cbf093', NULL, 'Quốc lộ 14,Xã Tiến Thành, Thành Phố  Đồng Xoài Tỉnh Bình Phước', 'S-0190', 'CN. Đinh Thị Anh Đào', '913080776', 'Chẩn đoán nhiễm HIV', NULL, NULL, 'BỆNH VIỆN ĐA KHOA TỈNH BÌNH PHƯỚC', NULL, 190, NULL, NULL, NULL, NULL, NULL, NULL, NULL, NULL, NULL, NULL, NULL, '3696f91f-ced0-4ad4-81f2-ded5fd4b6787', NULL, NULL, NULL, NULL, NULL, NULL, NULL),
	('bbedbdd5-4a45-4f9a-b299-9dda7b71cb7d', '2020-05-09 10:09:07', 'admin', 'admin', '2020-09-15 04:43:47', '9a607303-cf9b-4bfa-bed0-64f04158b80d', NULL, '63-65 Bến Vân Đồn, Phường 12, Quận 4, Thành phố Hồ Chí Minh', 'S-0191', 'Nguyễn Thị Phương Trang', '773990619', 'Sàng lọc cho phụ nữ mang thai', NULL, NULL, 'BỆNH VIỆN QUẬN 4', NULL, 191, NULL, NULL, NULL, NULL, NULL, NULL, NULL, NULL, NULL, NULL, NULL, '3696f91f-ced0-4ad4-81f2-ded5fd4b6787', NULL, NULL, NULL, NULL, NULL, NULL, NULL),
	('bbfc4943-5a49-41da-a516-6ae4a35bcb02', '2020-05-09 14:54:36', 'admin', 'admin', '2020-09-15 04:43:47', '37d2a48b-99c5-4fec-a603-d364c9cfc568', NULL, 'Số 1 Lê Thị Riêng - Phường 1 - TP. Cao Lãnh - Đồng Tháp', 'S-0192', 'Dương Tấn Thân', '938900407', 'Chẩn đoán nhiễm HIV', NULL, NULL, 'Bệnh Viện Quốc Tế Thái Hòa', NULL, 192, NULL, NULL, NULL, NULL, NULL, NULL, NULL, NULL, NULL, NULL, NULL, '3696f91f-ced0-4ad4-81f2-ded5fd4b6787', NULL, NULL, NULL, NULL, NULL, NULL, NULL),
	('bbfd5c0c-36ad-45bc-a641-5cdb2eef6d8a', '2020-05-09 09:27:31', 'admin', 'admin', '2020-09-15 04:43:47', '90344e9f-ca19-4706-ac0c-d8bc9e03be67', NULL, 'Số 400, đường Nguyễn Văn Cừ nối dài, P. An Bình, Q.Ninh Kiều, TP. Cần Thơ', 'S-0193', 'Nguyễn Ngọc Điểm', '907478617', 'Chẩn đoán nhiễm HIV', NULL, NULL, 'TT Phòng, chống HIV/AIDS TP. Cần Thơ', NULL, 193, NULL, NULL, NULL, NULL, NULL, NULL, NULL, NULL, NULL, NULL, NULL, '3696f91f-ced0-4ad4-81f2-ded5fd4b6787', NULL, NULL, NULL, NULL, NULL, NULL, NULL),
	('bd227f30-671f-412c-a23f-83dacf12a53f', '2020-05-09 09:47:16', 'admin', 'admin', '2020-09-15 04:43:47', 'b8b1836c-3bff-49b4-8b58-79215f55309b', NULL, 'QL 22B- Rạch Sơn. TT Gò Dầu. Huyện Gò Dầu. Tình Tây Ninh', 'S-0194', 'Nguyễn Thị Ánh Tuyết', '0973607855', 'Sàng lọc cho phụ nữ mang thai', NULL, NULL, 'TRUNG TÂM Y TẾ GÒ DẦU', NULL, 194, NULL, NULL, NULL, NULL, NULL, NULL, NULL, NULL, NULL, NULL, NULL, '3696f91f-ced0-4ad4-81f2-ded5fd4b6787', NULL, NULL, NULL, NULL, NULL, NULL, NULL),
	('bd711266-17bd-4fd1-907f-97e041ed0880', '2020-05-09 10:30:37', 'admin', 'admin', '2020-09-15 04:43:47', '169f4043-8a85-441f-b008-14e5ceb68233', NULL, 'Khóm 1 Thị trấn Thới Bình, huyện Thới Bình, Tỉnh Cà Mau', 'S-0195', 'Nguyễn Thị Hiếu', '964393454', 'Sàng lọc cho phụ nữ mang thai', NULL, NULL, 'Trung tâm y tế huyện Thới Bình', NULL, 195, NULL, NULL, NULL, NULL, NULL, NULL, NULL, NULL, NULL, NULL, NULL, '3696f91f-ced0-4ad4-81f2-ded5fd4b6787', NULL, NULL, NULL, NULL, NULL, NULL, NULL),
	('be088698-49f4-4936-b7ec-ea03fb1f96aa', '2020-05-09 09:45:44', 'admin', 'admin', '2020-09-15 04:43:47', 'bd3e2783-cc57-42c6-8ad4-c5f3d569d285', NULL, 'SỐ 29, ĐƯỜNG 30/4,PHƯỜNG 1,TX KiẾN TƯỜNG,LONG AN', 'S-0196', 'LÂM THỊ HON', '974148081', 'Sàng lọc cho phụ nữ mang thai', NULL, NULL, 'BỆNH ViỆN ĐA KHOA KHU VỰC ĐỒNG THÁP MƯỜI', NULL, 196, NULL, NULL, NULL, NULL, NULL, NULL, NULL, NULL, NULL, NULL, NULL, '3696f91f-ced0-4ad4-81f2-ded5fd4b6787', NULL, NULL, NULL, NULL, NULL, NULL, NULL),
	('be2937b5-47ff-4cdd-9248-aaf506df0a09', '2020-09-01 02:55:21', 'admin', 'admin', '2020-09-15 04:43:47', '094f0975-6e4b-4471-b8a7-1ad6eb5af7ee', NULL, 'web4s_root', 'S-0197', 'gsdfkjsldgj', '0384581133', NULL, 'phuongle98@gmail.com', NULL, 'le thi phuong', 'bác sĩ', 197, NULL, NULL, NULL, NULL, NULL, NULL, NULL, NULL, '124556555431', '2656+696', NULL, NULL, NULL, NULL, NULL, NULL, NULL, NULL, NULL),
	('bee9a72d-8048-40d5-950a-3243895670e1', '2020-05-09 10:11:23', 'admin', 'admin', '2020-09-15 04:43:47', '9d18c342-74c2-483b-8a4c-93ce5a3ee092', NULL, 'Khu phố II thị trấn thứ 11 An Minh Kiên Giang', 'S-0198', 'NGUYỄN VÂN NI', '2973887059', 'Chẩn đoán nhiễm HIV', NULL, NULL, 'TRUNG TÂM Y TẾ HUYỆN AN MINH', NULL, 198, NULL, NULL, NULL, NULL, NULL, NULL, NULL, NULL, NULL, NULL, NULL, '3696f91f-ced0-4ad4-81f2-ded5fd4b6787', NULL, NULL, NULL, NULL, NULL, NULL, NULL),
	('c241f9c5-c282-4766-9ee9-82fe56c763c5', '2020-05-09 14:52:44', 'admin', 'admin', '2020-09-15 04:43:47', '53aa903d-5e2c-4ad9-b354-d8fc4f5cca3a', NULL, 'TỔ 3,ẤP 4, XÃ MỸ THỌ, HUYỆN CAO LÃNH, TỈNH ĐỒNG THÁP', 'S-0199', 'NGUYỄN THỊ THANH THẢO', '0382092183', 'Chẩn đoán nhiễm HIV', NULL, NULL, 'BỆNH VIỆN PHỔI ĐỒNG THÁP', NULL, 199, NULL, NULL, NULL, NULL, NULL, NULL, NULL, NULL, NULL, NULL, NULL, '3696f91f-ced0-4ad4-81f2-ded5fd4b6787', NULL, NULL, NULL, NULL, NULL, NULL, NULL),
	('c39f5683-34ba-405d-95ee-35f03acd05b5', '2020-05-09 10:21:54', 'admin', 'admin', '2020-09-15 04:43:47', '0875228e-68f4-49b5-9bf2-d270e5044ec2', NULL, 'Quối lộ 91, KV. Phụng thạnh 1, P. Thốt Nốt, Q. Thốt Nốt, TPCT', 'S-0200', 'Phạm Thị Duyên Hương', '917196261', 'Trống', NULL, NULL, 'Trung Tâm Y Tế Quận Thốt Nốt', NULL, 200, NULL, NULL, NULL, NULL, NULL, NULL, NULL, NULL, NULL, NULL, NULL, '3696f91f-ced0-4ad4-81f2-ded5fd4b6787', NULL, NULL, NULL, NULL, NULL, NULL, NULL),
	('c5ca4aa4-1271-402f-bcdd-4a4da0fa38e9', '2020-05-09 15:14:01', 'admin', 'admin', '2020-09-15 04:43:47', 'b7301253-7646-4cc5-9c97-9570eae2044e', NULL, 'Ấp 3 Nhà Thương- Thị trấn Thủ Thừa-Huyện Thủ Thừa-Tỉnh Long An', 'S-0201', '	Trần Ngọc Phương Ly', '0767578193	', '		Sàng lọc cho phụ nữ mang thai', NULL, NULL, 'Trung tâm y tế huyện Thủ Thừa', NULL, 201, NULL, NULL, NULL, NULL, NULL, NULL, NULL, NULL, NULL, NULL, NULL, '3696f91f-ced0-4ad4-81f2-ded5fd4b6787', NULL, NULL, NULL, NULL, NULL, NULL, NULL),
	('c68b39bc-a476-4fab-b3b8-ad12df68793a', '2020-05-09 09:46:20', 'admin', 'admin', '2020-09-15 04:43:47', '17338dfd-0483-4806-bc78-91bf526cad88', NULL, '85 Lý Thường Kiệt - Phường 6 - TP Cà Mau - Tỉnh Cà Mau', 'S-0202', 'Trương Văn Đạt', '0918601925', 'Sàng lọc cho phụ nữ mang thai', NULL, NULL, 'BỆNH VIỆN SẢN NHI CÀ MAU', NULL, 202, NULL, NULL, NULL, NULL, NULL, NULL, NULL, NULL, NULL, NULL, NULL, '3696f91f-ced0-4ad4-81f2-ded5fd4b6787', NULL, NULL, NULL, NULL, NULL, NULL, NULL),
	('c6f313a2-42b4-4ec9-8296-b52da8249908', '2020-05-09 15:22:14', 'admin', 'admin', '2020-09-15 04:43:47', '2db1db7b-c542-4bf3-bf28-74ccb02b81a0', NULL, 'khóm 7 thị trấn Rạch Gốc - huyện Ngọc Hiển		', 'S-0203', 'Nguyễn Văn Khoa', NULL, '	Sàng lọc cho phụ nữ mang thai', NULL, NULL, 'Trung Tâm Y Tế Ngọc Hiển', NULL, 203, NULL, NULL, NULL, NULL, NULL, NULL, NULL, NULL, NULL, NULL, NULL, '3696f91f-ced0-4ad4-81f2-ded5fd4b6787', NULL, NULL, NULL, NULL, NULL, NULL, NULL),
	('c81ba4b4-f485-44a7-9ef1-fccd29a327b8', '2020-05-09 11:43:20', 'admin', 'admin', '2020-09-15 04:43:47', '39df3a48-775b-40e3-970d-928b0122d330', NULL, 'TDP9-TT Kiến Đức- Huyện Đăk R\'Lấp - Tỉnh Đăk Nông', 'S-0204', 'Đoàn Trung Quân', '0949582567', 'Sàng lọc cho phụ nữ mang thai', NULL, NULL, 'Trung tâm Y tế huyện Đăk R\'Lấp', NULL, 204, NULL, NULL, NULL, NULL, NULL, NULL, NULL, NULL, NULL, NULL, NULL, '3696f91f-ced0-4ad4-81f2-ded5fd4b6787', NULL, NULL, NULL, NULL, NULL, NULL, NULL),
	('c8c758f4-6f09-46ed-ac9f-d34b2392b683', '2020-05-09 11:21:19', 'admin', 'admin', '2020-09-15 04:43:47', '8109be8d-6411-4848-8726-2d9db1f6b3a2', NULL, '387 ĐƯỜNG LÊ VĂN ViỆT, PHƯỜNG TĂNG NHƠN PHÚ A, QuẬN 9, TP.HCM', 'S-0205', 'VÕ THỊ NGỌC LỆ', '0909336569', 'Chẩn đoán nhiễm HIV', NULL, NULL, 'BỆNH ViỆN QuẬN 9', NULL, 205, NULL, NULL, NULL, NULL, NULL, NULL, NULL, NULL, NULL, NULL, NULL, '3696f91f-ced0-4ad4-81f2-ded5fd4b6787', NULL, NULL, NULL, NULL, NULL, NULL, NULL),
	('ca26e983-06ee-4ed2-a6d3-4adf66b13e3f', '2020-05-09 11:25:28', 'admin', 'admin', '2020-09-15 04:43:47', 'f1f6cb7f-046a-4012-9a64-dc6a73fb17fc', NULL, '209 Nguyễn Trãi- P. Thới Bình- Q. Ninh Kiều- TPCT', 'S-0206', 'Lê Quốc Thắng', '0945600813', 'Chẩn đoán nhiễm HIV', NULL, NULL, 'Trung tâm Y tế quận Ninh Kiều', NULL, 206, NULL, NULL, NULL, NULL, NULL, NULL, NULL, NULL, NULL, NULL, NULL, '3696f91f-ced0-4ad4-81f2-ded5fd4b6787', NULL, NULL, NULL, NULL, NULL, NULL, NULL),
	('cb21aac3-61d7-413d-866c-638aab49176b', '2020-05-09 11:27:24', 'admin', 'admin', '2020-09-15 04:43:47', '8ebaef00-61d6-4248-8732-61a3f9c848e4', NULL, 'KHU 2 THỊ TRẤN LỘC THẮNG- BẢO LÂM- LÂM ĐỒNG', 'S-0207', 'NGUYỄN THỊ HƯỜNG', '0977821054', 'Sàng lọc cho phụ nữ mang thai', NULL, NULL, 'TRUNG TÂM Y TẾ BẢO LÂM- LÂM ĐỒNG', NULL, 207, NULL, NULL, NULL, NULL, NULL, NULL, NULL, NULL, NULL, NULL, NULL, '3696f91f-ced0-4ad4-81f2-ded5fd4b6787', NULL, NULL, NULL, NULL, NULL, NULL, NULL),
	('cbf4d508-3773-46f5-8aba-7c1acf5148ce', '2020-05-09 11:41:59', 'admin', 'admin', '2020-09-15 04:43:47', 'd63238e4-9855-4521-b15b-ffe66a8ce3b3', NULL, 'Khóm 6- Thị trấn Càng Long- huyện Càng Long- tỉnh Trà Vinh', 'S-0208', 'Phan Thị Hồng Vân', '0918135558', 'Sàng lọc cho phụ nữ mang thai', NULL, NULL, 'Trung tâm y tế huyện Càng Long', NULL, 208, NULL, NULL, NULL, NULL, NULL, NULL, NULL, NULL, NULL, NULL, NULL, '3696f91f-ced0-4ad4-81f2-ded5fd4b6787', NULL, NULL, NULL, NULL, NULL, NULL, NULL),
	('ccb5a20c-919f-4ae9-9ff9-7d56c1291f0a', '2020-05-09 15:20:24', 'admin', 'admin', '2020-09-15 04:43:47', '01c0a17b-6da3-4042-a8a3-9248654a3e1a', NULL, '	Ấp Xà Mách, Xã Lai Uyên, Huyện Bàu Bàng, Tỉnh Bình Dương', 'S-0209', 'NGUYỄN THỊ NGỌC HƯỜNG', '0974644818	', '		Chẩn đoán nhiễm HIV', NULL, NULL, 'TRUNG TÂM Y TẾ HUYỆN BÀU BÀNG	', NULL, 209, NULL, NULL, NULL, NULL, NULL, NULL, NULL, NULL, NULL, NULL, NULL, '3696f91f-ced0-4ad4-81f2-ded5fd4b6787', NULL, NULL, NULL, NULL, NULL, NULL, NULL),
	('cd808f9f-9d3c-4879-a8cc-400146b9427b', '2020-05-09 14:49:46', 'admin', 'admin', '2020-09-15 04:43:47', '942e59af-5158-4862-b36f-4440bf82b236', NULL, '62 Nguyễn Đình Chiểu, p Tân Lợi , TP. Buôn Ma Thuột', 'S-0210', 'Nguyễn Thị Bạch Lộc', '976253395', 'Sàng lọc cho phụ nữ mang thai', NULL, NULL, 'BỆNH ViỆN ĐA KHOA THÀNH PHỐ BUÔN MA THUỘTĐiền vào ô này', NULL, 210, NULL, NULL, NULL, NULL, NULL, NULL, NULL, NULL, NULL, NULL, NULL, '3696f91f-ced0-4ad4-81f2-ded5fd4b6787', NULL, NULL, NULL, NULL, NULL, NULL, NULL),
	('d052bc8d-d930-4c61-9e43-806d090d3d2d', '2020-05-09 10:30:06', 'admin', 'admin', '2020-09-15 04:43:47', '4daacc38-c3ef-429f-be7e-5b4cd4ffe0dc', NULL, 'Khóm 4_Thị Trấn Tam Bình, Huyện Tam Bình,Tỉnh Vĩnh Long', 'S-0211', 'Nguyễn Hoàng Dũng', '0979195603', 'Chẩn đoán nhiễm HIV', NULL, NULL, 'Trung Tâm Y tế Huyện Tam Bình', NULL, 211, NULL, NULL, NULL, NULL, NULL, NULL, NULL, NULL, NULL, NULL, NULL, '3696f91f-ced0-4ad4-81f2-ded5fd4b6787', NULL, NULL, NULL, NULL, NULL, NULL, NULL),
	('d09db482-9fed-4f48-81eb-1e5fd433aa1f', '2020-05-09 09:39:04', 'admin', 'admin', '2020-09-15 04:43:47', '5c82124c-f6a0-470a-b7a2-a925228f8628', NULL, '19 Phạm Ngọc Thạch, Phước Hưng, TP Bà Rịa, Tỉnh BR - VT', 'S-0212', 'Nguyễn Thị Hồng Hoa', '0903915862', 'Chẩn đoán nhiễm HIV', NULL, NULL, 'Trung tâm y tế dự phòng Tỉnh Bà Rịa - Vũng Tàu', NULL, 212, NULL, NULL, NULL, NULL, NULL, NULL, NULL, NULL, NULL, NULL, NULL, '3696f91f-ced0-4ad4-81f2-ded5fd4b6787', NULL, NULL, NULL, NULL, NULL, NULL, NULL),
	('d1a93d56-a2c0-45cd-ac1c-a3a9d22c30af', '2020-05-09 15:18:14', 'admin', 'admin', '2020-09-15 04:43:47', '61862442-b77e-4148-9075-fb4208b5aa98', NULL, '	338, Quốc lộ 55, TT Phước Bửu, Huyện Xuyên Mộc, Tỉnh Bà Rịa Vũng Tàu	', 'S-0213', 'Mai Thị Liễu', '0907345041	', '		Chẩn đoán nhiễm HIV', NULL, NULL, 'Trung tâm y tế huyện Xuyên Mộc', NULL, 213, NULL, NULL, NULL, NULL, NULL, NULL, NULL, NULL, NULL, NULL, NULL, '3696f91f-ced0-4ad4-81f2-ded5fd4b6787', NULL, NULL, NULL, NULL, NULL, NULL, NULL),
	('d22a780e-56fe-47e8-b8e1-74e59615a2ba', '2020-05-09 14:48:28', 'admin', 'admin', '2020-09-15 04:43:47', 'f89a7d6d-d27b-4e6e-961d-d35cc93e8f54', NULL, 'Khóm 7 Thị trấn Trần Văn Thời, huyện Trần Văn Thời, tỉnh Cà mau', 'S-0214', 'Nguyễn Hồng Xuyên', '0918339799', 'Sàng lọc cho phụ nữ mang thai', NULL, NULL, 'Bệnh Viện Đa Khoa Trần Văn Thời', NULL, 214, NULL, NULL, NULL, NULL, NULL, NULL, NULL, NULL, NULL, NULL, NULL, '3696f91f-ced0-4ad4-81f2-ded5fd4b6787', NULL, NULL, NULL, NULL, NULL, NULL, NULL),
	('d342ef66-325e-4494-9a60-f936e517fe59', '2020-09-07 04:49:47', 'admin', 'admin', '2020-09-15 04:43:47', '2ea16029-60cb-45d6-908d-2800cb0da0a6', NULL, NULL, 'S-0215', 'Trinh 5', '1234567890', NULL, 'Tring@gmail.com', '123456', 'Bệnh viện A', 'Trưởng phòng xét nghiệm', 215, NULL, NULL, NULL, NULL, NULL, NULL, NULL, NULL, '123456', '123456', NULL, NULL, NULL, NULL, NULL, NULL, NULL, NULL, NULL),
	('d3efa63b-be8b-4a33-8ab8-4cf3ff6a8993', '2020-05-09 09:48:23', 'admin', 'admin', '2020-09-15 04:43:47', '0317f253-64e4-4d59-8856-08f6682c1094', NULL, 'Ấp Vĩnh Tiến, TT Vĩnh Thạnh, huyện Vĩnh Thạnh, TP Cần Thơ', 'S-0216', 'TRƯƠNG HUY PHONG', '0944166944', 'Trống', NULL, NULL, 'TRUNG TÂM Y TẾ HUYỆN VĨNH THẠNH', NULL, 216, NULL, NULL, NULL, NULL, NULL, NULL, NULL, NULL, NULL, NULL, NULL, '3696f91f-ced0-4ad4-81f2-ded5fd4b6787', NULL, NULL, NULL, NULL, NULL, NULL, NULL),
	('d4846f80-02fb-4ab5-9581-b5ebddb84569', '2020-05-09 11:17:05', 'admin', 'admin', '2020-09-15 04:43:47', '5c85af0b-4a29-4368-850d-e4e2cc39d018', NULL, NULL, 'S-0217', 'CN.PHAN THỊ HƯƠNG', '982834415', 'Chẩn đoán nhiễm HIV', NULL, NULL, 'BV.HUYỆN BÌNH CHÁNH', NULL, 217, NULL, NULL, NULL, NULL, NULL, NULL, NULL, NULL, NULL, NULL, NULL, '3696f91f-ced0-4ad4-81f2-ded5fd4b6787', NULL, NULL, NULL, NULL, NULL, NULL, NULL),
	('d615744f-a375-4ab7-8ed1-e8f1c4ff856a', '2020-05-09 15:08:31', 'admin', 'admin', '2020-09-15 04:43:47', '917ad889-e554-488e-b261-245be9a603df', NULL, '142 Thống Nhất-Thị trấn Phú Túc-huyện Krông Pa-tỉnh Gia Lai		', 'S-0218', 'Ksor Van', '398755183', 'Sàng lọc cho phụ nữ mang thai', NULL, NULL, 'Trung tâm Y tế huyện krông Pa	', NULL, 218, NULL, NULL, NULL, NULL, NULL, NULL, NULL, NULL, NULL, NULL, NULL, '3696f91f-ced0-4ad4-81f2-ded5fd4b6787', NULL, NULL, NULL, NULL, NULL, NULL, NULL),
	('d7cbaeb8-d6b8-4cb1-9954-0e329dbcc1e1', '2020-05-09 10:19:07', 'admin', 'admin', '2020-09-15 04:43:47', '60eee6cf-fb4f-4b26-a880-00566c0fe46a', NULL, 'A14/1 BÀ HOM, PHƯỜNG 13, QUẬN 6, THÀNH PHỐ HỒ CHÍ MINH', 'S-0219', 'NGUYỄN KHÁNH HẢI', '0908334099', 'Chẩn đoán nhiễm HIV', NULL, NULL, 'TRUNG TÂM Y TẾ QUẬN 6', NULL, 219, NULL, NULL, NULL, NULL, NULL, NULL, NULL, NULL, NULL, NULL, NULL, '3696f91f-ced0-4ad4-81f2-ded5fd4b6787', NULL, NULL, NULL, NULL, NULL, NULL, NULL),
	('d8bb9b90-2eca-4b65-9bb2-2dd3824cfc40', '2020-05-09 09:49:42', 'admin', 'admin', '2020-09-15 04:43:47', '93583fb3-04b3-4d3e-8662-1e1a05f1941d', NULL, 'KHU PHỐ 1 TT BÌNH ĐẠI-HUYỆN BÌNH ĐẠI-TỈNH BẾN TRE', 'S-0220', 'NGUYỄN NGỌC THẢO', '1658682945', 'Sàng lọc cho phụ nữ mang thai', NULL, NULL, 'TTYT HUYỆN BÌNH ĐẠI', NULL, 220, NULL, NULL, NULL, NULL, NULL, NULL, NULL, NULL, NULL, NULL, NULL, '3696f91f-ced0-4ad4-81f2-ded5fd4b6787', NULL, NULL, NULL, NULL, NULL, NULL, NULL),
	('d8ec61a0-9b5c-4d0b-a80c-a2052a047a3b', '2020-05-09 15:13:12', 'admin', 'admin', '2020-09-15 04:43:47', 'f137cfd5-bed4-44d2-b11e-a88beeebd8a6', NULL, '	Nguyễn Văn Cừ, khóm 2, thị trấn Mỹ An, huyện Tháp Mười, tỉnh Đồng Tháp 	', 'S-0221', 'Nguyễn Thị Huệ 	', '0939780818', '	Sàng lọc cho phụ nữ mang thai', NULL, NULL, 'Trung tâm y tế Tháp Mười	', NULL, 221, NULL, NULL, NULL, NULL, NULL, NULL, NULL, NULL, NULL, NULL, NULL, '3696f91f-ced0-4ad4-81f2-ded5fd4b6787', NULL, NULL, NULL, NULL, NULL, NULL, NULL),
	('d90d9a56-c186-48b1-a728-c0b9c2f9e862', '2020-05-09 10:10:23', 'admin', 'admin', '2020-09-15 04:43:47', 'bc32d7fd-e4b0-41ab-92a5-aba0cd6336c4', NULL, '609-611 Âu Cơ, phường Phú Trung, Q. Tân Phú', 'S-0222', 'Bùi Thanh Hoa', '0934946706', 'Sàng lọc cho phụ nữ mang thai', NULL, NULL, 'BỆNH VIỆN QUẬN TÂN PHÚ', NULL, 222, NULL, NULL, NULL, NULL, NULL, NULL, NULL, NULL, NULL, NULL, NULL, '3696f91f-ced0-4ad4-81f2-ded5fd4b6787', NULL, NULL, NULL, NULL, NULL, NULL, NULL),
	('dc17dbb1-d5af-4993-899d-79c643abd45d', '2020-05-09 11:31:19', 'admin', 'admin', '2020-09-15 04:43:47', '701b72a7-e540-4475-a85f-2b3288d6dbf1', NULL, 'Kp3 tt Phước vĩnh Phú giáo Bình dương', 'S-0223', 'Vũ Hạ Long', '902867828', 'Sàng lọc cho phụ nữ mang thai', NULL, NULL, 'TTYT Phú giáo', NULL, 223, NULL, NULL, NULL, NULL, NULL, NULL, NULL, NULL, NULL, NULL, NULL, '3696f91f-ced0-4ad4-81f2-ded5fd4b6787', NULL, NULL, NULL, NULL, NULL, NULL, NULL),
	('dc8bcc24-a3a7-4d4f-a68c-77f1524674a4', '2020-09-07 08:12:38', 'admin', 'admin', '2020-09-15 04:43:47', '82240a8b-e426-43ba-970c-1e8ea9cdac6d', NULL, 'admin', 'S-0224', 'hoang', '1234567890', NULL, 'ducthongth98@gmail.com', '1', 'In Đức Thành', '13213', 224, NULL, NULL, NULL, NULL, NULL, NULL, NULL, NULL, '1992', '1', NULL, NULL, NULL, NULL, NULL, NULL, NULL, NULL, NULL),
	('dc90e404-ee85-4ac0-8b68-21110daad43d', '2020-05-09 14:49:13', 'admin', 'admin', '2020-09-15 04:43:47', '354a3900-d815-4c05-bdc8-5e5d5a04966a', NULL, 'ĐƯỜNG TC3-PHƯỜNG MỸ PHƯỚC-THỊ XÃ BẾN CÁT-TỈNH BÌNH DƯƠNG', 'S-0225', 'LÊ VĂN LỰC', '968684222', 'Xét nghiệm tiền phẫu', NULL, NULL, 'BỆNH VIỆN ĐA KHOA MỸ PHƯỚC', NULL, 225, NULL, NULL, NULL, NULL, NULL, NULL, NULL, NULL, NULL, NULL, NULL, '3696f91f-ced0-4ad4-81f2-ded5fd4b6787', NULL, NULL, NULL, NULL, NULL, NULL, NULL),
	('dce11300-9f1d-4393-9892-531dcb64ee9b', '2020-05-09 15:05:33', 'admin', 'admin', '2020-09-15 04:43:47', '07c59326-6d88-4b9f-858c-55495b000dac', NULL, '	335 Lê Hồng Phong, thị trấn Ngãi Giao, huyện Châu Đúc, tỉnh Bà Rịa - Vũng Tàu	 ', 'S-0226', 'Mai Thị Huyền Trang', '	977666449', '	Chẩn đoán nhiễm HIV', NULL, NULL, 'Trung tâm y tế Chau Đức	', NULL, 226, NULL, NULL, NULL, NULL, NULL, NULL, NULL, NULL, NULL, NULL, NULL, '3696f91f-ced0-4ad4-81f2-ded5fd4b6787', NULL, NULL, NULL, NULL, NULL, NULL, NULL),
	('dd16f53f-24e6-49fa-ba2c-7e8e627983c9', '2020-05-09 09:19:30', 'admin', 'admin', '2020-09-15 04:43:47', 'c023bb8d-8ab7-4f1a-a972-04738525f162', NULL, '647 - Trần Hưng Đạo - KV 4 - P 3 - Thành Phố Vị Thanh - Hậu Giang', 'S-0227', 'Trần Thế Tôn', '0977537241', 'Chẩn đoán nhiễm HIV', NULL, NULL, 'Bệnh viện đa khoa Tỉnh Hậu Giang', NULL, 227, NULL, NULL, NULL, NULL, NULL, NULL, NULL, NULL, NULL, NULL, NULL, '3696f91f-ced0-4ad4-81f2-ded5fd4b6787', NULL, NULL, NULL, NULL, NULL, NULL, NULL),
	('df71ff1c-9ebf-4053-9466-eb766e4c8931', '2020-05-09 14:58:28', 'admin', 'admin', '2020-09-15 04:43:47', '359852e0-9bbe-4b99-a799-2dca0affab93', NULL, '36 Tô Thị Hùynh phường 1,Trà Vinh	', 'S-0228', 'NTT', '0919165919	', 'An toàn truyền máu', NULL, NULL, 'Trung tâm kiểm soát bệnh tật tỉnh Trà vinh', NULL, 228, NULL, NULL, NULL, NULL, NULL, NULL, NULL, NULL, NULL, NULL, NULL, '3696f91f-ced0-4ad4-81f2-ded5fd4b6787', NULL, NULL, NULL, NULL, NULL, NULL, NULL),
	('dfe3dabd-4f40-48a8-9e94-4c31f466b060', '2020-05-09 15:12:32', 'admin', 'admin', '2020-09-15 04:43:47', '44fefb75-2d4d-4a73-b69a-910ec27e6bd9', NULL, '	Ấp Tân Bình, Thị Trấn Tân Trụ, Long An		', 'S-0229', '	Nguyễn Thị Giàu', '374311369', 'Sàng lọc cho phụ nữ mang thai', NULL, NULL, 'Trung Tâm Y tế huyện Tân Trụ	', NULL, 229, NULL, NULL, NULL, NULL, NULL, NULL, NULL, NULL, NULL, NULL, NULL, '3696f91f-ced0-4ad4-81f2-ded5fd4b6787', NULL, NULL, NULL, NULL, NULL, NULL, NULL),
	('e012b13d-12cf-4727-8053-4f639c67e2e2', '2020-05-09 15:11:32', 'admin', 'admin', '2020-09-15 04:43:47', '71d43d7a-01b3-4542-99f7-fe17715a803b', NULL, '		Đường Lê Duẩn,khu Phố 4 Thị Trấn Tân Châu Tỉnh Tây Ninh		', 'S-0230', 'Trần Thị Hồng Thái', '843747834	', 'Sàng lọc cho phụ nữ mang thai', NULL, NULL, 'TTYT Huyện Tân Châu,Tây Ninh', NULL, 230, NULL, NULL, NULL, NULL, NULL, NULL, NULL, NULL, NULL, NULL, NULL, '3696f91f-ced0-4ad4-81f2-ded5fd4b6787', NULL, NULL, NULL, NULL, NULL, NULL, NULL),
	('e050269f-b344-4d49-bf5e-4c81630aac18', '2020-05-09 10:02:58', 'admin', 'admin', '2020-09-15 04:43:47', '52094b36-ef6e-4bdc-a66b-bf7de7cf5a07', NULL, '01 TRẦN HƯNG ĐẠO, KP KIÊN TÂN, KIÊN LƯƠNG, KIÊN GIANG', 'S-0231', 'PHẠM THỊ HiỀN', '2973696115', 'Trống', NULL, NULL, 'TTYT HUYỆN KIÊN LƯƠNG', NULL, 231, NULL, NULL, NULL, NULL, NULL, NULL, NULL, NULL, NULL, NULL, NULL, '3696f91f-ced0-4ad4-81f2-ded5fd4b6787', NULL, NULL, NULL, NULL, NULL, NULL, NULL),
	('e3eb05f1-8f74-40ad-b464-c3132a6a8c53', '2020-05-09 15:19:17', 'admin', 'admin', '2020-09-15 04:43:47', '6bb428d4-1ef6-402c-b4dc-e7933f258489', NULL, '278 Lê Lợi- P7 TP. Vũng Tàu	', 'S-0232', 'Trà Tấn Sơn', '0918003417	', '			Chẩn đoán nhiễm HIV', NULL, NULL, 'Trung Tâm Y Tế TP. Vũng Tàu', NULL, 232, NULL, NULL, NULL, NULL, NULL, NULL, NULL, NULL, NULL, NULL, NULL, '3696f91f-ced0-4ad4-81f2-ded5fd4b6787', NULL, NULL, NULL, NULL, NULL, NULL, NULL),
	('e49eb414-90e6-4841-96c9-695285d3d560', '2020-05-09 10:28:51', 'admin', 'admin', '2020-09-15 04:43:47', '58eacb0e-c153-4aff-beed-cdbcaaed3d8d', NULL, 'Số 1 Nguyễn Văn Hưởng, Ấp thị II, Thị Trấn Chợ Mới, huyện Chợ Mới, tỉnh An Giang', 'S-0233', 'Nguyễn Thị Tuyết Hoa', '983727085', 'Chẩn đoán nhiễm HIV', NULL, NULL, 'TRUNG TÂM Y TẾ HUYỆN CHỢ MỚI', NULL, 233, NULL, NULL, NULL, NULL, NULL, NULL, NULL, NULL, NULL, NULL, NULL, '3696f91f-ced0-4ad4-81f2-ded5fd4b6787', NULL, NULL, NULL, NULL, NULL, NULL, NULL),
	('e6862df5-7640-4c45-853c-e89010f4c87c', '2020-05-09 09:03:46', 'admin', 'admin', '2020-09-15 04:43:47', '30eb2ae0-bf49-4b20-8cbc-066c705a5f4d', NULL, '764 VÕ VĂN KIỆT ', 'S-0234', 'Ths.Bs Đinh Thị Bích Ty', '908259509', 'Chẩn đoán nhiễm HIV', NULL, NULL, 'BỆNH VIỆN BỆNH NHIỆT ĐỚI', NULL, 234, NULL, NULL, NULL, NULL, NULL, NULL, NULL, NULL, NULL, NULL, NULL, '3696f91f-ced0-4ad4-81f2-ded5fd4b6787', NULL, NULL, NULL, NULL, NULL, NULL, NULL),
	('e6b5796f-b073-46c6-be4f-80860e23d12e', '2020-05-09 09:11:46', 'admin', 'admin', '2020-09-15 04:43:47', '8acd4330-d732-4ab6-a072-32c5220b93d2', NULL, 'Số 05 Phạm Ngọc Thạch, phường Hiệp Thành, TP Thủ Dầu Một, tỉnh Bình Dương', 'S-0235', 'Trần Thụy Vân Ngọc', '913657549', 'Sàng lọc cho phụ nữ mang thai', NULL, NULL, 'BỆNH VIỆN ĐA KHOA BÌNH DƯƠNG', NULL, 235, NULL, NULL, NULL, NULL, NULL, NULL, NULL, NULL, NULL, NULL, NULL, '3696f91f-ced0-4ad4-81f2-ded5fd4b6787', NULL, NULL, NULL, NULL, NULL, NULL, NULL),
	('e735fe35-6f56-4f5a-970d-8ea2be0f520f', '2020-05-09 15:30:45', 'admin', 'admin', '2020-09-15 04:43:47', 'e83bea5b-6a13-429e-bc1d-75de7af0dcc5', NULL, 'ĐT 852B, BÌNH HIỆP A, BÌNH THẠNH TRUNG, LẤP VÒ, ĐỒNG THÁP.', 'S-0236', 'Nguyễn Lê Hồng Duy', '	0939 228845', '			Sàng lọc cho phụ nữ mang thai', NULL, NULL, 'TRUNG TÂM Y TẾ HUYỆN LẤP VÒ', NULL, 236, NULL, NULL, NULL, NULL, NULL, NULL, NULL, NULL, NULL, NULL, NULL, '3696f91f-ced0-4ad4-81f2-ded5fd4b6787', NULL, NULL, NULL, NULL, NULL, NULL, NULL),
	('eb076443-232e-4aaa-b64c-384cab6792e4', '2020-05-09 09:28:51', 'admin', 'admin', '2020-09-15 04:43:47', '6e695812-395d-4d94-bd4c-3c905b515d35', NULL, '211 đường Yersin, P. Phú Cường, Tp. Thủ Dầu Một, Bình Dương', 'S-0237', 'Lê Thị Hồng Xuyên', '0978325345', 'Chẩn đoán nhiễm HIV', NULL, NULL, 'Trung tâm phòng, chống HIV/AIDS tỉnh Bình Dương', NULL, 237, NULL, NULL, NULL, NULL, NULL, NULL, NULL, NULL, NULL, NULL, NULL, '3696f91f-ced0-4ad4-81f2-ded5fd4b6787', NULL, NULL, NULL, NULL, NULL, NULL, NULL),
	('eb140c2c-baf2-4012-b48c-f8eeca5efdd8', '2020-05-09 11:33:41', 'admin', 'admin', '2020-09-15 04:43:47', 'c2590dd1-eb4b-4b22-b12e-c30e02dd81d1', NULL, 'ẤP XẺO CHÍCH- THỊ TRẤN CHÂU HƯNG-VĨNH LỢI- BẠC LIÊU', 'S-0238', 'HỨA KIỀU DIỄM', '944872606', 'Sàng lọc cho phụ nữ mang thai', NULL, NULL, 'TRUNG TÂM Y TẾ HUYỆN VĨNH LỢI', NULL, 238, NULL, NULL, NULL, NULL, NULL, NULL, NULL, NULL, NULL, NULL, NULL, '3696f91f-ced0-4ad4-81f2-ded5fd4b6787', NULL, NULL, NULL, NULL, NULL, NULL, NULL),
	('eb77acb6-fb79-41a7-af63-e5bad1080609', '2020-05-09 10:29:42', 'admin', 'admin', '2020-09-15 04:43:47', 'aa1dd4b4-c773-4a39-80f3-670af6b13ebf', NULL, 'Quốc lộ 1A - Thị trấn Hòa Bình - huyện Hòa Bình, Bạc Liêu', 'S-0239', 'Lăng Hoài Hiếu', '0943143206', 'Sàng lọc cho phụ nữ mang thai', NULL, NULL, 'Trung tâm y tế huyện Hòa Bình', NULL, 239, NULL, NULL, NULL, NULL, NULL, NULL, NULL, NULL, NULL, NULL, NULL, '3696f91f-ced0-4ad4-81f2-ded5fd4b6787', NULL, NULL, NULL, NULL, NULL, NULL, NULL),
	('efa637f1-0d9c-4a65-b1b7-d97ce0e64b85', '2020-05-09 15:35:12', 'admin', 'admin', '2020-09-15 04:43:47', 'aec0b954-7704-4dbf-9cca-b99510103a99', NULL, '	QL 91 Phụng Thạnh I, P Thốt Nốt, Q Thốt Nốt, TP Cần Thơ		', 'S-0240', 'Trần Anh Tuấn	', '0918.147.121', 'Sàng lọc cho phụ nữ mang thai', NULL, NULL, 'BVĐK Quận Thốt Nốt	', NULL, 240, NULL, NULL, NULL, NULL, NULL, NULL, NULL, NULL, NULL, NULL, NULL, '3696f91f-ced0-4ad4-81f2-ded5fd4b6787', NULL, NULL, NULL, NULL, NULL, NULL, NULL),
	('efce7224-6a01-4a2f-8416-80135451ceaa', '2020-05-09 10:06:33', 'admin', 'admin', '2020-09-15 04:43:47', 'ca2d91b1-10c0-4e49-b654-b4068889e761', NULL, '274 NGUYỄN TRỌNG TUYỂN P8, Q PHÚ NHUẬN, TPHCM', 'S-0241', 'THIỀU QUANG VINH', '0903373273', 'Sàng lọc cho phụ nữ mang thai', NULL, NULL, 'BỆNH VIỆN QUẬN PHÚ NHUẬN', NULL, 241, NULL, NULL, NULL, NULL, NULL, NULL, NULL, NULL, NULL, NULL, NULL, '3696f91f-ced0-4ad4-81f2-ded5fd4b6787', NULL, NULL, NULL, NULL, NULL, NULL, NULL),
	('f0452ae1-47de-4b8b-b02f-58fa70666ddb', '2020-05-09 09:13:00', 'admin', 'admin', '2020-09-15 04:43:47', '88a7c02a-9433-4a0a-acd9-2256706222cc', NULL, '06 Nguyễn Huệ, Phường 3, Thành phố Bạc Liêu, Tỉnh Bạc Liêu', 'S-0242', 'Trịnh Hữu Nhân', '0916190591', 'Trống', NULL, NULL, 'Bệnh viện đa khoa Bạc Liêu', NULL, 242, NULL, NULL, NULL, NULL, NULL, NULL, NULL, NULL, NULL, NULL, NULL, '3696f91f-ced0-4ad4-81f2-ded5fd4b6787', NULL, NULL, NULL, NULL, NULL, NULL, NULL),
	('f0a73979-4303-4f04-aac6-f2931a7fd631', '2020-05-09 15:06:16', 'admin', 'admin', '2020-09-15 04:43:47', '93186566-a663-43c9-88f6-9b1a2d2d6f82', NULL, 'HaNoi', 'S-0243', 'TRẦN MINH HẬU', '0906320890', 'Sàng lọc cho phụ nữ mang thai	', 'ducthongthe98@gmail.com', NULL, 'TRUNG TÂM Y TẾ HUYỆN CHÂU THÀNH TỈNH TN', 'Cán bộ phòng xét nghiệm', 243, NULL, NULL, NULL, NULL, NULL, NULL, NULL, NULL, '1992', '1', NULL, '6f37b42f-70c8-47cd-bed4-fb124c06314e', NULL, NULL, NULL, NULL, NULL, NULL, NULL),
	('f144c84c-9470-4a0b-b444-bda261d0bec5', '2020-05-09 09:29:49', 'admin', 'admin', '2020-09-15 04:43:47', '41a070f2-dc8c-42d4-a16d-7d958cf1d7ce', NULL, 'Đường số 14 - Khu Vực 4 - Phường 3 - TP Vị Thanh - Hậu Giang.', 'S-0244', 'Hà Tấn Bình Đẳng', '0939325959', 'Chẩn đoán nhiễm HIV', NULL, NULL, 'Trung tâm PC HIV/AIDS Hậu Giang', NULL, 244, NULL, NULL, NULL, NULL, NULL, NULL, NULL, NULL, NULL, NULL, NULL, '3696f91f-ced0-4ad4-81f2-ded5fd4b6787', NULL, NULL, NULL, NULL, NULL, NULL, NULL),
	('f147e097-2789-4627-846d-b3ce23327f72', '2020-05-09 14:46:37', 'admin', 'admin', '2020-09-15 04:43:47', 'c7e63663-6295-4c6a-98b0-826bef6db418', NULL, '72 Nguyễn Tri Tôn', 'S-0245', 'Nguyễn Thị Xuân Thủy', '914565986', NULL, NULL, NULL, 'Trung Tâm Y Tế Huyện Tri Tôn', NULL, 245, NULL, NULL, NULL, NULL, NULL, NULL, NULL, NULL, NULL, NULL, NULL, '3696f91f-ced0-4ad4-81f2-ded5fd4b6787', NULL, NULL, NULL, NULL, NULL, NULL, NULL),
	('f1cba45b-d61d-4436-96aa-94e20ef01303', '2020-05-09 09:44:19', 'admin', 'admin', '2020-09-15 04:43:47', '86434c45-3814-4e23-b107-2eb472cc2856', NULL, 'Số 80 Trương Phùng Xuân, Khóm 5, thị trấn Đầm Dơi, Đầm Dơi, Cà Mau', 'S-0246', 'Trần Kim Xua', '914678749', 'An toàn truyền máu', NULL, NULL, 'BẸNH VIỆN ĐA KHOA ĐẦM DƠI, CÀ MAU', NULL, 246, NULL, NULL, NULL, NULL, NULL, NULL, NULL, NULL, NULL, NULL, NULL, '3696f91f-ced0-4ad4-81f2-ded5fd4b6787', NULL, NULL, NULL, NULL, NULL, NULL, NULL),
	('f38e3949-da9d-4a1d-a4b2-f448f3c6045b', '2020-05-09 10:29:21', 'admin', 'admin', '2020-09-15 04:43:47', '9140bf85-ef4c-41f2-a842-37b5ab475cb8', NULL, 'Ấp Phước Hòa B, Thị Trấn Cù Lao Dung, huyện Cù Lao Dung, Tỉnh Sóc Trăng', 'S-0247', 'Trần Hiệp Lữ', '976983590', 'Sàng lọc cho phụ nữ mang thai', NULL, NULL, 'Trung Tâm Y tế Huyện Cù Lao Dung', NULL, 247, NULL, NULL, NULL, NULL, NULL, NULL, NULL, NULL, NULL, NULL, NULL, '3696f91f-ced0-4ad4-81f2-ded5fd4b6787', NULL, NULL, NULL, NULL, NULL, NULL, NULL),
	('f5f38d50-9ef0-40e2-ae2f-0eb5a7d1b7a8', '2020-05-09 10:21:19', 'admin', 'admin', '2020-09-15 04:43:47', '571585f0-cb98-4ba7-a162-329fe10a62e8', NULL, '332 TRƯỜNG CHINH , PHƯƠNG 13, QUẬN TÂN BÌNH', 'S-0248', 'PHAN THỊ HOÀNG', '0938378728', 'Chẩn đoán nhiễm HIV', NULL, NULL, 'TRUNG TÂM Y TẾ QUẬN TÂN BÌNH', NULL, 248, NULL, NULL, NULL, NULL, NULL, NULL, NULL, NULL, NULL, NULL, NULL, '3696f91f-ced0-4ad4-81f2-ded5fd4b6787', NULL, NULL, NULL, NULL, NULL, NULL, NULL),
	('f8da065b-c4eb-4590-b867-f2d41e232cf5', '2020-05-09 11:18:34', 'admin', 'admin', '2020-09-15 04:43:47', '8a6f2c6d-91dc-4309-b04c-032458416645', NULL, '90 Trần phú - Buôn ma thuột Đăklăk', 'S-0249', 'nguyễn thị nga', '0914 11 79 83', 'Xét nghiệm tiền phẫu', NULL, NULL, 'Bệnh viện Mắt Đăklăk', NULL, 249, NULL, NULL, NULL, NULL, NULL, NULL, NULL, NULL, NULL, NULL, NULL, '3696f91f-ced0-4ad4-81f2-ded5fd4b6787', NULL, NULL, NULL, NULL, NULL, NULL, NULL),
	('fb98b527-07f4-4e10-81a4-906f52504cd7', '2020-05-09 09:23:29', 'admin', 'admin', '2020-09-15 04:43:47', '3f86ce45-4a94-425c-aea6-cbd108343e55', NULL, '27, Điện Biên Phủ, Phường 6, TP Trà Vinh, Tỉnh Trà Vinh', 'S-0250', 'Thạch Ngọc Tiên', '000000000', 'Sàng lọc cho phụ nữ mang thai', NULL, NULL, 'BVĐK TỈNH TRÀ VINH', NULL, 250, NULL, NULL, NULL, NULL, NULL, NULL, NULL, NULL, NULL, NULL, NULL, '3696f91f-ced0-4ad4-81f2-ded5fd4b6787', NULL, NULL, NULL, NULL, NULL, NULL, NULL),
	('fd3feb14-b6ea-4e6c-bb74-32a2efcaef2a', '2020-05-09 14:50:57', 'admin', 'admin', '2020-09-15 04:43:47', '002a4539-ddec-4760-ad2f-2ad5773893d4', NULL, '65 đường cách mạng tháng 8, phường Tô Châu, TP. Hà Tiên', 'S-0251', 'LÊ THỊ DIỆP', '0977 764 883', 'Sàng lọc cho phụ nữ mang thai', NULL, NULL, 'TRUNG TÂM Y TẾ TP. HÀ TIÊN', NULL, 251, NULL, NULL, NULL, NULL, NULL, NULL, NULL, NULL, NULL, NULL, NULL, '3696f91f-ced0-4ad4-81f2-ded5fd4b6787', NULL, NULL, NULL, NULL, NULL, NULL, NULL),
	('fe106d48-16f8-44d9-877a-c91ec0ace8b5', '2020-05-09 10:20:06', 'admin', 'admin', '2020-09-15 04:43:47', 'b2aea6e0-3c42-4866-b35d-904c03f750fe', NULL, '131 Nguyễn Thái Sơn,P7,Gò Vấp', 'S-0252', 'Nguyễn Thị Thu Hà', '02835880007', 'Chẩn đoán nhiễm HIV', NULL, NULL, 'TRUNG TÂM Y TẾ QUẬN GÒ VẤP', NULL, 252, NULL, NULL, NULL, NULL, NULL, NULL, NULL, NULL, NULL, NULL, NULL, '3696f91f-ced0-4ad4-81f2-ded5fd4b6787', NULL, NULL, NULL, NULL, NULL, NULL, NULL),
	('fe21d8a8-c829-4cb3-9e3d-d1d13918482a', '2020-05-09 15:04:06', 'admin', 'admin', '2020-09-15 04:43:47', '64419296-fa7d-45ad-89dc-13d071866772', NULL, '28,  Nghĩa Sĩ Cần Giuộc -huyện Cần Giuộc - tỉnh Long An		', 'S-0253', 'Đặng Nguyễn Kim Ngân', '774184383', '		', NULL, NULL, 'TTYT Cần Giuộc - huyện Cần Giuộc - tỉnh Long An', NULL, 253, NULL, NULL, NULL, NULL, NULL, NULL, NULL, NULL, NULL, NULL, NULL, '3696f91f-ced0-4ad4-81f2-ded5fd4b6787', NULL, NULL, NULL, NULL, NULL, NULL, NULL);
/*!40000 ALTER TABLE `tbl_eqa_health_org` ENABLE KEYS */;

-- Dumping structure for table eqa_blank.tbl_eqa_health_org_level
CREATE TABLE IF NOT EXISTS `tbl_eqa_health_org_level` (
  `id` varchar(255) NOT NULL,
  `create_date` datetime NOT NULL,
  `created_by` varchar(100) NOT NULL,
  `modified_by` varchar(100) DEFAULT NULL,
  `modify_date` datetime DEFAULT NULL,
  `uuid_key` varchar(255) DEFAULT NULL,
  `voided` bit(1) DEFAULT NULL,
  `code` varchar(255) DEFAULT NULL,
  `description` varchar(255) DEFAULT NULL,
  `name` varchar(255) DEFAULT NULL,
  PRIMARY KEY (`id`)
) ENGINE=InnoDB DEFAULT CHARSET=utf8;

-- Dumping data for table eqa_blank.tbl_eqa_health_org_level: ~5 rows (approximately)
/*!40000 ALTER TABLE `tbl_eqa_health_org_level` DISABLE KEYS */;
INSERT INTO `tbl_eqa_health_org_level` (`id`, `create_date`, `created_by`, `modified_by`, `modify_date`, `uuid_key`, `voided`, `code`, `description`, `name`) VALUES
	('52c71cf7-b0d6-4738-873b-9291ef4ff4c2', '2020-08-21 10:16:58', 'admin', 'admin', '2020-08-21 10:16:58', '9c9f48c3-3437-4798-aa88-9165a4884701', NULL, 'LV-003', 'An toàn sinh học cấp độ 3', 'An toàn sinh học cấp độ 3'),
	('7ff99d00-9367-402a-b142-489ed3d028af', '2020-08-21 10:15:39', 'admin', 'admin', '2020-08-21 10:16:23', 'f2b7452c-5e7a-4545-8833-a2eeac65f003', NULL, 'LV-001', 'An toàn sinh học cấp độ 1', 'An toàn sinh học cấp độ 1'),
	('91142869-91a2-486d-b3f2-2055a018e169', '2020-09-09 16:00:14', 'admin', 'admin', '2020-09-09 16:00:23', '90ff3123-1254-40fe-9b12-bb1a0c79adc0', NULL, 'LV-05', 'An toàn sinh học cấp độ 5', 'An toàn sinh học cấp đọ 5'),
	('a3ab4bf6-708f-41b5-bfab-d529caf5805f', '2020-08-21 10:17:17', 'admin', 'admin', '2020-08-21 10:17:17', '90ff8494-47e5-40fe-9b1d-bb1f0c79adc0', NULL, 'LV-004', 'An toàn sinh học cấp độ 4', 'An toàn sinh học cấp độ 4'),
	('bd3ce6cd-d946-4de9-82c6-a83e589a0fd0', '2020-08-21 10:16:35', 'admin', 'admin', '2020-08-21 10:16:35', '2301e7f6-1eaa-4b57-8f4d-f08eb999e0e8', NULL, 'LV-002', 'An toàn sinh học cấp độ 2', 'An toàn sinh học cấp độ 2');
/*!40000 ALTER TABLE `tbl_eqa_health_org_level` ENABLE KEYS */;

-- Dumping structure for table eqa_blank.tbl_eqa_health_org_type
CREATE TABLE IF NOT EXISTS `tbl_eqa_health_org_type` (
  `id` varchar(255) NOT NULL,
  `create_date` datetime NOT NULL,
  `created_by` varchar(100) NOT NULL,
  `modified_by` varchar(100) DEFAULT NULL,
  `modify_date` datetime DEFAULT NULL,
  `uuid_key` varchar(255) DEFAULT NULL,
  `voided` bit(1) DEFAULT NULL,
  `code` varchar(255) DEFAULT NULL,
  `description` varchar(255) DEFAULT NULL,
  `name` varchar(255) DEFAULT NULL,
  PRIMARY KEY (`id`)
) ENGINE=InnoDB DEFAULT CHARSET=utf8;

-- Dumping data for table eqa_blank.tbl_eqa_health_org_type: ~5 rows (approximately)
/*!40000 ALTER TABLE `tbl_eqa_health_org_type` DISABLE KEYS */;
INSERT INTO `tbl_eqa_health_org_type` (`id`, `create_date`, `created_by`, `modified_by`, `modify_date`, `uuid_key`, `voided`, `code`, `description`, `name`) VALUES
	('3696f91f-ced0-4ad4-81f2-ded5fd4b6787', '2020-08-21 10:07:42', 'admin', 'admin', '2020-08-21 10:07:42', 'b8bcff53-38ae-49a5-837e-81fc3345d195', NULL, 'LDV-005', 'Đơn vị xét nghiệm trung tâm', 'Đơn vị xét nghiệm trung tâm'),
	('63dc5568-67e5-4795-a590-3d731ca4dea2', '2020-08-21 10:04:09', 'admin', 'admin', '2020-08-21 10:04:09', '80e610e9-c41c-495b-a2ad-696b8ab44669', NULL, 'LDV-002', 'Tư nhân', 'Tư nhân'),
	('6f37b42f-70c8-47cd-bed4-fb124c06314e', '2020-08-21 10:04:35', 'admin', 'admin', '2020-09-12 04:50:00', 'c8f4e372-c618-4640-b9e6-e07fb918132b', NULL, 'LDV-003', 'Kiểm Tra', 'Kiểm tra'),
	('7f906f59-7d9f-4def-a281-fc904e37c7dd', '2020-08-21 10:06:55', 'admin', 'admin', '2020-08-21 10:06:55', '50e89c27-b896-4579-9941-3fbe932a4672', NULL, 'LDV-004', 'Xét nghiệm tư nhân', 'Xét nghiệm tư nhân'),
	('fc9587f4-cbd6-475c-bb42-3f3ff75eb566', '2020-08-21 10:02:58', 'admin', 'admin', '2020-08-21 10:02:58', '705486aa-a3a7-411e-b7bd-41f446f10300', NULL, 'LDV-001', 'Nhà nước', 'Nhà nước');
/*!40000 ALTER TABLE `tbl_eqa_health_org_type` ENABLE KEYS */;

-- Dumping structure for table eqa_blank.tbl_eqa_planning
CREATE TABLE IF NOT EXISTS `tbl_eqa_planning` (
  `id` varchar(255) NOT NULL,
  `create_date` datetime NOT NULL,
  `created_by` varchar(100) NOT NULL,
  `modified_by` varchar(100) DEFAULT NULL,
  `modify_date` datetime DEFAULT NULL,
  `uuid_key` varchar(255) DEFAULT NULL,
  `voided` bit(1) DEFAULT NULL,
  `code` varchar(255) DEFAULT NULL,
  `end_date` datetime DEFAULT NULL,
  `fee` double DEFAULT NULL,
  `name` varchar(255) DEFAULT NULL,
  `number_of_round` int(11) DEFAULT NULL,
  `objectives` varchar(255) DEFAULT NULL,
  `start_date` datetime DEFAULT NULL,
  `type` varchar(255) DEFAULT NULL,
  `year` int(11) DEFAULT NULL,
  PRIMARY KEY (`id`)
) ENGINE=InnoDB DEFAULT CHARSET=utf8;

-- Dumping data for table eqa_blank.tbl_eqa_planning: ~0 rows (approximately)
/*!40000 ALTER TABLE `tbl_eqa_planning` DISABLE KEYS */;
/*!40000 ALTER TABLE `tbl_eqa_planning` ENABLE KEYS */;

-- Dumping structure for table eqa_blank.tbl_eqa_qualification
CREATE TABLE IF NOT EXISTS `tbl_eqa_qualification` (
  `id` varchar(255) NOT NULL,
  `create_date` datetime NOT NULL,
  `created_by` varchar(100) NOT NULL,
  `modified_by` varchar(100) DEFAULT NULL,
  `modify_date` datetime DEFAULT NULL,
  `uuid_key` varchar(255) DEFAULT NULL,
  `voided` bit(1) DEFAULT NULL,
  `code` varchar(255) DEFAULT NULL,
  `description` varchar(255) DEFAULT NULL,
  `name` varchar(255) DEFAULT NULL,
  PRIMARY KEY (`id`)
) ENGINE=InnoDB DEFAULT CHARSET=utf8;

-- Dumping data for table eqa_blank.tbl_eqa_qualification: ~6 rows (approximately)
/*!40000 ALTER TABLE `tbl_eqa_qualification` DISABLE KEYS */;
INSERT INTO `tbl_eqa_qualification` (`id`, `create_date`, `created_by`, `modified_by`, `modify_date`, `uuid_key`, `voided`, `code`, `description`, `name`) VALUES
	('0edb58d1-f591-4342-888f-44836af50a57', '2020-08-21 10:09:55', 'admin', 'admin', '2020-08-21 10:09:55', '015c6d2c-7d23-4cfc-bc5e-d455e28c630b', NULL, 'TDCM-002', 'Tiến sĩ', 'Tiến sĩ'),
	('19f27f52-bb5b-4135-a15f-d7b17e56a19c', '2020-08-21 10:12:06', 'admin', 'admin', '2020-08-21 10:12:06', '058ac25f-1a01-4d3e-8410-5e519cb375c8', NULL, 'TDCM-006', 'Cao đẳng', 'Cao đẳng'),
	('96820c55-bf7e-4218-9a99-9c8c61a2aac2', '2020-08-21 10:11:46', 'admin', 'admin', '2020-08-21 10:11:46', '84c4a505-18e9-45ea-8f60-fee5237952b9', NULL, 'TDCM-005', 'Kỹ sư', 'Kỹ sư'),
	('a0a75e97-ebf4-4606-a910-5dd7ec647fa3', '2020-09-09 03:19:26', 'admin', 'admin', '2020-09-09 03:19:26', 'fb58f362-6ecb-4def-922e-52b671b91ecd', NULL, 'TDCM-007', 'Thực tập sinh', 'Thực tập sinh'),
	('d338321d-94c5-4f2e-996d-ed922be5c441', '2020-08-21 10:10:49', 'admin', 'admin', '2020-08-21 10:11:02', '2e14cdfe-b9a8-46f2-9b7a-897747b14196', NULL, 'TDCM-004', 'Cử nhân', 'Cử nhân'),
	('ed70a80a-92da-46ab-b404-ec96bdb6af83', '2020-08-21 10:09:27', 'admin', 'admin', '2020-08-21 10:09:27', 'a6a43745-77dd-43a3-8ae5-614005de04d8', NULL, 'TDCM-001', 'Tiến sĩ khoa học', 'Tiến sĩ khoa học');
/*!40000 ALTER TABLE `tbl_eqa_qualification` ENABLE KEYS */;

-- Dumping structure for table eqa_blank.tbl_eqa_reagent
CREATE TABLE IF NOT EXISTS `tbl_eqa_reagent` (
  `id` varchar(255) NOT NULL,
  `create_date` datetime NOT NULL,
  `created_by` varchar(100) NOT NULL,
  `modified_by` varchar(100) DEFAULT NULL,
  `modify_date` datetime DEFAULT NULL,
  `uuid_key` varchar(255) DEFAULT NULL,
  `voided` bit(1) DEFAULT NULL,
  `active_ingredients` varchar(255) DEFAULT NULL,
  `code` varchar(255) DEFAULT NULL,
  `date_of_issue` datetime DEFAULT NULL,
  `description` varchar(255) DEFAULT NULL,
  `dosage_forms` varchar(255) DEFAULT NULL,
  `expiration_date` datetime DEFAULT NULL,
  `health_department_directory` bit(1) DEFAULT NULL,
  `name` varchar(255) DEFAULT NULL,
  `packing` varchar(255) DEFAULT NULL,
  `production_facility_name` varchar(255) DEFAULT NULL,
  `registered_facility_name` varchar(255) DEFAULT NULL,
  `registration_number` varchar(255) DEFAULT NULL,
  PRIMARY KEY (`id`)
) ENGINE=InnoDB DEFAULT CHARSET=utf8;

-- Dumping data for table eqa_blank.tbl_eqa_reagent: ~0 rows (approximately)
/*!40000 ALTER TABLE `tbl_eqa_reagent` DISABLE KEYS */;
/*!40000 ALTER TABLE `tbl_eqa_reagent` ENABLE KEYS */;

-- Dumping structure for table eqa_blank.tbl_eqa_result_report
CREATE TABLE IF NOT EXISTS `tbl_eqa_result_report` (
  `id` varchar(255) NOT NULL,
  `create_date` datetime NOT NULL,
  `created_by` varchar(100) NOT NULL,
  `modified_by` varchar(100) DEFAULT NULL,
  `modify_date` datetime DEFAULT NULL,
  `uuid_key` varchar(255) DEFAULT NULL,
  `voided` bit(1) DEFAULT NULL,
  `incubation_period` int(11) DEFAULT NULL,
  `incubation_period_with_plus` int(11) DEFAULT NULL,
  `incubation_period_with_substrate` int(11) DEFAULT NULL,
  `incubation_temp` double DEFAULT NULL,
  `incubation_temp_with_plus` double DEFAULT NULL,
  `incubation_temp_with_substrate` double DEFAULT NULL,
  `is_using_c_test` bit(1) DEFAULT NULL,
  `is_using_control_line` bit(1) DEFAULT NULL,
  `is_using_iqc` bit(1) DEFAULT NULL,
  `note` varchar(255) DEFAULT NULL,
  `order_test` int(11) DEFAULT NULL,
  `person_buy_reagent` varchar(255) DEFAULT NULL,
  `reagent_expiry_date` datetime DEFAULT NULL,
  `reagent_lot` varchar(255) DEFAULT NULL,
  `reagent_used_date` datetime DEFAULT NULL,
  `shaking_method` varchar(255) DEFAULT NULL,
  `shaking_number` int(11) DEFAULT NULL,
  `shaking_times` int(11) DEFAULT NULL,
  `supply_of_reagent` varchar(255) DEFAULT NULL,
  `test_date` datetime DEFAULT NULL,
  `time_to_result` int(11) DEFAULT NULL,
  `total_check_value` int(11) DEFAULT NULL,
  `type_method` int(11) DEFAULT NULL,
  `health_org_round_id` varchar(255) DEFAULT NULL,
  `reagent_id` varchar(255) DEFAULT NULL,
  `technician_id` varchar(255) DEFAULT NULL,
  `test_method_id` varchar(255) DEFAULT NULL,
  `test_purpose_id` varchar(255) DEFAULT NULL,
  PRIMARY KEY (`id`),
  KEY `FKoa17sdjtljh9vy9tw0he3unof` (`health_org_round_id`),
  KEY `FKiaehd155y2o1gf4myyeyhoapg` (`reagent_id`),
  KEY `FKbp7v0gpav5b3xyct1i3iacdr9` (`technician_id`),
  KEY `FK322v59ko010aet5kpvh783iuc` (`test_method_id`),
  KEY `FK6ec8wagtw5u15dlfcfjkxw6ux` (`test_purpose_id`),
  CONSTRAINT `FK322v59ko010aet5kpvh783iuc` FOREIGN KEY (`test_method_id`) REFERENCES `tbl_eqa_test_method` (`id`),
  CONSTRAINT `FK6ec8wagtw5u15dlfcfjkxw6ux` FOREIGN KEY (`test_purpose_id`) REFERENCES `tbl_eqa_test_purpose` (`id`),
  CONSTRAINT `FKbp7v0gpav5b3xyct1i3iacdr9` FOREIGN KEY (`technician_id`) REFERENCES `tbl_eqa_technician` (`id`),
  CONSTRAINT `FKiaehd155y2o1gf4myyeyhoapg` FOREIGN KEY (`reagent_id`) REFERENCES `tbl_eqa_reagent` (`id`),
  CONSTRAINT `FKoa17sdjtljh9vy9tw0he3unof` FOREIGN KEY (`health_org_round_id`) REFERENCES `tbl_health_org_eqaround` (`id`)
) ENGINE=InnoDB DEFAULT CHARSET=utf8;

-- Dumping data for table eqa_blank.tbl_eqa_result_report: ~0 rows (approximately)
/*!40000 ALTER TABLE `tbl_eqa_result_report` DISABLE KEYS */;
/*!40000 ALTER TABLE `tbl_eqa_result_report` ENABLE KEYS */;

-- Dumping structure for table eqa_blank.tbl_eqa_result_report_detail
CREATE TABLE IF NOT EXISTS `tbl_eqa_result_report_detail` (
  `id` varchar(255) NOT NULL,
  `create_date` datetime NOT NULL,
  `created_by` varchar(100) NOT NULL,
  `modified_by` varchar(100) DEFAULT NULL,
  `modify_date` datetime DEFAULT NULL,
  `uuid_key` varchar(255) DEFAULT NULL,
  `voided` bit(1) DEFAULT NULL,
  `agglomeration` int(11) DEFAULT NULL,
  `c_line` int(11) DEFAULT NULL,
  `check_value` int(11) DEFAULT NULL,
  `cut_off` double DEFAULT NULL,
  `note` varchar(255) DEFAULT NULL,
  `od_value` double DEFAULT NULL,
  `order_number` int(11) DEFAULT NULL,
  `ratio_od_and_cut_off` double DEFAULT NULL,
  `result` int(11) DEFAULT NULL,
  `s_co_value` double DEFAULT NULL,
  `t_line` int(11) DEFAULT NULL,
  `test_value` int(11) DEFAULT NULL,
  `result_report_id` varchar(255) DEFAULT NULL,
  `sample_tube_id` varchar(255) DEFAULT NULL,
  PRIMARY KEY (`id`),
  KEY `FKw3vclcm3c26k71ms4pc0iuer` (`result_report_id`),
  KEY `FKpu021hrofb216ex47n7juqffq` (`sample_tube_id`),
  CONSTRAINT `FKpu021hrofb216ex47n7juqffq` FOREIGN KEY (`sample_tube_id`) REFERENCES `tbl_eqa_sample_tube` (`id`),
  CONSTRAINT `FKw3vclcm3c26k71ms4pc0iuer` FOREIGN KEY (`result_report_id`) REFERENCES `tbl_eqa_result_report` (`id`)
) ENGINE=InnoDB DEFAULT CHARSET=utf8;

-- Dumping data for table eqa_blank.tbl_eqa_result_report_detail: ~0 rows (approximately)
/*!40000 ALTER TABLE `tbl_eqa_result_report_detail` DISABLE KEYS */;
/*!40000 ALTER TABLE `tbl_eqa_result_report_detail` ENABLE KEYS */;

-- Dumping structure for table eqa_blank.tbl_eqa_result_report_detail_obs
CREATE TABLE IF NOT EXISTS `tbl_eqa_result_report_detail_obs` (
  `id` varchar(255) NOT NULL,
  `result_report_detail_id` varchar(255) DEFAULT NULL,
  PRIMARY KEY (`id`),
  KEY `FKfykexlmm3pbf083r2esi5fvby` (`result_report_detail_id`),
  CONSTRAINT `FKfykexlmm3pbf083r2esi5fvby` FOREIGN KEY (`result_report_detail_id`) REFERENCES `tbl_eqa_result_report_detail` (`id`)
) ENGINE=InnoDB DEFAULT CHARSET=utf8;

-- Dumping data for table eqa_blank.tbl_eqa_result_report_detail_obs: ~0 rows (approximately)
/*!40000 ALTER TABLE `tbl_eqa_result_report_detail_obs` DISABLE KEYS */;
/*!40000 ALTER TABLE `tbl_eqa_result_report_detail_obs` ENABLE KEYS */;

-- Dumping structure for table eqa_blank.tbl_eqa_round
CREATE TABLE IF NOT EXISTS `tbl_eqa_round` (
  `id` varchar(255) NOT NULL,
  `create_date` datetime NOT NULL,
  `created_by` varchar(100) NOT NULL,
  `modified_by` varchar(100) DEFAULT NULL,
  `modify_date` datetime DEFAULT NULL,
  `uuid_key` varchar(255) DEFAULT NULL,
  `voided` bit(1) DEFAULT NULL,
  `code` varchar(255) DEFAULT NULL,
  `end_date` datetime DEFAULT NULL,
  `is_active` bit(1) DEFAULT NULL,
  `name` varchar(255) DEFAULT NULL,
  `order_number` int(11) DEFAULT NULL,
  `registration_expiry_date` datetime DEFAULT NULL,
  `registration_start_date` datetime DEFAULT NULL,
  `sample_submission_deadline` datetime DEFAULT NULL,
  `start_date` datetime DEFAULT NULL,
  `eqa_planning_id` varchar(255) DEFAULT NULL,
  PRIMARY KEY (`id`),
  KEY `FK63iukg44l1urf423cihegyhh7` (`eqa_planning_id`),
  CONSTRAINT `FK63iukg44l1urf423cihegyhh7` FOREIGN KEY (`eqa_planning_id`) REFERENCES `tbl_eqa_planning` (`id`)
) ENGINE=InnoDB DEFAULT CHARSET=utf8;

-- Dumping data for table eqa_blank.tbl_eqa_round: ~0 rows (approximately)
/*!40000 ALTER TABLE `tbl_eqa_round` DISABLE KEYS */;
/*!40000 ALTER TABLE `tbl_eqa_round` ENABLE KEYS */;

-- Dumping structure for table eqa_blank.tbl_eqa_sample
CREATE TABLE IF NOT EXISTS `tbl_eqa_sample` (
  `id` varchar(255) NOT NULL,
  `create_date` datetime NOT NULL,
  `created_by` varchar(100) NOT NULL,
  `modified_by` varchar(100) DEFAULT NULL,
  `modify_date` datetime DEFAULT NULL,
  `uuid_key` varchar(255) DEFAULT NULL,
  `voided` bit(1) DEFAULT NULL,
  `additive_thrombin` double DEFAULT NULL,
  `centrifuge_date` datetime DEFAULT NULL,
  `code` varchar(255) DEFAULT NULL,
  `dilution` int(11) DEFAULT NULL,
  `inactive_virus` bit(1) DEFAULT NULL,
  `name` varchar(255) DEFAULT NULL,
  `note` varchar(255) DEFAULT NULL,
  `order_number` int(11) DEFAULT NULL,
  `remove_fibrin_date` datetime DEFAULT NULL,
  `result` int(11) DEFAULT NULL,
  `thrombin_added_date` datetime DEFAULT NULL,
  `volume_after_centrifuge` double DEFAULT NULL,
  `volume_after_remove_fibrin` double DEFAULT NULL,
  `volume_of_proclin_added` double DEFAULT NULL,
  `eqa_round_id` varchar(255) DEFAULT NULL,
  PRIMARY KEY (`id`),
  KEY `FKedgw7dj5ire3om18uayak8aj` (`eqa_round_id`),
  CONSTRAINT `FKedgw7dj5ire3om18uayak8aj` FOREIGN KEY (`eqa_round_id`) REFERENCES `tbl_eqa_round` (`id`)
) ENGINE=InnoDB DEFAULT CHARSET=utf8;

-- Dumping data for table eqa_blank.tbl_eqa_sample: ~0 rows (approximately)
/*!40000 ALTER TABLE `tbl_eqa_sample` DISABLE KEYS */;
/*!40000 ALTER TABLE `tbl_eqa_sample` ENABLE KEYS */;

-- Dumping structure for table eqa_blank.tbl_eqa_sample_bottle
CREATE TABLE IF NOT EXISTS `tbl_eqa_sample_bottle` (
  `id` varchar(255) NOT NULL,
  `create_date` datetime NOT NULL,
  `created_by` varchar(100) NOT NULL,
  `modified_by` varchar(100) DEFAULT NULL,
  `modify_date` datetime DEFAULT NULL,
  `uuid_key` varchar(255) DEFAULT NULL,
  `voided` bit(1) DEFAULT NULL,
  `eqa_sample_id` varchar(255) DEFAULT NULL,
  `eqa_serum_bottle_id` varchar(255) DEFAULT NULL,
  `eqa_sample_bottle_id` varchar(255) DEFAULT NULL,
  PRIMARY KEY (`id`),
  KEY `FKsv3q2pvqqhpj5ml2sxp8w4sgs` (`eqa_sample_id`),
  KEY `FK57x6k9b6qf8asj8m3dpfqi6sl` (`eqa_serum_bottle_id`),
  KEY `FKcnug754fyg4hyctaje8axisfc` (`eqa_sample_bottle_id`),
  CONSTRAINT `FK57x6k9b6qf8asj8m3dpfqi6sl` FOREIGN KEY (`eqa_serum_bottle_id`) REFERENCES `tbl_eqa_serum_bottle` (`id`),
  CONSTRAINT `FKcnug754fyg4hyctaje8axisfc` FOREIGN KEY (`eqa_sample_bottle_id`) REFERENCES `tbl_eqa_serum_bottle` (`id`),
  CONSTRAINT `FKsv3q2pvqqhpj5ml2sxp8w4sgs` FOREIGN KEY (`eqa_sample_id`) REFERENCES `tbl_eqa_sample` (`id`)
) ENGINE=InnoDB DEFAULT CHARSET=utf8;

-- Dumping data for table eqa_blank.tbl_eqa_sample_bottle: ~0 rows (approximately)
/*!40000 ALTER TABLE `tbl_eqa_sample_bottle` DISABLE KEYS */;
/*!40000 ALTER TABLE `tbl_eqa_sample_bottle` ENABLE KEYS */;

-- Dumping structure for table eqa_blank.tbl_eqa_sample_set
CREATE TABLE IF NOT EXISTS `tbl_eqa_sample_set` (
  `id` varchar(255) NOT NULL,
  `create_date` datetime NOT NULL,
  `created_by` varchar(100) NOT NULL,
  `modified_by` varchar(100) DEFAULT NULL,
  `modify_date` datetime DEFAULT NULL,
  `uuid_key` varchar(255) DEFAULT NULL,
  `voided` bit(1) DEFAULT NULL,
  `code` varchar(255) DEFAULT NULL,
  `name` varchar(255) DEFAULT NULL,
  `eqa_round_id` varchar(255) DEFAULT NULL,
  PRIMARY KEY (`id`),
  KEY `FKkgwxoanrx9sh7f4kwkn7dc3xi` (`eqa_round_id`),
  CONSTRAINT `FKkgwxoanrx9sh7f4kwkn7dc3xi` FOREIGN KEY (`eqa_round_id`) REFERENCES `tbl_eqa_round` (`id`)
) ENGINE=InnoDB DEFAULT CHARSET=utf8;

-- Dumping data for table eqa_blank.tbl_eqa_sample_set: ~0 rows (approximately)
/*!40000 ALTER TABLE `tbl_eqa_sample_set` DISABLE KEYS */;
/*!40000 ALTER TABLE `tbl_eqa_sample_set` ENABLE KEYS */;

-- Dumping structure for table eqa_blank.tbl_eqa_sample_set_detail
CREATE TABLE IF NOT EXISTS `tbl_eqa_sample_set_detail` (
  `id` varchar(255) NOT NULL,
  `create_date` datetime NOT NULL,
  `created_by` varchar(100) NOT NULL,
  `modified_by` varchar(100) DEFAULT NULL,
  `modify_date` datetime DEFAULT NULL,
  `uuid_key` varchar(255) DEFAULT NULL,
  `voided` bit(1) DEFAULT NULL,
  `code` varchar(255) DEFAULT NULL,
  `name` varchar(255) DEFAULT NULL,
  `order_number` int(11) DEFAULT NULL,
  `eqa_sample_id` varchar(255) DEFAULT NULL,
  `eqa_sample_set_id` varchar(255) DEFAULT NULL,
  PRIMARY KEY (`id`),
  KEY `FKi6i1vrby92f0jtpya1wkmhvlr` (`eqa_sample_id`),
  KEY `FKklatwlelyav6ed5uj2fa4vn5r` (`eqa_sample_set_id`),
  CONSTRAINT `FKi6i1vrby92f0jtpya1wkmhvlr` FOREIGN KEY (`eqa_sample_id`) REFERENCES `tbl_eqa_sample` (`id`),
  CONSTRAINT `FKklatwlelyav6ed5uj2fa4vn5r` FOREIGN KEY (`eqa_sample_set_id`) REFERENCES `tbl_eqa_sample_set` (`id`)
) ENGINE=InnoDB DEFAULT CHARSET=utf8;

-- Dumping data for table eqa_blank.tbl_eqa_sample_set_detail: ~0 rows (approximately)
/*!40000 ALTER TABLE `tbl_eqa_sample_set_detail` DISABLE KEYS */;
/*!40000 ALTER TABLE `tbl_eqa_sample_set_detail` ENABLE KEYS */;

-- Dumping structure for table eqa_blank.tbl_eqa_sample_tube
CREATE TABLE IF NOT EXISTS `tbl_eqa_sample_tube` (
  `id` varchar(255) NOT NULL,
  `create_date` datetime NOT NULL,
  `created_by` varchar(100) NOT NULL,
  `modified_by` varchar(100) DEFAULT NULL,
  `modify_date` datetime DEFAULT NULL,
  `uuid_key` varchar(255) DEFAULT NULL,
  `voided` bit(1) DEFAULT NULL,
  `code` varchar(255) DEFAULT NULL,
  `last_result_from_lab` int(11) DEFAULT NULL,
  `name` varchar(255) DEFAULT NULL,
  `note` varchar(255) DEFAULT NULL,
  `status` int(11) DEFAULT NULL,
  `type` int(11) DEFAULT NULL,
  `volume` double DEFAULT NULL,
  `eqa_round_id` varchar(255) DEFAULT NULL,
  `eqa_sample_id` varchar(255) DEFAULT NULL,
  `eqa_sample_bottle_id` varchar(255) DEFAULT NULL,
  `health_org_id` varchar(255) DEFAULT NULL,
  `health_org_round_id` varchar(255) DEFAULT NULL,
  `sample_set_detail_id` varchar(255) DEFAULT NULL,
  PRIMARY KEY (`id`),
  KEY `FKemwu2wg09fn7tel0k4x5h8iqc` (`eqa_round_id`),
  KEY `FK3emahxkf8wuk9fcf1rocqibnm` (`eqa_sample_id`),
  KEY `FKtpph95gl4gtd0t1wbet5k3cpw` (`eqa_sample_bottle_id`),
  KEY `FK6hybvev7yas8dd4nnbicch1s2` (`health_org_id`),
  KEY `FKg85en76u3kd7l6ttacaquo0oa` (`health_org_round_id`),
  KEY `FKkcu9vcioab8vjq8ilv5dhfx7f` (`sample_set_detail_id`),
  CONSTRAINT `FK3emahxkf8wuk9fcf1rocqibnm` FOREIGN KEY (`eqa_sample_id`) REFERENCES `tbl_eqa_sample` (`id`),
  CONSTRAINT `FK6hybvev7yas8dd4nnbicch1s2` FOREIGN KEY (`health_org_id`) REFERENCES `tbl_eqa_health_org` (`id`),
  CONSTRAINT `FKemwu2wg09fn7tel0k4x5h8iqc` FOREIGN KEY (`eqa_round_id`) REFERENCES `tbl_eqa_round` (`id`),
  CONSTRAINT `FKg85en76u3kd7l6ttacaquo0oa` FOREIGN KEY (`health_org_round_id`) REFERENCES `tbl_health_org_eqaround` (`id`),
  CONSTRAINT `FKkcu9vcioab8vjq8ilv5dhfx7f` FOREIGN KEY (`sample_set_detail_id`) REFERENCES `tbl_eqa_sample_set_detail` (`id`),
  CONSTRAINT `FKtpph95gl4gtd0t1wbet5k3cpw` FOREIGN KEY (`eqa_sample_bottle_id`) REFERENCES `tbl_eqa_serum_bottle` (`id`)
) ENGINE=InnoDB DEFAULT CHARSET=utf8;

-- Dumping data for table eqa_blank.tbl_eqa_sample_tube: ~0 rows (approximately)
/*!40000 ALTER TABLE `tbl_eqa_sample_tube` DISABLE KEYS */;
/*!40000 ALTER TABLE `tbl_eqa_sample_tube` ENABLE KEYS */;

-- Dumping structure for table eqa_blank.tbl_eqa_serum_bank
CREATE TABLE IF NOT EXISTS `tbl_eqa_serum_bank` (
  `id` varchar(255) NOT NULL,
  `create_date` datetime NOT NULL,
  `created_by` varchar(100) NOT NULL,
  `modified_by` varchar(100) DEFAULT NULL,
  `modify_date` datetime DEFAULT NULL,
  `uuid_key` varchar(255) DEFAULT NULL,
  `voided` bit(1) DEFAULT NULL,
  `dialysis` bit(1) DEFAULT NULL,
  `has_high_speed_centrifugal` bit(1) DEFAULT NULL,
  `has_lipit` bit(1) DEFAULT NULL,
  `hemolysis` bit(1) DEFAULT NULL,
  `hepatitis_B_status` int(11) DEFAULT NULL,
  `hepatitis_C_status` int(11) DEFAULT NULL,
  `hiv_status` int(11) DEFAULT NULL,
  `inactivated` bit(1) DEFAULT NULL,
  `lab_code` varchar(255) DEFAULT NULL,
  `name` varchar(255) DEFAULT NULL,
  `number_bottle` int(11) DEFAULT NULL,
  `order_number` int(11) DEFAULT NULL,
  `original_code` varchar(255) DEFAULT NULL,
  `original_volume` double DEFAULT NULL,
  `present_volume` double DEFAULT NULL,
  `quality` int(11) DEFAULT NULL,
  `receive_date` datetime DEFAULT NULL,
  `sampled_date` datetime DEFAULT NULL,
  `serum_code` varchar(255) DEFAULT NULL,
  `store_location` varchar(255) DEFAULT NULL,
  `type` int(11) DEFAULT NULL,
  PRIMARY KEY (`id`)
) ENGINE=InnoDB DEFAULT CHARSET=utf8;

-- Dumping data for table eqa_blank.tbl_eqa_serum_bank: ~0 rows (approximately)
/*!40000 ALTER TABLE `tbl_eqa_serum_bank` DISABLE KEYS */;
/*!40000 ALTER TABLE `tbl_eqa_serum_bank` ENABLE KEYS */;

-- Dumping structure for table eqa_blank.tbl_eqa_serum_bottle
CREATE TABLE IF NOT EXISTS `tbl_eqa_serum_bottle` (
  `id` varchar(255) NOT NULL,
  `create_date` datetime NOT NULL,
  `created_by` varchar(100) NOT NULL,
  `modified_by` varchar(100) DEFAULT NULL,
  `modify_date` datetime DEFAULT NULL,
  `uuid_key` varchar(255) DEFAULT NULL,
  `voided` bit(1) DEFAULT NULL,
  `bottle_quality` varchar(255) DEFAULT NULL,
  `bottle_volume` double DEFAULT NULL,
  `code` varchar(255) DEFAULT NULL,
  `local_save_bottle` int(11) DEFAULT NULL,
  `original_status` int(11) DEFAULT NULL,
  `eqa_serum_bank_id` varchar(255) DEFAULT NULL,
  PRIMARY KEY (`id`),
  KEY `FK7wqvrval7jvvjr2k8x1xpk4lx` (`eqa_serum_bank_id`),
  CONSTRAINT `FK7wqvrval7jvvjr2k8x1xpk4lx` FOREIGN KEY (`eqa_serum_bank_id`) REFERENCES `tbl_eqa_serum_bank` (`id`)
) ENGINE=InnoDB DEFAULT CHARSET=utf8;

-- Dumping data for table eqa_blank.tbl_eqa_serum_bottle: ~0 rows (approximately)
/*!40000 ALTER TABLE `tbl_eqa_serum_bottle` DISABLE KEYS */;
/*!40000 ALTER TABLE `tbl_eqa_serum_bottle` ENABLE KEYS */;

-- Dumping structure for table eqa_blank.tbl_eqa_technician
CREATE TABLE IF NOT EXISTS `tbl_eqa_technician` (
  `id` varchar(255) NOT NULL,
  `health_org_id` varchar(255) DEFAULT NULL,
  `qualification_id` varchar(255) DEFAULT NULL,
  PRIMARY KEY (`id`),
  KEY `FK8habuxggtv62oq6c1n2v7fw3b` (`health_org_id`),
  KEY `FK7gcqu4q5vs3tc2qmngvn4qowo` (`qualification_id`),
  CONSTRAINT `FK7gcqu4q5vs3tc2qmngvn4qowo` FOREIGN KEY (`qualification_id`) REFERENCES `tbl_eqa_qualification` (`id`),
  CONSTRAINT `FK8habuxggtv62oq6c1n2v7fw3b` FOREIGN KEY (`health_org_id`) REFERENCES `tbl_eqa_health_org` (`id`)
) ENGINE=InnoDB DEFAULT CHARSET=utf8;

-- Dumping data for table eqa_blank.tbl_eqa_technician: ~0 rows (approximately)
/*!40000 ALTER TABLE `tbl_eqa_technician` DISABLE KEYS */;
/*!40000 ALTER TABLE `tbl_eqa_technician` ENABLE KEYS */;

-- Dumping structure for table eqa_blank.tbl_eqa_test_method
CREATE TABLE IF NOT EXISTS `tbl_eqa_test_method` (
  `id` varchar(255) NOT NULL,
  `create_date` datetime NOT NULL,
  `created_by` varchar(100) NOT NULL,
  `modified_by` varchar(100) DEFAULT NULL,
  `modify_date` datetime DEFAULT NULL,
  `uuid_key` varchar(255) DEFAULT NULL,
  `voided` bit(1) DEFAULT NULL,
  `code` varchar(255) DEFAULT NULL,
  `description` varchar(255) DEFAULT NULL,
  `name` varchar(255) DEFAULT NULL,
  PRIMARY KEY (`id`)
) ENGINE=InnoDB DEFAULT CHARSET=utf8;

-- Dumping data for table eqa_blank.tbl_eqa_test_method: ~0 rows (approximately)
/*!40000 ALTER TABLE `tbl_eqa_test_method` DISABLE KEYS */;
/*!40000 ALTER TABLE `tbl_eqa_test_method` ENABLE KEYS */;

-- Dumping structure for table eqa_blank.tbl_eqa_test_method_criteria
CREATE TABLE IF NOT EXISTS `tbl_eqa_test_method_criteria` (
  `id` varchar(255) NOT NULL,
  `create_date` datetime NOT NULL,
  `created_by` varchar(100) NOT NULL,
  `modified_by` varchar(100) DEFAULT NULL,
  `modify_date` datetime DEFAULT NULL,
  `uuid_key` varchar(255) DEFAULT NULL,
  `voided` bit(1) DEFAULT NULL,
  `concept_id` varchar(255) DEFAULT NULL,
  `test_method_id` varchar(255) DEFAULT NULL,
  PRIMARY KEY (`id`),
  KEY `FKioxhyxv2nb87xw7mmd3acr3hj` (`concept_id`),
  KEY `FKq3wm6whq6dwxl17w66ynnyg44` (`test_method_id`),
  CONSTRAINT `FKioxhyxv2nb87xw7mmd3acr3hj` FOREIGN KEY (`concept_id`) REFERENCES `tbl_concept` (`id`),
  CONSTRAINT `FKq3wm6whq6dwxl17w66ynnyg44` FOREIGN KEY (`test_method_id`) REFERENCES `tbl_eqa_test_method` (`id`)
) ENGINE=InnoDB DEFAULT CHARSET=utf8;

-- Dumping data for table eqa_blank.tbl_eqa_test_method_criteria: ~0 rows (approximately)
/*!40000 ALTER TABLE `tbl_eqa_test_method_criteria` DISABLE KEYS */;
/*!40000 ALTER TABLE `tbl_eqa_test_method_criteria` ENABLE KEYS */;

-- Dumping structure for table eqa_blank.tbl_eqa_test_purpose
CREATE TABLE IF NOT EXISTS `tbl_eqa_test_purpose` (
  `id` varchar(255) NOT NULL,
  `create_date` datetime NOT NULL,
  `created_by` varchar(100) NOT NULL,
  `modified_by` varchar(100) DEFAULT NULL,
  `modify_date` datetime DEFAULT NULL,
  `uuid_key` varchar(255) DEFAULT NULL,
  `voided` bit(1) DEFAULT NULL,
  `code` varchar(255) DEFAULT NULL,
  `description` varchar(255) DEFAULT NULL,
  `name` varchar(255) DEFAULT NULL,
  PRIMARY KEY (`id`)
) ENGINE=InnoDB DEFAULT CHARSET=utf8;

-- Dumping data for table eqa_blank.tbl_eqa_test_purpose: ~0 rows (approximately)
/*!40000 ALTER TABLE `tbl_eqa_test_purpose` DISABLE KEYS */;
/*!40000 ALTER TABLE `tbl_eqa_test_purpose` ENABLE KEYS */;

-- Dumping structure for table eqa_blank.tbl_ethnics
CREATE TABLE IF NOT EXISTS `tbl_ethnics` (
  `id` varchar(255) NOT NULL,
  `create_date` datetime NOT NULL,
  `created_by` varchar(100) NOT NULL,
  `modified_by` varchar(100) DEFAULT NULL,
  `modify_date` datetime DEFAULT NULL,
  `uuid_key` varchar(255) DEFAULT NULL,
  `voided` bit(1) DEFAULT NULL,
  `code` varchar(255) DEFAULT NULL,
  `description` varchar(255) DEFAULT NULL,
  `name` varchar(255) DEFAULT NULL,
  PRIMARY KEY (`id`)
) ENGINE=InnoDB DEFAULT CHARSET=utf8;

-- Dumping data for table eqa_blank.tbl_ethnics: ~0 rows (approximately)
/*!40000 ALTER TABLE `tbl_ethnics` DISABLE KEYS */;
/*!40000 ALTER TABLE `tbl_ethnics` ENABLE KEYS */;

-- Dumping structure for table eqa_blank.tbl_file_description
CREATE TABLE IF NOT EXISTS `tbl_file_description` (
  `id` varchar(255) NOT NULL,
  `create_date` datetime NOT NULL,
  `created_by` varchar(100) NOT NULL,
  `modified_by` varchar(100) DEFAULT NULL,
  `modify_date` datetime DEFAULT NULL,
  `uuid_key` varchar(255) DEFAULT NULL,
  `voided` bit(1) DEFAULT NULL,
  `content_size` bigint(20) DEFAULT NULL,
  `content_type` varchar(255) DEFAULT NULL,
  `extension` varchar(255) DEFAULT NULL,
  `file_path` varchar(255) DEFAULT NULL,
  `name` varchar(255) DEFAULT NULL,
  PRIMARY KEY (`id`)
) ENGINE=InnoDB DEFAULT CHARSET=utf8;

-- Dumping data for table eqa_blank.tbl_file_description: ~0 rows (approximately)
/*!40000 ALTER TABLE `tbl_file_description` DISABLE KEYS */;
/*!40000 ALTER TABLE `tbl_file_description` ENABLE KEYS */;

-- Dumping structure for table eqa_blank.tbl_fiscal_year
CREATE TABLE IF NOT EXISTS `tbl_fiscal_year` (
  `id` varchar(255) NOT NULL,
  `create_date` datetime NOT NULL,
  `created_by` varchar(100) NOT NULL,
  `modified_by` varchar(100) DEFAULT NULL,
  `modify_date` datetime DEFAULT NULL,
  `uuid_key` varchar(255) DEFAULT NULL,
  `voided` bit(1) DEFAULT NULL,
  `code` varchar(255) DEFAULT NULL,
  `description` varchar(255) DEFAULT NULL,
  `end_date` datetime DEFAULT NULL,
  `name` varchar(255) DEFAULT NULL,
  `start_date` datetime DEFAULT NULL,
  `year` int(11) DEFAULT NULL,
  PRIMARY KEY (`id`)
) ENGINE=InnoDB DEFAULT CHARSET=utf8;

-- Dumping data for table eqa_blank.tbl_fiscal_year: ~0 rows (approximately)
/*!40000 ALTER TABLE `tbl_fiscal_year` DISABLE KEYS */;
/*!40000 ALTER TABLE `tbl_fiscal_year` ENABLE KEYS */;

-- Dumping structure for table eqa_blank.tbl_global_property
CREATE TABLE IF NOT EXISTS `tbl_global_property` (
  `property` varchar(255) NOT NULL,
  `create_date` datetime NOT NULL,
  `created_by` varchar(100) NOT NULL,
  `modified_by` varchar(100) DEFAULT NULL,
  `modify_date` datetime DEFAULT NULL,
  `data_type_name` varchar(255) DEFAULT NULL,
  `description` varchar(255) DEFAULT NULL,
  `property_name` varchar(255) DEFAULT NULL,
  `property_value` varchar(255) DEFAULT NULL,
  PRIMARY KEY (`property`)
) ENGINE=InnoDB DEFAULT CHARSET=utf8;

-- Dumping data for table eqa_blank.tbl_global_property: ~0 rows (approximately)
/*!40000 ALTER TABLE `tbl_global_property` DISABLE KEYS */;
/*!40000 ALTER TABLE `tbl_global_property` ENABLE KEYS */;

-- Dumping structure for table eqa_blank.tbl_health_org_eqaround
CREATE TABLE IF NOT EXISTS `tbl_health_org_eqaround` (
  `id` varchar(255) NOT NULL,
  `create_date` datetime NOT NULL,
  `created_by` varchar(100) NOT NULL,
  `modified_by` varchar(100) DEFAULT NULL,
  `modify_date` datetime DEFAULT NULL,
  `uuid_key` varchar(255) DEFAULT NULL,
  `voided` bit(1) DEFAULT NULL,
  `delivery_date` datetime DEFAULT NULL,
  `fee` int(11) DEFAULT NULL,
  `has_result` bit(1) DEFAULT NULL,
  `sample_transfer_status` int(11) DEFAULT NULL,
  `shipping_unit` varchar(255) DEFAULT NULL,
  `status` int(11) DEFAULT NULL,
  `health_org_id` varchar(255) DEFAULT NULL,
  `eqa_round_id` varchar(255) DEFAULT NULL,
  `eqa_sample_set_id` varchar(255) DEFAULT NULL,
  PRIMARY KEY (`id`),
  KEY `FKk6t5k4bi2pulogesnyavkq92m` (`health_org_id`),
  KEY `FKpos1yr6du04rlv7ayjxy015bt` (`eqa_round_id`),
  KEY `FKgxqr6vtjc2ouyec99sehg7t3n` (`eqa_sample_set_id`),
  CONSTRAINT `FKgxqr6vtjc2ouyec99sehg7t3n` FOREIGN KEY (`eqa_sample_set_id`) REFERENCES `tbl_eqa_sample_set` (`id`),
  CONSTRAINT `FKk6t5k4bi2pulogesnyavkq92m` FOREIGN KEY (`health_org_id`) REFERENCES `tbl_eqa_health_org` (`id`),
  CONSTRAINT `FKpos1yr6du04rlv7ayjxy015bt` FOREIGN KEY (`eqa_round_id`) REFERENCES `tbl_eqa_round` (`id`)
) ENGINE=InnoDB DEFAULT CHARSET=utf8;

-- Dumping data for table eqa_blank.tbl_health_org_eqaround: ~0 rows (approximately)
/*!40000 ALTER TABLE `tbl_health_org_eqaround` DISABLE KEYS */;
/*!40000 ALTER TABLE `tbl_health_org_eqaround` ENABLE KEYS */;

-- Dumping structure for table eqa_blank.tbl_location
CREATE TABLE IF NOT EXISTS `tbl_location` (
  `id` varchar(255) NOT NULL,
  `create_date` datetime NOT NULL,
  `created_by` varchar(100) NOT NULL,
  `modified_by` varchar(100) DEFAULT NULL,
  `modify_date` datetime DEFAULT NULL,
  `uuid_key` varchar(255) DEFAULT NULL,
  `voided` bit(1) DEFAULT NULL,
  `code` varchar(255) DEFAULT NULL,
  `latitude` double DEFAULT NULL,
  `longitude` double DEFAULT NULL,
  `name` varchar(255) DEFAULT NULL,
  PRIMARY KEY (`id`)
) ENGINE=InnoDB DEFAULT CHARSET=utf8;

-- Dumping data for table eqa_blank.tbl_location: ~0 rows (approximately)
/*!40000 ALTER TABLE `tbl_location` DISABLE KEYS */;
/*!40000 ALTER TABLE `tbl_location` ENABLE KEYS */;

-- Dumping structure for table eqa_blank.tbl_menu_item
CREATE TABLE IF NOT EXISTS `tbl_menu_item` (
  `id` varchar(255) NOT NULL,
  `create_date` datetime NOT NULL,
  `created_by` varchar(100) NOT NULL,
  `modified_by` varchar(100) DEFAULT NULL,
  `modify_date` datetime DEFAULT NULL,
  `uuid_key` varchar(255) DEFAULT NULL,
  `voided` bit(1) DEFAULT NULL,
  `code` varchar(255) DEFAULT NULL,
  `description` varchar(255) DEFAULT NULL,
  `icon` varchar(255) DEFAULT NULL,
  `name` varchar(255) DEFAULT NULL,
  `path` varchar(255) DEFAULT NULL,
  `view_index` int(11) DEFAULT NULL,
  `org_id` varchar(255) DEFAULT NULL,
  `parent_id` varchar(255) DEFAULT NULL,
  PRIMARY KEY (`id`),
  KEY `FKeegues76jye98asby5igrhra9` (`org_id`),
  KEY `FK42v4jk7kjndixt6821esf90vg` (`parent_id`),
  CONSTRAINT `FK42v4jk7kjndixt6821esf90vg` FOREIGN KEY (`parent_id`) REFERENCES `tbl_menu_item` (`id`),
  CONSTRAINT `FKeegues76jye98asby5igrhra9` FOREIGN KEY (`org_id`) REFERENCES `tbl_organization` (`id`)
) ENGINE=InnoDB DEFAULT CHARSET=utf8;

-- Dumping data for table eqa_blank.tbl_menu_item: ~39 rows (approximately)
/*!40000 ALTER TABLE `tbl_menu_item` DISABLE KEYS */;
INSERT INTO `tbl_menu_item` (`id`, `create_date`, `created_by`, `modified_by`, `modify_date`, `uuid_key`, `voided`, `code`, `description`, `icon`, `name`, `path`, `view_index`, `org_id`, `parent_id`) VALUES
	('055ac81a-c1ae-4660-bffc-3df726617a79', '2020-09-10 04:00:34', 'admin', 'admin', '2020-09-10 04:00:34', '51e7c2bf-19cf-4b54-8d98-f4f0d4eda25a', NULL, '008', 'Kỹ thuật viên', 'T', 'Technician.title', 'dashboard/technician', NULL, NULL, NULL),
	('0617decc-00cf-4958-b008-116a08b34934', '2020-09-10 02:41:53', 'admin', 'admin', '2020-09-10 02:41:53', '7e8efd6f-d0ae-41b4-87f9-cfaae1fa728e', NULL, '002', 'Quản lý mẫu', 'dashboard', 'SampleManagement.title', '""', NULL, NULL, NULL),
	('0e74bc92-d500-4406-8b74-6fda9e2c5c1b', '2020-09-10 03:40:46', 'admin', 'admin', '2020-09-10 03:40:46', 'c8b25fb3-696b-4877-8c25-1ff5c226d217', NULL, '009.005', 'Sinh phẩm', 'R', 'reagent.title', 'dashboard/reagent', NULL, NULL, '62ddd047-7c2c-4c75-8081-ac97d4b1d342'),
	('14c16b5a-576c-4da2-88e5-96b4fe745a64', '2020-09-09 10:31:35', 'admin', 'admin', '2020-09-10 03:26:01', 'd4c54b7c-93af-482f-b16a-62b6de128c24', NULL, '011', 'Quản lý ', 'engineering', 'Dashboard.manage', '""', NULL, NULL, NULL),
	('17b78c69-2db9-48d1-b675-427bf805f79b', '2020-09-10 03:24:07', 'admin', 'admin', '2020-09-10 03:24:07', 'aaf5a0c1-9cfb-461e-9e98-e72f6cefc340', NULL, '004', 'Phân bổ mẫu', 'dashboard', 'AllocationSampleSet.title', 'sample/allocation_sampleSet', NULL, NULL, NULL),
	('1d6d3505-d6b6-4379-9448-48967a69eafb', '2020-09-10 03:45:44', 'admin', 'admin', '2020-09-10 03:45:44', '3a2b6e31-2772-4c81-a2eb-8edc9dcff0ca', NULL, '009.010', 'Kỹ thuật viên', 'T', 'Technician.title', 'dashboard/technician', NULL, NULL, '62ddd047-7c2c-4c75-8081-ac97d4b1d342'),
	('1deeb5c5-4b9c-481e-bdb7-f894e7ee5306', '2020-09-10 03:38:36', 'admin', 'admin', '2020-09-10 03:38:36', '751ffcb9-8561-42b4-bec5-00b0aa74ca2f', NULL, '009.003', 'Trình độ chuyên môn', 'Q', 'Qualification.title', 'dashboard/qualification', NULL, NULL, '62ddd047-7c2c-4c75-8081-ac97d4b1d342'),
	('1f194d60-36c7-41ee-9f5e-7029b967b2a6', '2020-09-10 02:46:32', 'admin', 'admin', '2020-09-10 02:46:32', 'd220f1f5-b6e2-4455-9e4f-c823471e9dd3', NULL, '002.004', 'Quản lý mẫu', 'S', 'SampleManagement.set-management', 'sample/eqa_sample_set', NULL, NULL, '0617decc-00cf-4958-b008-116a08b34934'),
	('26031c57-efc7-4b95-94ef-5e0b9ebf46db', '2020-09-10 03:48:58', 'admin', 'admin', '2020-09-10 03:48:58', 'fea12ec5-164c-4ead-95cc-1643e6cbd66f', NULL, '010', 'Kết quả -  báo cáo', 'dashboard', 'ReportResult.title', '""', NULL, NULL, NULL),
	('2c1412d3-c76b-40f7-bf1d-848e9a10ea55', '2020-09-09 10:35:12', 'admin', 'admin', '2020-09-10 04:06:46', '1a1f024d-2870-489a-8ccb-4061919ed87d', NULL, '011.003', 'Quản lý menu', 'dashboard', 'manage.menu', 'list/menu', NULL, NULL, '14c16b5a-576c-4da2-88e5-96b4fe745a64'),
	('327140ab-1eb3-423a-9f2a-58a77bb48dc9', '2020-09-10 03:31:14', 'admin', 'admin', '2020-09-10 03:31:27', 'e6e116df-68f3-46a0-a7ad-c9062e6cf8ca', NULL, '006.004', 'Kết quả xét nghiệm điện quang', 'dashboard', 'EQAResultReportEclia.title', 'result-report/eclia', NULL, NULL, 'a1dd0d60-7584-4aa4-8892-68b479bbc9ee'),
	('3293b9fd-d42a-4557-8263-6731395317ab', '2020-09-10 03:42:46', 'admin', 'admin', '2020-09-10 03:42:46', '450b243f-f95b-40f8-b35b-d027fef92db7', NULL, '009.007', 'Kế hoạch ngoại kiểm', 'K', 'EQAPlanning.title', 'dashboard/eqaplanning', NULL, NULL, '62ddd047-7c2c-4c75-8081-ac97d4b1d342'),
	('337a98d0-9b80-46cc-8a5c-fd66e301fc15', '2020-09-10 03:34:22', 'admin', 'admin', '2020-09-10 03:34:22', '28677a47-96cd-4834-a86e-dd17b5aa9606', NULL, '008', 'KQXN các đơn vị', 'dashboard', 'EQAResultReportConclusionAll.title', 'result-report/conclusionAll', NULL, NULL, NULL),
	('50c67629-61f5-49c6-a8d0-060ced758d1f', '2020-09-10 04:03:32', 'admin', 'admin', '2020-09-10 04:03:51', '55d38ca7-4945-4f8c-a37a-79e11c8e1463', NULL, '011.001', 'Quản lý quyền', 'dashboard', 'role.title', 'user_manager/role', NULL, NULL, '14c16b5a-576c-4da2-88e5-96b4fe745a64'),
	('523377f3-4cd0-4d37-ace9-ed03a05e2be3', '2020-09-09 10:30:03', 'admin', 'admin', '2020-09-09 10:30:03', '7ea4ddf9-87d2-4f5a-b2de-34810e34a69e', NULL, '001', 'Trang chủ', 'dashboard', 'Dashboard.dashboard', 'dashboard/analytics', NULL, NULL, NULL),
	('5c8fb4c1-baae-4c16-a37b-7bf6425ee54a', '2020-09-10 03:39:54', 'admin', 'admin', '2020-09-10 03:39:54', '5cc76cfa-94e4-438a-b42f-7fd3275f4de7', NULL, '009.004', 'Cấp độ phòng xét nghiệm', 'L', 'HealthOrgLevel.title', 'dashboard/health_org_level', NULL, NULL, '62ddd047-7c2c-4c75-8081-ac97d4b1d342'),
	('62ddd047-7c2c-4c75-8081-ac97d4b1d342', '2020-09-10 03:35:19', 'admin', 'admin', '2020-09-10 03:35:19', '582ef415-2654-4b77-8db5-d1d797e8f045', NULL, '009', 'Danh mục', 'list', 'category', '""', NULL, NULL, NULL),
	('73f736d7-9e87-41b7-a3ea-59d79a7f63c4', '2020-09-10 03:41:40', 'admin', 'admin', '2020-09-10 03:41:40', 'fd519fb6-d471-48d4-9872-aae0b4d459c5', NULL, '009.006', 'Mục đích xét nghiệm', 'R', 'TestPurpose.title', 'dashboard/test_purpose', NULL, NULL, '62ddd047-7c2c-4c75-8081-ac97d4b1d342'),
	('75237a44-2fba-4a3f-a0d5-c641c73bb3a6', '2020-09-10 02:44:07', 'admin', 'admin', '2020-09-10 02:44:07', '6cfb841d-7563-4ced-ae93-b20b2ed564c3', NULL, '002.002', 'Danh mục ống chia', 'M', 'SampleManagement.serum-bottle.title', 'sample/serum_bottle', NULL, NULL, '0617decc-00cf-4958-b008-116a08b34934'),
	('753f4dc9-910c-4134-ba86-0eb90f5d3e0d', '2020-09-10 03:46:46', 'admin', 'admin', '2020-09-10 03:46:46', 'fe1b1bf5-e7c3-47da-ac9d-2738aeecd9a8', NULL, '009.011', 'Đơn vị hành chính', 'AU', 'AdministrativeUnit.title', 'dashboard/AdministrativeUnits', NULL, NULL, '62ddd047-7c2c-4c75-8081-ac97d4b1d342'),
	('78f60281-182c-4312-b7b7-c400d673fd39', '2020-09-10 02:45:08', 'admin', 'admin', '2020-09-10 02:45:08', '5a424cea-b055-4b3d-be36-1bfaf13fad5b', NULL, '002.003', 'Danh sách mẫu', 'M', 'SampleManagement.sample-list.title', 'sample/sample-list', NULL, NULL, '0617decc-00cf-4958-b008-116a08b34934'),
	('796094a3-2b00-4738-aaa9-441a3fa3a9a7', '2020-09-10 03:59:49', 'admin', 'admin', '2020-09-10 03:59:49', 'ec67acf7-78d2-4a78-8fc1-620a8e295f0a', NULL, '007', 'Kết luận kết quả xét nghiệm', 'dashboard', 'EQAResultReportConclusion.title', 'result-report-conclusion', NULL, NULL, NULL),
	('87ffc061-a189-4966-9ada-82b480a8c5ef', '2020-09-10 03:58:36', 'admin', 'admin', '2020-09-10 03:58:36', '9c42b9ad-e0c1-42f4-976d-e7b94dbf9cce', NULL, '003', 'Tình trạng vận chuyển', 'dashboard', 'EQAHealthOrgSampleTransferStatus.title', 'sample_transfer_status', NULL, NULL, NULL),
	('8a629547-05db-4c0b-855b-4ff793792d46', '2020-09-09 10:33:11', 'admin', 'admin', '2020-09-10 04:06:37', 'e3a4fda4-5f2f-498c-9727-675c3f240be4', NULL, '011.002', 'Quản lý người dùng', 'dashboard', 'manage.user', 'user_manager/user', NULL, NULL, '14c16b5a-576c-4da2-88e5-96b4fe745a64'),
	('8a730206-ba94-44b3-9b92-f76341ea7db1', '2020-09-10 03:50:21', 'admin', 'admin', '2020-09-10 04:01:48', 'f8262ff2-7cea-4b81-82f9-51899fcf6518', NULL, '010.001', 'Kết quả xét nghiệm', 'K', 'ReportResult.result', '""', NULL, NULL, '26031c57-efc7-4b95-94ef-5e0b9ebf46db'),
	('8a7c5395-7a4d-47c4-8a4f-a28eeefb4378', '2020-09-10 03:28:09', 'admin', 'admin', '2020-09-10 03:28:09', '2625865b-1741-455b-a7b4-a60ae4bed94b', NULL, '006.002', 'Kết quả xét nghiệm test nhanh', 'dashboard', 'EQAResultReportFastTest.title', 'result-report/fast_test', NULL, NULL, 'a1dd0d60-7584-4aa4-8892-68b479bbc9ee'),
	('a068ac5c-42cd-4bf9-9124-39bbff59fc72', '2020-09-10 03:36:53', 'admin', 'admin', '2020-09-10 03:36:53', '31128368-b54f-4488-846f-d02055f2195b', NULL, '009.001', 'Loại đơn vị', 'U', 'EQAHealthOrgTypeTable.title', 'dashboard/eqa_health_org_type', NULL, NULL, '62ddd047-7c2c-4c75-8081-ac97d4b1d342'),
	('a1dd0d60-7584-4aa4-8892-68b479bbc9ee', '2020-09-10 03:25:49', 'admin', 'admin', '2020-09-10 03:25:49', 'da77942a-339e-4454-88bf-21eed4e80826', NULL, '006', 'Kết quả xét nghiệm', 'list', 'EqaResult.title', '""', NULL, NULL, NULL),
	('ac3fb590-eb81-4aed-9128-50ea00c72427', '2020-09-10 03:57:04', 'admin', 'admin', '2020-09-10 04:39:49', 'ef1f5dd5-1009-4725-9dc6-fbeed3609594', NULL, '002', 'Đăng kí tham gia', 'dashboard', 'EQAHealthOrgRoundRegister.title_unit', 'register/health_org_register_form', NULL, NULL, NULL),
	('ace11647-b8e5-476e-8495-5ea4e5b86cea', '2020-09-10 03:24:50', 'admin', 'admin', '2020-09-10 03:24:50', '1c7f72ac-c008-4fa9-a98a-690686b77740', NULL, '005', 'In nhãn các loại', 'dashboard', 'LabelPrinting.title', 'label-printing', NULL, NULL, NULL),
	('b1ef3d6d-ee4b-41fe-befc-c2614872087d', '2020-09-10 03:43:55', 'admin', 'admin', '2020-09-10 03:43:55', 'eccdc8e8-2298-48af-bd26-e5651710acc3', NULL, '009.008', 'Vòng ngoại kiểm', 'R', 'EQARound.title', 'dashboard/eqaround', NULL, NULL, '62ddd047-7c2c-4c75-8081-ac97d4b1d342'),
	('b2236dfc-8ae2-46f3-95b3-02add93199ad', '2020-09-10 03:23:08', 'admin', 'admin', '2020-09-10 03:23:08', 'c587f624-6199-45c5-8633-2574c760fe7d', NULL, '003', 'Danh sách đơn vị tham gia', 'dashboard', 'EQAHealthOrgRoundRegister.title', 'register/eqa_health_org_round_register', NULL, NULL, NULL),
	('b53c251c-d565-4202-8ad5-f8376892e5e0', '2020-09-10 03:33:20', 'admin', 'admin', '2020-09-10 03:33:20', 'ec8a1dc2-b5bd-407c-811b-503b23a5552a', NULL, '007', 'Tổng hợp KQXN', 'dashboard', 'EQARoundConclusions.title', 'round-conclusions', NULL, NULL, NULL),
	('c0ae5cca-2421-4537-a228-f795edc5067c', '2020-09-10 03:44:51', 'admin', 'admin', '2020-09-10 03:44:51', 'c406fede-e08e-40b2-b633-4f734e2c1857', NULL, '009.009', 'Lớp khái niệm', 'L', 'ConceptClass.title', 'dashboard/conceptClass', NULL, NULL, '62ddd047-7c2c-4c75-8081-ac97d4b1d342'),
	('c54b7cc3-dbfe-47c3-a25a-af2484112f29', '2020-09-10 03:51:40', 'admin', 'admin', '2020-09-10 03:51:40', 'f88fa230-33d0-4b69-9a3e-46599ff6cb6a', NULL, '010.001.001', 'Kết quả xét nghiệm các đơn vị', 'R', 'ReportResult.results_of_the_units', 'report_result/results_of_the_units', NULL, NULL, '8a730206-ba94-44b3-9b92-f76341ea7db1'),
	('ce5b145a-0c50-4e9b-aceb-27f95182c1cd', '2020-09-10 03:37:43', 'admin', 'admin', '2020-09-10 03:37:43', 'e8580eb5-b12e-4d6f-98c0-da29e31cc88d', NULL, '009.002', 'Đơn vị xét nghiệm', 'D', 'EQAHealthOrg.title', 'dashboard/eqa_health_org', NULL, NULL, '62ddd047-7c2c-4c75-8081-ac97d4b1d342'),
	('d7542c58-8f14-4d12-8430-8eeba204f604', '2020-09-10 03:27:02', 'admin', 'admin', '2020-09-10 03:27:02', '416e4c4f-33a0-490f-80b5-04011e088140', NULL, '006.001', 'Kết quả xét nghiệm elisa', 'dashboard', 'EQAResultReportElisa.title', 'result-report/elisa', NULL, NULL, 'a1dd0d60-7584-4aa4-8892-68b479bbc9ee'),
	('dab7f894-f63a-41f2-ae89-4d3cc5937c16', '2020-09-10 02:42:52', 'admin', 'admin', '2020-09-10 02:43:06', 'a9a18952-104a-4363-9466-582d7104c274', NULL, '002.001', 'Ngân hàng huyết thanh', 'N', 'SampleManagement.serum-banks', 'dashboard/eQASerumBank', NULL, NULL, '0617decc-00cf-4958-b008-116a08b34934'),
	('df1ed71d-4abe-4542-b01a-9cae2a3049a3', '2020-09-10 03:29:15', 'admin', 'admin', '2020-09-10 03:29:15', 'd4a7f99c-9c1c-4bcf-851e-6a036c4818d1', NULL, '006.003', 'Kết quả xét nghiệm Serodia', 'dashboard', 'EQAResultReportSerodia.title', 'result-report/serodia', NULL, NULL, 'a1dd0d60-7584-4aa4-8892-68b479bbc9ee');
/*!40000 ALTER TABLE `tbl_menu_item` ENABLE KEYS */;

-- Dumping structure for table eqa_blank.tbl_menu_item_role
CREATE TABLE IF NOT EXISTS `tbl_menu_item_role` (
  `id` varchar(255) NOT NULL,
  `create_date` datetime NOT NULL,
  `created_by` varchar(100) NOT NULL,
  `modified_by` varchar(100) DEFAULT NULL,
  `modify_date` datetime DEFAULT NULL,
  `uuid_key` varchar(255) DEFAULT NULL,
  `voided` bit(1) DEFAULT NULL,
  `item_id` varchar(255) DEFAULT NULL,
  `role_id` bigint(20) DEFAULT NULL,
  PRIMARY KEY (`id`),
  KEY `FK77gssjlupq262c7ijbt92qv6n` (`item_id`),
  KEY `FK6frsj9j1j2ko7av7mhe6xjdd9` (`role_id`),
  CONSTRAINT `FK6frsj9j1j2ko7av7mhe6xjdd9` FOREIGN KEY (`role_id`) REFERENCES `tbl_role` (`id`),
  CONSTRAINT `FK77gssjlupq262c7ijbt92qv6n` FOREIGN KEY (`item_id`) REFERENCES `tbl_menu_item` (`id`)
) ENGINE=InnoDB DEFAULT CHARSET=utf8;

-- Dumping data for table eqa_blank.tbl_menu_item_role: ~61 rows (approximately)
/*!40000 ALTER TABLE `tbl_menu_item_role` DISABLE KEYS */;
INSERT INTO `tbl_menu_item_role` (`id`, `create_date`, `created_by`, `modified_by`, `modify_date`, `uuid_key`, `voided`, `item_id`, `role_id`) VALUES
	('015850a6-2bf2-4f89-865b-798eecc28cab', '2020-09-10 04:00:34', 'admin', 'admin', '2020-09-10 04:00:34', '3f88b22b-b5f3-4e96-90ff-b65705ea3dd1', NULL, '055ac81a-c1ae-4660-bffc-3df726617a79', 3),
	('058e1ca1-9fb3-4817-a0f5-df7c4e1d8f55', '2020-09-10 03:28:09', 'admin', 'admin', '2020-09-10 03:28:09', '165f5433-9803-4faf-9f74-5ba1c442328e', NULL, '8a7c5395-7a4d-47c4-8a4f-a28eeefb4378', 1),
	('07397bd6-08e0-418e-ab17-0d246d33dc2b', '2020-09-09 10:31:35', 'admin', 'admin', '2020-09-09 10:31:35', '91ed41a6-0da6-4301-ab04-6bb9e3be8bac', NULL, '14c16b5a-576c-4da2-88e5-96b4fe745a64', 4),
	('0889bb7d-a773-47f0-be79-b22b099ce047', '2020-09-10 03:58:36', 'admin', 'admin', '2020-09-10 03:58:36', '3e0c8b46-f893-416c-a469-a4040f204190', NULL, '87ffc061-a189-4966-9ada-82b480a8c5ef', 3),
	('0a0b935c-7035-46fe-a858-b24df14b66ee', '2020-09-10 03:28:09', 'admin', 'admin', '2020-09-10 03:28:09', 'f3208921-8cf9-4b32-9609-720ab8991e5e', NULL, '8a7c5395-7a4d-47c4-8a4f-a28eeefb4378', 3),
	('0e084205-d663-4615-baa5-718888b33ca4', '2020-09-10 03:35:19', 'admin', 'admin', '2020-09-10 03:35:19', '1569dadb-d6ec-4cfd-922e-4c3ab287fd1c', NULL, '62ddd047-7c2c-4c75-8081-ac97d4b1d342', 1),
	('105c89db-6e06-4a95-b042-ee3cc7f8f0c8', '2020-09-10 03:59:49', 'admin', 'admin', '2020-09-10 03:59:49', 'eb854fa4-a274-4c2f-9c03-17c769e0c179', NULL, '796094a3-2b00-4738-aaa9-441a3fa3a9a7', 3),
	('1666ed25-c7a6-434f-a075-7619b055ad22', '2020-09-10 03:24:50', 'admin', 'admin', '2020-09-10 03:24:50', '504c4475-dc5c-45e3-88b8-22e27e76fbc7', NULL, 'ace11647-b8e5-476e-8495-5ea4e5b86cea', 1),
	('210d3589-ff46-4fa5-872e-0892047cd732', '2020-09-10 03:31:14', 'admin', 'admin', '2020-09-10 03:31:14', '076490c1-bdab-45d5-bc96-ab055c71a5f4', NULL, '327140ab-1eb3-423a-9f2a-58a77bb48dc9', 3),
	('211bf662-9234-4179-aed8-d8481dc562dd', '2020-09-10 03:29:15', 'admin', 'admin', '2020-09-10 03:29:15', '9f3b59d9-9b41-4ebd-8638-0d9f162fc8e6', NULL, 'df1ed71d-4abe-4542-b01a-9cae2a3049a3', 3),
	('261f1b06-32bd-4388-a2dc-356388aecbd9', '2020-09-10 03:48:58', 'admin', 'admin', '2020-09-10 03:48:58', '060e795a-e1f4-4bf0-b358-552ea2ce3b95', NULL, '26031c57-efc7-4b95-94ef-5e0b9ebf46db', 1),
	('26653086-e337-41c0-bec7-516958e8e034', '2020-09-10 03:27:13', 'admin', 'admin', '2020-09-10 03:27:13', 'c6487a79-f240-42b2-8537-025d3c2d2f87', NULL, 'a1dd0d60-7584-4aa4-8892-68b479bbc9ee', 3),
	('2683315c-8a40-43cb-bc4b-02af63a3e00e', '2020-09-10 03:41:40', 'admin', 'admin', '2020-09-10 03:41:40', '4c4363d4-5145-429e-bc3a-4f4bd3112484', NULL, '73f736d7-9e87-41b7-a3ea-59d79a7f63c4', 1),
	('36347e4f-8860-4a12-81dc-0bc87d4395f3', '2020-09-09 10:30:03', 'admin', 'admin', '2020-09-09 10:30:03', '52bc85d1-360b-48c2-b74d-1c34463e6d28', NULL, '523377f3-4cd0-4d37-ace9-ed03a05e2be3', 4),
	('3993aff0-938b-49d1-bd03-cfac2897b0c7', '2020-09-10 03:42:46', 'admin', 'admin', '2020-09-10 03:42:46', 'd9869595-34e8-4eed-9426-9b4657e61921', NULL, '3293b9fd-d42a-4557-8263-6731395317ab', 1),
	('3aecfbc1-7513-47ba-b432-c2b1d844442d', '2020-09-10 04:01:24', 'admin', 'admin', '2020-09-10 04:01:24', '42649ba4-b7d3-479c-a40a-aa4b486fc022', NULL, '8a730206-ba94-44b3-9b92-f76341ea7db1', 2),
	('3fda4504-17bf-4074-b212-e4ab6cc36dec', '2020-09-10 03:40:46', 'admin', 'admin', '2020-09-10 03:40:46', 'a8afa64b-eca1-4980-a8a7-6871adf1a478', NULL, '0e74bc92-d500-4406-8b74-6fda9e2c5c1b', 1),
	('486a110e-3572-464f-9e4d-4231d6b9c1f9', '2020-09-10 03:51:40', 'admin', 'admin', '2020-09-10 03:51:40', 'dbc3877a-c1c8-4ccd-9345-7053428ef340', NULL, 'c54b7cc3-dbfe-47c3-a25a-af2484112f29', 1),
	('487708c6-79fc-434d-adde-4b5b51e9158e', '2020-09-09 10:30:03', 'admin', 'admin', '2020-09-09 10:30:03', 'f8cd49cb-3260-467b-8d52-e810e9ef150c', NULL, '523377f3-4cd0-4d37-ace9-ed03a05e2be3', 2),
	('4ac0fc36-0105-4367-abec-faac9196ab70', '2020-09-10 03:45:44', 'admin', 'admin', '2020-09-10 03:45:44', '14a475d7-7891-49f8-b3c4-1e4084187559', NULL, '1d6d3505-d6b6-4379-9448-48967a69eafb', 1),
	('4bfe0722-44a7-4c13-9dcc-d2937e8d9f07', '2020-09-10 03:24:07', 'admin', 'admin', '2020-09-10 03:24:07', 'fa08ac7f-624a-465f-9363-0e08eddb443c', NULL, '17b78c69-2db9-48d1-b675-427bf805f79b', 1),
	('4d99916e-9dd3-4eff-84e5-761d3f74d3c3', '2020-09-10 03:27:13', 'admin', 'admin', '2020-09-10 03:27:13', 'b9024bbd-5c5d-456c-8906-b0946f1b96d4', NULL, 'a1dd0d60-7584-4aa4-8892-68b479bbc9ee', 2),
	('5367cc9d-f7e1-41af-bc11-f4ed26840f0f', '2020-09-10 03:50:21', 'admin', 'admin', '2020-09-10 03:50:21', 'fa30f7d8-3e5e-4275-b09a-907b6bcf388e', NULL, '8a730206-ba94-44b3-9b92-f76341ea7db1', 1),
	('5b568e00-4ccb-491d-9ae8-1fd872e77332', '2020-09-09 10:30:03', 'admin', 'admin', '2020-09-09 10:30:03', '3adc5423-0ff7-4eda-91d4-b43b3b333bc1', NULL, '523377f3-4cd0-4d37-ace9-ed03a05e2be3', 1),
	('5f2aca78-2246-41f1-89a0-06466df30afe', '2020-09-10 03:27:02', 'admin', 'admin', '2020-09-10 03:27:02', 'a848153f-2d46-4b30-9a2f-24fa4b99bc58', NULL, 'd7542c58-8f14-4d12-8430-8eeba204f604', 1),
	('5f6a1797-0e71-4973-a22d-a391853bd446', '2020-09-10 04:02:00', 'admin', 'admin', '2020-09-10 04:02:00', '11df151d-70e9-44a2-b97b-39dc5bc4d627', NULL, 'c54b7cc3-dbfe-47c3-a25a-af2484112f29', 2),
	('5fca1259-f6b1-4da7-8c82-9c3555b934a5', '2020-09-10 03:39:54', 'admin', 'admin', '2020-09-10 03:39:54', 'c7fc50fa-444b-4af5-99e1-3f2c0af6f92d', NULL, '5c8fb4c1-baae-4c16-a37b-7bf6425ee54a', 1),
	('676b9454-3f04-496a-b010-5643117f66d3', '2020-09-10 03:44:51', 'admin', 'admin', '2020-09-10 03:44:51', 'bf486585-d6e9-4a3f-9f29-8a8071bdd847', NULL, 'c0ae5cca-2421-4537-a228-f795edc5067c', 1),
	('70744fba-9c50-468d-b1f3-47e05a1da786', '2020-09-09 10:35:12', 'admin', 'admin', '2020-09-09 10:35:12', '7da1742c-0d93-446b-a9ea-ef6b45ab9096', NULL, '2c1412d3-c76b-40f7-bf1d-848e9a10ea55', 4),
	('718d6bf1-c633-4a22-bce3-ae02128f307e', '2020-09-10 03:46:46', 'admin', 'admin', '2020-09-10 03:46:46', 'e2dba108-e0ce-4181-8e60-0057446bd0ba', NULL, '753f4dc9-910c-4134-ba86-0eb90f5d3e0d', 1),
	('726d8828-747c-412f-85db-7e7fd33e6e57', '2020-09-10 02:45:08', 'admin', 'admin', '2020-09-10 02:45:08', 'b262b32e-51dd-4260-88c0-0020bbb4d7f4', NULL, '78f60281-182c-4312-b7b7-c400d673fd39', 1),
	('73da41bc-4829-4a06-af64-d8d80708c3b1', '2020-09-10 03:31:14', 'admin', 'admin', '2020-09-10 03:31:14', '85800b01-1713-4448-be41-cb9f247b075a', NULL, '327140ab-1eb3-423a-9f2a-58a77bb48dc9', 2),
	('7f124ab6-dff1-491d-86ab-717ab62fc11d', '2020-09-10 03:57:04', 'admin', 'admin', '2020-09-10 03:57:04', 'a32461ce-a6d7-4059-8e27-f45c77dd6208', NULL, 'ac3fb590-eb81-4aed-9128-50ea00c72427', 3),
	('8366ca74-66b0-4112-a9f6-20c32a0efcd5', '2020-09-10 03:25:49', 'admin', 'admin', '2020-09-10 03:25:49', 'ffa3a8d0-3790-4a42-b87e-eb75622abce3', NULL, 'a1dd0d60-7584-4aa4-8892-68b479bbc9ee', 1),
	('86bb13c7-49d7-432b-8ec4-9b866d3fe047', '2020-09-10 04:03:32', 'admin', 'admin', '2020-09-10 04:03:32', 'd7c42fc7-4293-4c2b-bf31-17ebe1010b66', NULL, '50c67629-61f5-49c6-a8d0-060ced758d1f', 1),
	('8aeb194a-0e48-4bf8-b6e6-bc6dbdc3342b', '2020-09-10 03:57:04', 'admin', 'admin', '2020-09-10 03:57:04', '48019dfd-ef49-4d34-8b47-67b0ab5406fd', NULL, 'ac3fb590-eb81-4aed-9128-50ea00c72427', 2),
	('8c228ea5-fb12-48be-9ec8-5f0d2ceddd07', '2020-09-09 10:33:11', 'admin', 'admin', '2020-09-09 10:33:11', 'b4475ca7-2f38-4b44-9690-d918adcc1c5e', NULL, '8a629547-05db-4c0b-855b-4ff793792d46', 4),
	('8c268e61-3bf5-45b1-b024-b7fff99c01eb', '2020-09-10 03:37:43', 'admin', 'admin', '2020-09-10 03:37:43', '5ccb998d-302c-4daa-b720-8a13145978cd', NULL, 'ce5b145a-0c50-4e9b-aceb-27f95182c1cd', 1),
	('93a4e510-c374-42d8-9ff3-b4ffd95d1dec', '2020-09-10 03:36:53', 'admin', 'admin', '2020-09-10 03:36:53', '9e896f3b-9b08-4bda-bd10-7d9b7c54d20c', NULL, 'a068ac5c-42cd-4bf9-9124-39bbff59fc72', 1),
	('93e5fa2a-a840-4507-a063-64f4433a0ea6', '2020-09-10 03:27:02', 'admin', 'admin', '2020-09-10 03:27:02', '0a63aecf-c800-4766-b47e-85f6613f2b84', NULL, 'd7542c58-8f14-4d12-8430-8eeba204f604', 3),
	('9a5158cd-173f-4c94-b835-74e2343c626e', '2020-09-10 03:33:20', 'admin', 'admin', '2020-09-10 03:33:20', '722e535d-b700-4d9f-b837-730ac5233df2', NULL, 'b53c251c-d565-4202-8ad5-f8376892e5e0', 1),
	('a25e3925-8373-4d26-9609-86fbdc0a2e33', '2020-09-10 04:01:24', 'admin', 'admin', '2020-09-10 04:01:24', '93e2c19c-675d-419e-af4a-46225edd9fc5', NULL, '8a730206-ba94-44b3-9b92-f76341ea7db1', 3),
	('a40c8acd-2324-4964-887b-7fe0cdde7499', '2020-09-10 03:28:09', 'admin', 'admin', '2020-09-10 03:28:09', 'ef432769-8280-4467-984d-019d3f55c804', NULL, '8a7c5395-7a4d-47c4-8a4f-a28eeefb4378', 2),
	('a50ca92e-7779-4a5a-a5f5-9d0ed72c6cde', '2020-09-10 04:02:00', 'admin', 'admin', '2020-09-10 04:02:00', 'ac90b9b4-b04d-402a-9fff-a819c796aa54', NULL, 'c54b7cc3-dbfe-47c3-a25a-af2484112f29', 3),
	('a8742726-eec1-4db4-b6b2-81b277439df7', '2020-09-10 03:27:02', 'admin', 'admin', '2020-09-10 03:27:02', '7a45e48d-0605-4de3-9b26-25f4e8063e2e', NULL, 'd7542c58-8f14-4d12-8430-8eeba204f604', 2),
	('b1692f0b-18a8-4298-9542-2475abc2a062', '2020-09-09 10:33:11', 'admin', 'admin', '2020-09-09 10:33:11', '047b0989-b311-4bd2-bd6c-cc6426c50a05', NULL, '8a629547-05db-4c0b-855b-4ff793792d46', 1),
	('b1caac57-c8b8-454b-935f-1e78f7d40909', '2020-09-10 02:41:53', 'admin', 'admin', '2020-09-10 02:41:53', '9edd9b9f-3026-44b7-9161-8276677e7a5e', NULL, '0617decc-00cf-4958-b008-116a08b34934', 1),
	('b2330129-c57c-4d6d-be42-cbbd9d8158b9', '2020-09-10 03:34:22', 'admin', 'admin', '2020-09-10 03:34:22', '09947387-c6fe-4b73-96a6-0ed47e55562b', NULL, '337a98d0-9b80-46cc-8a5c-fd66e301fc15', 1),
	('b4674fd0-ad4b-4aef-b9e9-ce7f8180019d', '2020-09-10 03:31:14', 'admin', 'admin', '2020-09-10 03:31:14', '607526e2-4f73-42f0-8f66-1b89137e8990', NULL, '327140ab-1eb3-423a-9f2a-58a77bb48dc9', 1),
	('bae23d2c-3a1b-40ac-88ae-3f47aaeb4187', '2020-09-10 03:29:15', 'admin', 'admin', '2020-09-10 03:29:15', '8ffacdfd-b380-4709-936b-68a46cfcc27c', NULL, 'df1ed71d-4abe-4542-b01a-9cae2a3049a3', 1),
	('befa2286-6965-4525-9bb0-6890633a0345', '2020-09-10 02:46:32', 'admin', 'admin', '2020-09-10 02:46:32', '89430fe1-372b-44f0-843d-6cb11120c6c2', NULL, '1f194d60-36c7-41ee-9f5e-7029b967b2a6', 1),
	('c7219022-55f3-4f22-af9a-1d3d3964472a', '2020-09-10 03:23:08', 'admin', 'admin', '2020-09-10 03:23:08', '30b205e2-f564-4c43-ba1d-993320783f4d', NULL, 'b2236dfc-8ae2-46f3-95b3-02add93199ad', 1),
	('ce8be626-aa91-404b-b07b-a565190459db', '2020-09-10 04:01:04', 'admin', 'admin', '2020-09-10 04:01:04', '99dd7574-8018-441d-977b-811014e65e94', NULL, '26031c57-efc7-4b95-94ef-5e0b9ebf46db', 2),
	('d0773ea0-0ad6-42b3-b74a-16347a6e9362', '2020-09-10 02:42:52', 'admin', 'admin', '2020-09-10 02:42:52', 'd43697ca-e159-41c1-81ed-7704d9c1ccc7', NULL, 'dab7f894-f63a-41f2-ae89-4d3cc5937c16', 1),
	('d2c7757b-a716-4c0f-8c62-f7f0b31f50bc', '2020-09-10 02:44:07', 'admin', 'admin', '2020-09-10 02:44:07', 'e299bfb1-6a00-46c6-9ee0-ffec255d1a2f', NULL, '75237a44-2fba-4a3f-a0d5-c641c73bb3a6', 1),
	('d65afe50-7865-41aa-b286-de31a73d41b6', '2020-09-10 04:01:04', 'admin', 'admin', '2020-09-10 04:01:04', '7a5a8bde-391a-40c9-a59d-001e7ba6b1fe', NULL, '26031c57-efc7-4b95-94ef-5e0b9ebf46db', 3),
	('d84d30e6-b392-4198-8d70-71baa9c11a0a', '2020-09-10 03:29:15', 'admin', 'admin', '2020-09-10 03:29:15', '4cfdfcde-85cc-4f23-ada4-c609a9079878', NULL, 'df1ed71d-4abe-4542-b01a-9cae2a3049a3', 2),
	('dd7f2616-fa04-45db-928f-103ccb659809', '2020-09-10 03:43:55', 'admin', 'admin', '2020-09-10 03:43:55', 'f803754f-322a-4bbe-bf9e-ecab8ee11c7f', NULL, 'b1ef3d6d-ee4b-41fe-befc-c2614872087d', 1),
	('e611b6c2-c5ec-4c4b-aae6-dc137ca4c43c', '2020-09-10 03:38:36', 'admin', 'admin', '2020-09-10 03:38:36', 'a6f85992-49b0-4f5b-aeae-9edd10e6cf39', NULL, '1deeb5c5-4b9c-481e-bdb7-f894e7ee5306', 1),
	('ed5ef295-ec22-4375-8dc6-8256a6664a32', '2020-09-09 10:31:35', 'admin', 'admin', '2020-09-09 10:31:35', '903243f5-919f-4a1f-9c72-3528bf23eec3', NULL, '14c16b5a-576c-4da2-88e5-96b4fe745a64', 1),
	('fc50734b-99f8-46fe-9d0c-a0b59ee32e1f', '2020-09-09 10:30:03', 'admin', 'admin', '2020-09-09 10:30:03', '37c5033d-31b6-4ae7-b50d-da14857be178', NULL, '523377f3-4cd0-4d37-ace9-ed03a05e2be3', 3);
/*!40000 ALTER TABLE `tbl_menu_item_role` ENABLE KEYS */;

-- Dumping structure for table eqa_blank.tbl_obs
CREATE TABLE IF NOT EXISTS `tbl_obs` (
  `id` varchar(255) NOT NULL,
  `create_date` datetime NOT NULL,
  `created_by` varchar(100) NOT NULL,
  `modified_by` varchar(100) DEFAULT NULL,
  `modify_date` datetime DEFAULT NULL,
  `uuid_key` varchar(255) DEFAULT NULL,
  `voided` bit(1) DEFAULT NULL,
  `comments` varchar(255) DEFAULT NULL,
  `obs_date` datetime DEFAULT NULL,
  `value_boolean` bit(1) DEFAULT NULL,
  `value_coded` tinyblob,
  `value_datetime` datetime DEFAULT NULL,
  `value_numeric` double DEFAULT NULL,
  `value_text` varchar(255) DEFAULT NULL,
  `concept_id` varchar(255) DEFAULT NULL,
  PRIMARY KEY (`id`),
  KEY `FKhqvpx7tv7dd25bjdgddpfjgo5` (`concept_id`),
  CONSTRAINT `FKhqvpx7tv7dd25bjdgddpfjgo5` FOREIGN KEY (`concept_id`) REFERENCES `tbl_concept` (`id`)
) ENGINE=InnoDB DEFAULT CHARSET=utf8;

-- Dumping data for table eqa_blank.tbl_obs: ~0 rows (approximately)
/*!40000 ALTER TABLE `tbl_obs` DISABLE KEYS */;
/*!40000 ALTER TABLE `tbl_obs` ENABLE KEYS */;

-- Dumping structure for table eqa_blank.tbl_organization
CREATE TABLE IF NOT EXISTS `tbl_organization` (
  `id` varchar(255) NOT NULL,
  `create_date` datetime NOT NULL,
  `created_by` varchar(100) NOT NULL,
  `modified_by` varchar(100) DEFAULT NULL,
  `modify_date` datetime DEFAULT NULL,
  `uuid_key` varchar(255) DEFAULT NULL,
  `voided` bit(1) DEFAULT NULL,
  `code` varchar(255) DEFAULT NULL,
  `level` int(11) DEFAULT NULL,
  `name` varchar(255) DEFAULT NULL,
  `organization_type` int(11) DEFAULT NULL,
  `website` varchar(255) DEFAULT NULL,
  `parent_id` varchar(255) DEFAULT NULL,
  PRIMARY KEY (`id`),
  KEY `FKri4t5f02y54qe6c33ciguigrj` (`parent_id`),
  CONSTRAINT `FKri4t5f02y54qe6c33ciguigrj` FOREIGN KEY (`parent_id`) REFERENCES `tbl_organization` (`id`)
) ENGINE=InnoDB DEFAULT CHARSET=utf8;

-- Dumping data for table eqa_blank.tbl_organization: ~0 rows (approximately)
/*!40000 ALTER TABLE `tbl_organization` DISABLE KEYS */;
/*!40000 ALTER TABLE `tbl_organization` ENABLE KEYS */;

-- Dumping structure for table eqa_blank.tbl_organization_user
CREATE TABLE IF NOT EXISTS `tbl_organization_user` (
  `id` varchar(255) NOT NULL,
  `create_date` datetime NOT NULL,
  `created_by` varchar(100) NOT NULL,
  `modified_by` varchar(100) DEFAULT NULL,
  `modify_date` datetime DEFAULT NULL,
  `uuid_key` varchar(255) DEFAULT NULL,
  `voided` bit(1) DEFAULT NULL,
  `is_admin_user` bit(1) DEFAULT NULL,
  `organization_id` varchar(255) DEFAULT NULL,
  `user_id` bigint(20) DEFAULT NULL,
  PRIMARY KEY (`id`),
  KEY `FK9jrl8v462j8ntb4gdt0t05yk2` (`organization_id`),
  KEY `FK2x2yv8v89mt216486sajk62x2` (`user_id`),
  CONSTRAINT `FK2x2yv8v89mt216486sajk62x2` FOREIGN KEY (`user_id`) REFERENCES `tbl_user` (`id`),
  CONSTRAINT `FK9jrl8v462j8ntb4gdt0t05yk2` FOREIGN KEY (`organization_id`) REFERENCES `tbl_organization` (`id`)
) ENGINE=InnoDB DEFAULT CHARSET=utf8;

-- Dumping data for table eqa_blank.tbl_organization_user: ~0 rows (approximately)
/*!40000 ALTER TABLE `tbl_organization_user` DISABLE KEYS */;
/*!40000 ALTER TABLE `tbl_organization_user` ENABLE KEYS */;

-- Dumping structure for table eqa_blank.tbl_person
CREATE TABLE IF NOT EXISTS `tbl_person` (
  `id` varchar(255) NOT NULL,
  `create_date` datetime NOT NULL,
  `created_by` varchar(100) NOT NULL,
  `modified_by` varchar(100) DEFAULT NULL,
  `modify_date` datetime DEFAULT NULL,
  `uuid_key` varchar(255) DEFAULT NULL,
  `voided` bit(1) DEFAULT NULL,
  `email` varchar(255) DEFAULT NULL,
  `birth_date` datetime DEFAULT NULL,
  `birth_place` varchar(255) DEFAULT NULL,
  `carrer` varchar(255) DEFAULT NULL,
  `communist_party_join_date` datetime DEFAULT NULL,
  `communist_youth_union_join_date` datetime DEFAULT NULL,
  `display_name` varchar(255) DEFAULT NULL,
  `end_date` datetime DEFAULT NULL,
  `first_name` varchar(255) DEFAULT NULL,
  `gender` varchar(255) DEFAULT NULL,
  `id_number` varchar(255) DEFAULT NULL,
  `id_number_issue_by` varchar(255) DEFAULT NULL,
  `id_number_issue_date` datetime DEFAULT NULL,
  `image_path` varchar(255) DEFAULT NULL,
  `is_dead` bit(1) DEFAULT NULL,
  `last_name` varchar(255) DEFAULT NULL,
  `marital_status` int(11) DEFAULT NULL,
  `phone_number` varchar(255) DEFAULT NULL,
  `photo_cropped` bit(1) DEFAULT NULL,
  `short_name` varchar(255) DEFAULT NULL,
  `start_date` datetime DEFAULT NULL,
  `ethnics_id` varchar(255) DEFAULT NULL,
  `family_social_class_id` varchar(255) DEFAULT NULL,
  `family_social_priority_id` varchar(255) DEFAULT NULL,
  `country_id` varchar(255) DEFAULT NULL,
  `native_village` varchar(255) DEFAULT NULL,
  `personal_social_priority_id` varchar(255) DEFAULT NULL,
  `religion_id` varchar(255) DEFAULT NULL,
  `user_id` bigint(20) DEFAULT NULL,
  PRIMARY KEY (`id`),
  KEY `FK8oskiw59dqk1yt56pp3sc8gt3` (`ethnics_id`),
  KEY `FKnpblx23he5tfl4hvkng2q0lsr` (`family_social_class_id`),
  KEY `FKdqdcn29bbpjdvkfjvssgcjyoe` (`family_social_priority_id`),
  KEY `FKgb44vduwc96najnblxq4mjojl` (`country_id`),
  KEY `FKtoo0l45x1vrurpl9ube63u1sf` (`native_village`),
  KEY `FKd89gdgrs2yyl4awb03246gr9h` (`personal_social_priority_id`),
  KEY `FKme9cds1pl7vk22o80ioecueh` (`religion_id`),
  KEY `FKhamn12usdwx91cm23qfv7psns` (`user_id`),
  CONSTRAINT `FK8oskiw59dqk1yt56pp3sc8gt3` FOREIGN KEY (`ethnics_id`) REFERENCES `tbl_ethnics` (`id`),
  CONSTRAINT `FKd89gdgrs2yyl4awb03246gr9h` FOREIGN KEY (`personal_social_priority_id`) REFERENCES `tbl_social_priority` (`id`),
  CONSTRAINT `FKdqdcn29bbpjdvkfjvssgcjyoe` FOREIGN KEY (`family_social_priority_id`) REFERENCES `tbl_social_priority` (`id`),
  CONSTRAINT `FKgb44vduwc96najnblxq4mjojl` FOREIGN KEY (`country_id`) REFERENCES `tbl_country` (`id`),
  CONSTRAINT `FKhamn12usdwx91cm23qfv7psns` FOREIGN KEY (`user_id`) REFERENCES `tbl_user` (`id`),
  CONSTRAINT `FKme9cds1pl7vk22o80ioecueh` FOREIGN KEY (`religion_id`) REFERENCES `tbl_religion` (`id`),
  CONSTRAINT `FKnpblx23he5tfl4hvkng2q0lsr` FOREIGN KEY (`family_social_class_id`) REFERENCES `tbl_social_class` (`id`),
  CONSTRAINT `FKtoo0l45x1vrurpl9ube63u1sf` FOREIGN KEY (`native_village`) REFERENCES `tbl_administrative_unit` (`id`)
) ENGINE=InnoDB DEFAULT CHARSET=utf8;

-- Dumping data for table eqa_blank.tbl_person: ~1 rows (approximately)
/*!40000 ALTER TABLE `tbl_person` DISABLE KEYS */;
INSERT INTO `tbl_person` (`id`, `create_date`, `created_by`, `modified_by`, `modify_date`, `uuid_key`, `voided`, `email`, `birth_date`, `birth_place`, `carrer`, `communist_party_join_date`, `communist_youth_union_join_date`, `display_name`, `end_date`, `first_name`, `gender`, `id_number`, `id_number_issue_by`, `id_number_issue_date`, `image_path`, `is_dead`, `last_name`, `marital_status`, `phone_number`, `photo_cropped`, `short_name`, `start_date`, `ethnics_id`, `family_social_class_id`, `family_social_priority_id`, `country_id`, `native_village`, `personal_social_priority_id`, `religion_id`, `user_id`) VALUES
	('e7de68f5-4fb0-4dc5-b6b4-f21fb870b0ae', '2020-09-15 04:34:54', 'admin', NULL, '2020-09-15 04:34:54', '8201faae-77b9-4b3e-996c-a31841798616', NULL, NULL, NULL, NULL, NULL, NULL, NULL, 'Admin User', NULL, 'Admin', 'M', NULL, NULL, NULL, NULL, NULL, 'User', NULL, NULL, NULL, NULL, NULL, NULL, NULL, NULL, NULL, NULL, NULL, NULL, 2);
/*!40000 ALTER TABLE `tbl_person` ENABLE KEYS */;

-- Dumping structure for table eqa_blank.tbl_person_address
CREATE TABLE IF NOT EXISTS `tbl_person_address` (
  `id` varchar(255) NOT NULL,
  `create_date` datetime NOT NULL,
  `created_by` varchar(100) NOT NULL,
  `modified_by` varchar(100) DEFAULT NULL,
  `modify_date` datetime DEFAULT NULL,
  `uuid_key` varchar(255) DEFAULT NULL,
  `voided` bit(1) DEFAULT NULL,
  `address` varchar(255) DEFAULT NULL,
  `address1` varchar(255) DEFAULT NULL,
  `city` varchar(255) DEFAULT NULL,
  `country` varchar(255) DEFAULT NULL,
  `latitude` varchar(255) DEFAULT NULL,
  `longitude` varchar(255) DEFAULT NULL,
  `postal_code` varchar(255) DEFAULT NULL,
  `province` varchar(255) DEFAULT NULL,
  `type` int(11) DEFAULT NULL,
  `person_id` varchar(255) DEFAULT NULL,
  PRIMARY KEY (`id`),
  KEY `FKlaf7qanusfcaoghct8ardcy3i` (`person_id`),
  CONSTRAINT `FKlaf7qanusfcaoghct8ardcy3i` FOREIGN KEY (`person_id`) REFERENCES `tbl_person` (`id`)
) ENGINE=InnoDB DEFAULT CHARSET=utf8;

-- Dumping data for table eqa_blank.tbl_person_address: ~0 rows (approximately)
/*!40000 ALTER TABLE `tbl_person_address` DISABLE KEYS */;
/*!40000 ALTER TABLE `tbl_person_address` ENABLE KEYS */;

-- Dumping structure for table eqa_blank.tbl_profession
CREATE TABLE IF NOT EXISTS `tbl_profession` (
  `id` varchar(255) NOT NULL,
  `create_date` datetime NOT NULL,
  `created_by` varchar(100) NOT NULL,
  `modified_by` varchar(100) DEFAULT NULL,
  `modify_date` datetime DEFAULT NULL,
  `uuid_key` varchar(255) DEFAULT NULL,
  `voided` bit(1) DEFAULT NULL,
  `code` varchar(255) DEFAULT NULL,
  `description` varchar(255) DEFAULT NULL,
  `name` varchar(255) DEFAULT NULL,
  PRIMARY KEY (`id`)
) ENGINE=InnoDB DEFAULT CHARSET=utf8;

-- Dumping data for table eqa_blank.tbl_profession: ~0 rows (approximately)
/*!40000 ALTER TABLE `tbl_profession` DISABLE KEYS */;
/*!40000 ALTER TABLE `tbl_profession` ENABLE KEYS */;

-- Dumping structure for table eqa_blank.tbl_religion
CREATE TABLE IF NOT EXISTS `tbl_religion` (
  `id` varchar(255) NOT NULL,
  `create_date` datetime NOT NULL,
  `created_by` varchar(100) NOT NULL,
  `modified_by` varchar(100) DEFAULT NULL,
  `modify_date` datetime DEFAULT NULL,
  `uuid_key` varchar(255) DEFAULT NULL,
  `voided` bit(1) DEFAULT NULL,
  `code` varchar(255) DEFAULT NULL,
  `description` varchar(255) DEFAULT NULL,
  `name` varchar(255) DEFAULT NULL,
  PRIMARY KEY (`id`)
) ENGINE=InnoDB DEFAULT CHARSET=utf8;

-- Dumping data for table eqa_blank.tbl_religion: ~0 rows (approximately)
/*!40000 ALTER TABLE `tbl_religion` DISABLE KEYS */;
/*!40000 ALTER TABLE `tbl_religion` ENABLE KEYS */;

-- Dumping structure for table eqa_blank.tbl_reward
CREATE TABLE IF NOT EXISTS `tbl_reward` (
  `id` varchar(255) NOT NULL,
  `create_date` datetime NOT NULL,
  `created_by` varchar(100) NOT NULL,
  `modified_by` varchar(100) DEFAULT NULL,
  `modify_date` datetime DEFAULT NULL,
  `uuid_key` varchar(255) DEFAULT NULL,
  `voided` bit(1) DEFAULT NULL,
  `code` varchar(255) DEFAULT NULL,
  `description` varchar(255) DEFAULT NULL,
  `name` varchar(255) DEFAULT NULL,
  PRIMARY KEY (`id`)
) ENGINE=InnoDB DEFAULT CHARSET=utf8;

-- Dumping data for table eqa_blank.tbl_reward: ~0 rows (approximately)
/*!40000 ALTER TABLE `tbl_reward` DISABLE KEYS */;
/*!40000 ALTER TABLE `tbl_reward` ENABLE KEYS */;

-- Dumping structure for table eqa_blank.tbl_role
CREATE TABLE IF NOT EXISTS `tbl_role` (
  `id` bigint(20) NOT NULL AUTO_INCREMENT,
  `create_date` datetime NOT NULL,
  `created_by` varchar(100) NOT NULL,
  `modified_by` varchar(100) DEFAULT NULL,
  `modify_date` datetime DEFAULT NULL,
  `role_description` varchar(512) DEFAULT NULL,
  `role_name` varchar(150) NOT NULL,
  PRIMARY KEY (`id`)
) ENGINE=InnoDB AUTO_INCREMENT=5 DEFAULT CHARSET=utf8;

-- Dumping data for table eqa_blank.tbl_role: ~4 rows (approximately)
/*!40000 ALTER TABLE `tbl_role` DISABLE KEYS */;
INSERT INTO `tbl_role` (`id`, `create_date`, `created_by`, `modified_by`, `modify_date`, `role_description`, `role_name`) VALUES
	(1, '2020-09-15 03:36:38', 'admin', NULL, '2020-09-15 03:36:38', NULL, 'ROLE_SUPER_ADMIN'),
	(2, '2020-09-15 03:36:38', 'admin', NULL, '2020-09-15 03:36:38', NULL, 'ROLE_ADMIN'),
	(3, '2020-09-15 03:36:38', 'admin', NULL, '2020-09-15 03:36:38', NULL, 'ROLE_USER'),
	(4, '2020-09-15 03:36:38', 'admin', NULL, '2020-09-15 03:36:38', NULL, 'ROLE_HEALTH_ORG');
/*!40000 ALTER TABLE `tbl_role` ENABLE KEYS */;

-- Dumping structure for table eqa_blank.tbl_room
CREATE TABLE IF NOT EXISTS `tbl_room` (
  `id` varchar(255) NOT NULL,
  `create_date` datetime NOT NULL,
  `created_by` varchar(100) NOT NULL,
  `modified_by` varchar(100) DEFAULT NULL,
  `modify_date` datetime DEFAULT NULL,
  `uuid_key` varchar(255) DEFAULT NULL,
  `voided` bit(1) DEFAULT NULL,
  `capacity` int(11) DEFAULT NULL,
  `code` varchar(255) DEFAULT NULL,
  `exam_capacity` int(11) DEFAULT NULL,
  `name` varchar(255) DEFAULT NULL,
  `building_id` varchar(255) DEFAULT NULL,
  PRIMARY KEY (`id`),
  KEY `FK9av3gw7gecs4jdb2i7k0one2r` (`building_id`),
  CONSTRAINT `FK9av3gw7gecs4jdb2i7k0one2r` FOREIGN KEY (`building_id`) REFERENCES `tbl_building` (`id`)
) ENGINE=InnoDB DEFAULT CHARSET=utf8;

-- Dumping data for table eqa_blank.tbl_room: ~0 rows (approximately)
/*!40000 ALTER TABLE `tbl_room` DISABLE KEYS */;
/*!40000 ALTER TABLE `tbl_room` ENABLE KEYS */;

-- Dumping structure for table eqa_blank.tbl_social_class
CREATE TABLE IF NOT EXISTS `tbl_social_class` (
  `id` varchar(255) NOT NULL,
  `create_date` datetime NOT NULL,
  `created_by` varchar(100) NOT NULL,
  `modified_by` varchar(100) DEFAULT NULL,
  `modify_date` datetime DEFAULT NULL,
  `uuid_key` varchar(255) DEFAULT NULL,
  `voided` bit(1) DEFAULT NULL,
  `code` varchar(255) DEFAULT NULL,
  `name` varchar(255) DEFAULT NULL,
  PRIMARY KEY (`id`)
) ENGINE=InnoDB DEFAULT CHARSET=utf8;

-- Dumping data for table eqa_blank.tbl_social_class: ~0 rows (approximately)
/*!40000 ALTER TABLE `tbl_social_class` DISABLE KEYS */;
/*!40000 ALTER TABLE `tbl_social_class` ENABLE KEYS */;

-- Dumping structure for table eqa_blank.tbl_social_priority
CREATE TABLE IF NOT EXISTS `tbl_social_priority` (
  `id` varchar(255) NOT NULL,
  `create_date` datetime NOT NULL,
  `created_by` varchar(100) NOT NULL,
  `modified_by` varchar(100) DEFAULT NULL,
  `modify_date` datetime DEFAULT NULL,
  `uuid_key` varchar(255) DEFAULT NULL,
  `voided` bit(1) DEFAULT NULL,
  `code` varchar(255) DEFAULT NULL,
  `name` varchar(255) DEFAULT NULL,
  PRIMARY KEY (`id`)
) ENGINE=InnoDB DEFAULT CHARSET=utf8;

-- Dumping data for table eqa_blank.tbl_social_priority: ~0 rows (approximately)
/*!40000 ALTER TABLE `tbl_social_priority` DISABLE KEYS */;
/*!40000 ALTER TABLE `tbl_social_priority` ENABLE KEYS */;

-- Dumping structure for table eqa_blank.tbl_status
CREATE TABLE IF NOT EXISTS `tbl_status` (
  `id` varchar(255) NOT NULL,
  `create_date` datetime NOT NULL,
  `created_by` varchar(100) NOT NULL,
  `modified_by` varchar(100) DEFAULT NULL,
  `modify_date` datetime DEFAULT NULL,
  `uuid_key` varchar(255) DEFAULT NULL,
  `voided` bit(1) DEFAULT NULL,
  `code` varchar(255) DEFAULT NULL,
  `name` varchar(255) DEFAULT NULL,
  PRIMARY KEY (`id`)
) ENGINE=InnoDB DEFAULT CHARSET=utf8;

-- Dumping data for table eqa_blank.tbl_status: ~0 rows (approximately)
/*!40000 ALTER TABLE `tbl_status` DISABLE KEYS */;
/*!40000 ALTER TABLE `tbl_status` ENABLE KEYS */;

-- Dumping structure for table eqa_blank.tbl_training_base
CREATE TABLE IF NOT EXISTS `tbl_training_base` (
  `id` varchar(255) NOT NULL,
  `create_date` datetime NOT NULL,
  `created_by` varchar(100) NOT NULL,
  `modified_by` varchar(100) DEFAULT NULL,
  `modify_date` datetime DEFAULT NULL,
  `uuid_key` varchar(255) DEFAULT NULL,
  `voided` bit(1) DEFAULT NULL,
  `address` varchar(255) DEFAULT NULL,
  `code` varchar(255) DEFAULT NULL,
  `description` varchar(255) DEFAULT NULL,
  `name` varchar(255) DEFAULT NULL,
  `testDate` datetime DEFAULT NULL,
  PRIMARY KEY (`id`)
) ENGINE=InnoDB DEFAULT CHARSET=utf8;

-- Dumping data for table eqa_blank.tbl_training_base: ~0 rows (approximately)
/*!40000 ALTER TABLE `tbl_training_base` DISABLE KEYS */;
/*!40000 ALTER TABLE `tbl_training_base` ENABLE KEYS */;

-- Dumping structure for table eqa_blank.tbl_user
CREATE TABLE IF NOT EXISTS `tbl_user` (
  `id` bigint(20) NOT NULL AUTO_INCREMENT,
  `create_date` datetime NOT NULL,
  `created_by` varchar(100) NOT NULL,
  `modified_by` varchar(100) DEFAULT NULL,
  `modify_date` datetime DEFAULT NULL,
  `account_non_expired` bit(1) DEFAULT NULL,
  `account_non_locked` bit(1) DEFAULT NULL,
  `active` bit(1) NOT NULL,
  `credentials_non_expired` bit(1) DEFAULT NULL,
  `email` varchar(150) DEFAULT NULL,
  `just_created` bit(1) NOT NULL,
  `last_login_failures` bigint(20) DEFAULT NULL,
  `last_login_time` datetime DEFAULT NULL,
  `password` varchar(255) NOT NULL,
  `total_login_failures` bigint(20) DEFAULT NULL,
  `username` varchar(100) NOT NULL,
  PRIMARY KEY (`id`),
  UNIQUE KEY `UK_k0bty7tbcye41jpxam88q5kj2` (`username`)
) ENGINE=InnoDB AUTO_INCREMENT=3 DEFAULT CHARSET=utf8;

-- Dumping data for table eqa_blank.tbl_user: ~1 rows (approximately)
/*!40000 ALTER TABLE `tbl_user` DISABLE KEYS */;
INSERT INTO `tbl_user` (`id`, `create_date`, `created_by`, `modified_by`, `modify_date`, `account_non_expired`, `account_non_locked`, `active`, `credentials_non_expired`, `email`, `just_created`, `last_login_failures`, `last_login_time`, `password`, `total_login_failures`, `username`) VALUES
	(2, '2020-09-15 04:34:54', 'admin', NULL, '2020-09-15 04:34:54', b'1', b'1', b'1', b'1', 'admin@globits.net', b'1', NULL, NULL, '$2a$10$rSb2SVKPmzmBazF1HRPKfu4.U37eWEbOJZGy66dSW6xANUjd9ZIGy', NULL, 'admin');
/*!40000 ALTER TABLE `tbl_user` ENABLE KEYS */;

-- Dumping structure for table eqa_blank.tbl_user_group
CREATE TABLE IF NOT EXISTS `tbl_user_group` (
  `id` bigint(20) NOT NULL AUTO_INCREMENT,
  `create_date` datetime NOT NULL,
  `created_by` varchar(100) NOT NULL,
  `modified_by` varchar(100) DEFAULT NULL,
  `modify_date` datetime DEFAULT NULL,
  `description` varchar(1000) DEFAULT NULL,
  `name` varchar(100) NOT NULL,
  PRIMARY KEY (`id`)
) ENGINE=InnoDB DEFAULT CHARSET=utf8;

-- Dumping data for table eqa_blank.tbl_user_group: ~0 rows (approximately)
/*!40000 ALTER TABLE `tbl_user_group` DISABLE KEYS */;
/*!40000 ALTER TABLE `tbl_user_group` ENABLE KEYS */;

-- Dumping structure for table eqa_blank.tbl_user_in_health_org
CREATE TABLE IF NOT EXISTS `tbl_user_in_health_org` (
  `id` varchar(255) NOT NULL,
  `create_date` datetime NOT NULL,
  `created_by` varchar(100) NOT NULL,
  `modified_by` varchar(100) DEFAULT NULL,
  `modify_date` datetime DEFAULT NULL,
  `uuid_key` varchar(255) DEFAULT NULL,
  `voided` bit(1) DEFAULT NULL,
  `health_org_id` varchar(255) DEFAULT NULL,
  `user_id` bigint(20) DEFAULT NULL,
  PRIMARY KEY (`id`),
  KEY `FKaksa9tehwoscvni1rasxw947c` (`health_org_id`),
  KEY `FKacsf423iwpb9t4pg3uvky6gsa` (`user_id`),
  CONSTRAINT `FKacsf423iwpb9t4pg3uvky6gsa` FOREIGN KEY (`user_id`) REFERENCES `tbl_user` (`id`),
  CONSTRAINT `FKaksa9tehwoscvni1rasxw947c` FOREIGN KEY (`health_org_id`) REFERENCES `tbl_eqa_health_org` (`id`)
) ENGINE=InnoDB DEFAULT CHARSET=utf8;

-- Dumping data for table eqa_blank.tbl_user_in_health_org: ~0 rows (approximately)
/*!40000 ALTER TABLE `tbl_user_in_health_org` DISABLE KEYS */;
/*!40000 ALTER TABLE `tbl_user_in_health_org` ENABLE KEYS */;

-- Dumping structure for table eqa_blank.tbl_user_role
CREATE TABLE IF NOT EXISTS `tbl_user_role` (
  `user_id` bigint(20) NOT NULL,
  `role_id` bigint(20) NOT NULL,
  PRIMARY KEY (`user_id`,`role_id`),
  KEY `FK6phlytlf1w3h9vutsu019xor5` (`role_id`),
  CONSTRAINT `FK6phlytlf1w3h9vutsu019xor5` FOREIGN KEY (`role_id`) REFERENCES `tbl_role` (`id`),
  CONSTRAINT `FKggc6wjqokl2vlw89y22a1j2oh` FOREIGN KEY (`user_id`) REFERENCES `tbl_user` (`id`)
) ENGINE=InnoDB DEFAULT CHARSET=utf8;

-- Dumping data for table eqa_blank.tbl_user_role: ~2 rows (approximately)
/*!40000 ALTER TABLE `tbl_user_role` DISABLE KEYS */;
INSERT INTO `tbl_user_role` (`user_id`, `role_id`) VALUES
	(2, 1),
	(2, 2);
/*!40000 ALTER TABLE `tbl_user_role` ENABLE KEYS */;

-- Dumping structure for table eqa_blank.tbl_user_trainning_base
CREATE TABLE IF NOT EXISTS `tbl_user_trainning_base` (
  `id` varchar(255) NOT NULL,
  `create_date` datetime NOT NULL,
  `created_by` varchar(100) NOT NULL,
  `modified_by` varchar(100) DEFAULT NULL,
  `modify_date` datetime DEFAULT NULL,
  `uuid_key` varchar(255) DEFAULT NULL,
  `voided` bit(1) DEFAULT NULL,
  `from_date` datetime DEFAULT NULL,
  `to_date` datetime DEFAULT NULL,
  `training_base_id` varchar(255) DEFAULT NULL,
  `user_id` bigint(20) DEFAULT NULL,
  PRIMARY KEY (`id`),
  KEY `FK95lxeuf149ya6x06u46uc8h4g` (`training_base_id`),
  KEY `FKjkkdf7cuva3s5l91x2h16iy70` (`user_id`),
  CONSTRAINT `FK95lxeuf149ya6x06u46uc8h4g` FOREIGN KEY (`training_base_id`) REFERENCES `tbl_training_base` (`id`),
  CONSTRAINT `FKjkkdf7cuva3s5l91x2h16iy70` FOREIGN KEY (`user_id`) REFERENCES `tbl_user` (`id`)
) ENGINE=InnoDB DEFAULT CHARSET=utf8;

-- Dumping data for table eqa_blank.tbl_user_trainning_base: ~0 rows (approximately)
/*!40000 ALTER TABLE `tbl_user_trainning_base` DISABLE KEYS */;
/*!40000 ALTER TABLE `tbl_user_trainning_base` ENABLE KEYS */;

-- Dumping structure for table eqa_blank.tbl_user_usergroup
CREATE TABLE IF NOT EXISTS `tbl_user_usergroup` (
  `user_id` bigint(20) NOT NULL,
  `group_id` bigint(20) NOT NULL,
  PRIMARY KEY (`user_id`,`group_id`),
  KEY `FKrks54p81jnell5nyq6g6yvl1m` (`group_id`),
  CONSTRAINT `FKnhv0wki5gxq0qarxkmord64r4` FOREIGN KEY (`user_id`) REFERENCES `tbl_user` (`id`),
  CONSTRAINT `FKrks54p81jnell5nyq6g6yvl1m` FOREIGN KEY (`group_id`) REFERENCES `tbl_user_group` (`id`)
) ENGINE=InnoDB DEFAULT CHARSET=utf8;

-- Dumping data for table eqa_blank.tbl_user_usergroup: ~0 rows (approximately)
/*!40000 ALTER TABLE `tbl_user_usergroup` DISABLE KEYS */;
/*!40000 ALTER TABLE `tbl_user_usergroup` ENABLE KEYS */;

/*!40101 SET SQL_MODE=IFNULL(@OLD_SQL_MODE, '') */;
/*!40014 SET FOREIGN_KEY_CHECKS=IF(@OLD_FOREIGN_KEY_CHECKS IS NULL, 1, @OLD_FOREIGN_KEY_CHECKS) */;
/*!40101 SET CHARACTER_SET_CLIENT=@OLD_CHARACTER_SET_CLIENT */;
